pt,channel,roi_group,state,n_clips,slow,delta,theta,spindle,beta,gamma
sub-RID0020,AST01-AST02,entorhinal,W,7,0.3132816648873618,0.29148310054076976,0.36863336850986234,0.09217207483860092,0.09174146891027855,0.02670587778091273
sub-RID0020,AST02-AST03,temporal_neocortex,W,7,0.3886157455945632,0.36712408670815017,0.3953507557144261,0.05510988170554217,0.04226694517316939,0.010942244845125003
sub-RID0020,AST03-AST04,temporal_neocortex,W,7,0.36674035319968556,0.3466363337474581,0.4113298556048462,0.055773254309498733,0.03875111380147478,0.010795913816625088
sub-RID0020,LA01-LA02,hippocampal,W,7,0.4655062209990976,0.42791086622195856,0.23437079555302695,0.0642247960003718,0.10297656079806754,0.06505947116036402
sub-RID0020,LA02-LA03,hippocampal,W,7,0.5557734734205434,0.5038088841034669,0.2587963387587364,0.038103292879662576,0.04489245564409357,0.03009134560691513
sub-RID0020,LG57-LG58,temporal_neocortex,W,7,0.4699574509394638,0.4421022543799534,0.33358814133187675,0.04405280214457411,0.03269053675783495,0.009554199560491968
sub-RID0020,LG61-LG62,temporal_neocortex,W,7,0.3389598122397587,0.297995046735927,0.3214802630356943,0.08184003388377038,0.08221588548441394,0.028892907286501124
sub-RID0020,LG62-LG63,temporal_neocortex,W,7,0.3336618506096987,0.2940494512848985,0.3958715349736404,0.06963846045226235,0.05113618448402439,0.01588469012602916
sub-RID0020,MST01-MST02,temporal_neocortex,W,7,0.5649761608661754,0.5291744115059798,0.2877594924712747,0.03198190593814511,0.022087076841587176,0.0074730017230098195
sub-RID0020,MST02-MST03,temporal_neocortex,W,7,0.6469977647342411,0.6061278213308625,0.24193652935238205,0.021754791194024476,0.013551097953145168,0.004470871046257943
sub-RID0020,MST03-MST04,temporal_neocortex,W,7,0.6063785414751667,0.5586317185262203,0.2557706554890155,0.03435929398975328,0.02125326071203823,0.007002207771926559
sub-RID0020,PST03-PST04,temporal_neocortex,W,7,0.5516944640802163,0.5210042926832541,0.2918094541508108,0.03527467050711431,0.02392869369340397,0.007223816408852962
sub-RID0020,AST01-AST02,entorhinal,N2,8,0.3016995623019814,0.28347615322564584,0.4701421225925301,0.0507991016282551,0.03375835004345321,0.010462786234444958
sub-RID0020,AST02-AST03,temporal_neocortex,N2,8,0.46168102358342145,0.44241532065193057,0.36505616895174436,0.041639016252297364,0.022318005018830595,0.005104502006040342
sub-RID0020,AST03-AST04,temporal_neocortex,N2,8,0.5043097110557602,0.4836963293010296,0.30483012101094936,0.04704040304182781,0.027132367447735575,0.006916106031625319
sub-RID0020,LA01-LA02,hippocampal,N2,8,0.4710280195822043,0.441475056273944,0.2903272935243849,0.05684674334458582,0.0602200103294645,0.03446097647736927
sub-RID0020,LA02-LA03,hippocampal,N2,8,0.5289196808182747,0.5004284364906331,0.33353223838517393,0.028401574237383632,0.023305952176983828,0.014721682876601307
sub-RID0020,LG57-LG58,temporal_neocortex,N2,8,0.6652974249815464,0.6366255283951302,0.2400156552591818,0.021310164937040424,0.012735006674701146,0.003152376140838318
sub-RID0020,LG61-LG62,temporal_neocortex,N2,8,0.42480747833918553,0.39880752301422706,0.30066694146164613,0.07487788450563919,0.05353988087196808,0.015209827233788841
sub-RID0020,LG62-LG63,temporal_neocortex,N2,8,0.46823293247739217,0.4247005135345085,0.3512172086239814,0.0508878475170122,0.02484284979788329,0.004703323543190613
sub-RID0020,MST01-MST02,temporal_neocortex,N2,8,0.5515906895390633,0.5206735487377938,0.324264710056741,0.03144083655105871,0.015404244367504538,0.004006973084351101
sub-RID0020,MST02-MST03,temporal_neocortex,N2,8,0.5878115800652193,0.5495120877310237,0.29837153084339185,0.02532032565722222,0.012677070979627978,0.0031736107596165384
sub-RID0020,MST03-MST04,temporal_neocortex,N2,8,0.6376960922636196,0.5997100573280572,0.2447080000076241,0.028289288675284636,0.01372196417552161,0.0040410759734717154
sub-RID0020,PST03-PST04,temporal_neocortex,N2,8,0.5916074726918037,0.5487850551630487,0.26174798840715363,0.035245547954413564,0.021094112085594342,0.005441821248855881
sub-RID0020,AST01-AST02,entorhinal,N3,8,0.3521524352334774,0.3315850173076814,0.40639766502842145,0.05294844521883443,0.03242416967718413,0.010311631172071203
sub-RID0020,AST02-AST03,temporal_neocortex,N3,8,0.4928942622305662,0.4636208592814375,0.3447542198689888,0.034720829287954405,0.02238936584474814,0.005623124445504632
sub-RID0020,AST03-AST04,temporal_neocortex,N3,8,0.5272627593387125,0.4905990998587181,0.3008967233190753,0.04045084665826489,0.026456421578319386,0.007197003324338724
sub-RID0020,LA01-LA02,hippocampal,N3,8,0.48002206812428283,0.4522141165455893,0.26936639389458505,0.06253594734429604,0.06826310424860274,0.03169574976199274
sub-RID0020,LA02-LA03,hippocampal,N3,8,0.5605853276803465,0.5315530865819925,0.30744310858086776,0.02857520023399266,0.0202739677794058,0.013113429218970105
sub-RID0020,LG57-LG58,temporal_neocortex,N3,8,0.6777151807884159,0.6527494020760056,0.22841159044853393,0.01871080762279037,0.012047152989179338,0.0033192471153670505
sub-RID0020,LG61-LG62,temporal_neocortex,N3,8,0.43002745712493773,0.39364377138385165,0.3142629007929547,0.06402734135037738,0.04837105743804926,0.014963162725001944
sub-RID0020,LG62-LG63,temporal_neocortex,N3,8,0.5219143550905883,0.4698271206665995,0.3167759280552702,0.041045784700212674,0.022955342833378568,0.0052174841074752055
sub-RID0020,MST01-MST02,temporal_neocortex,N3,8,0.6332208817780522,0.5958064654513171,0.25505819101793,0.021607475245498026,0.013266320981760598,0.0040595320408951295
sub-RID0020,MST02-MST03,temporal_neocortex,N3,8,0.658877466042466,0.6164875787320471,0.23722375240820942,0.020653783822391535,0.01203085378781659,0.0036141536845476726
sub-RID0020,MST03-MST04,temporal_neocortex,N3,8,0.6729441161653076,0.6364877264694749,0.22066347035273653,0.022899924255101747,0.012572627463897914,0.003932138536068209
sub-RID0020,PST03-PST04,temporal_neocortex,N3,8,0.6402235989302649,0.5867137334771014,0.23387585549720424,0.02845889557554372,0.01718326124941717,0.005037558864531037
sub-RID0020,AST01-AST02,entorhinal,R,1,0.3412385646084842,0.3219709360375047,0.37208066541668344,0.055133130387320435,0.04732484764230697,0.014828597332369464
sub-RID0020,AST02-AST03,temporal_neocortex,R,1,0.48119708972259456,0.4581173275716105,0.3284161292064577,0.045171544676582576,0.036833713411188504,0.011924094057691704
sub-RID0020,AST03-AST04,temporal_neocortex,R,1,0.509011270610278,0.4817469093681732,0.30142921314000237,0.04491433683159976,0.0376055784545636,0.01239730544704481
sub-RID0020,LA01-LA02,hippocampal,R,1,0.5401636257521601,0.4995471758801867,0.24678083820802812,0.05173603701921725,0.05797769339294101,0.03546093705193332
sub-RID0020,LA02-LA03,hippocampal,R,1,0.5407079771059745,0.48809584645628984,0.30390034478057737,0.032130201236496764,0.025641969393026685,0.014687009220887708
sub-RID0020,LG57-LG58,temporal_neocortex,R,1,0.6432494428388792,0.6254737773218394,0.2564540311885326,0.01624878892557348,0.010028864170132422,0.0027638202400846893
sub-RID0020,LG61-LG62,temporal_neocortex,R,1,0.47878908316019586,0.45063063602132164,0.28571253819314657,0.048887608232792305,0.04388207726805118,0.012772840245367486
sub-RID0020,LG62-LG63,temporal_neocortex,R,1,0.49122845192160575,0.4515756946692518,0.3614616754362443,0.04054397838717605,0.023303115996399476,0.005103361113702635
sub-RID0020,MST01-MST02,temporal_neocortex,R,1,0.5718089618779894,0.5226159500354909,0.28421234815308305,0.02893062055357923,0.021314908872330823,0.00702225826572394
sub-RID0020,MST02-MST03,temporal_neocortex,R,1,0.6987508326785642,0.6386279978344628,0.19264097390164692,0.021203550268347488,0.013117904878284743,0.004201627142776557
sub-RID0020,MST03-MST04,temporal_neocortex,R,1,0.7055467350367698,0.6441214063130261,0.191013758028973,0.02383282326142579,0.012974236998276925,0.004648460317755312
sub-RID0020,PST03-PST04,temporal_neocortex,R,1,0.6297013166925356,0.589481264093128,0.22351532473068256,0.026084213298990407,0.023202892327375317,0.007331200652181941
sub-RID0021,LAD01-LAD02,hippocampal,W,8,0.7713299575767171,0.5304322307188023,0.10339635210222092,0.030527158359588323,0.024071389296395705,0.011357846634967155
sub-RID0021,LAD02-LAD03,hippocampal,W,8,0.7012649903854149,0.4489146954760431,0.11109665251441626,0.04717023969729577,0.04262949892577539,0.01438013022572697
sub-RID0021,LAD03-LAD04,hippocampal,W,8,0.8282213001028451,0.46171899403697275,0.0733536858742478,0.024840729833665805,0.016987702586893,0.005688356555136461
sub-RID0021,LAST01-LAST02,temporal_neocortex,W,8,0.7840409563569596,0.45767971876222374,0.09379348619089206,0.02281687384454445,0.04662128877341405,0.014681739192187043
sub-RID0021,LAST02-LAST03,temporal_neocortex,W,8,0.8062827144392088,0.4218667022732658,0.09723995284358158,0.019207230913468765,0.031314373037566276,0.01011918237344119
sub-RID0021,LAST03-LAST04,temporal_neocortex,W,8,0.8392947712878112,0.4267083611936301,0.08264838391892912,0.015453904636165356,0.02279009082442474,0.008081073029680705
sub-RID0021,LAST04-LAST05,temporal_neocortex,W,8,0.7358743001231268,0.4054746469215574,0.12771320387417484,0.028272685462351326,0.03326271735012502,0.01036872703097996
sub-RID0021,LAST05-LAST06,temporal_neocortex,W,8,0.6399549011031453,0.38050976148093674,0.1467685030947241,0.05654064469399722,0.06539580896664912,0.020945085261740385
sub-RID0021,RAD01-RAD02,hippocampal,W,8,0.7166126094676354,0.4867389648784378,0.1141045960643223,0.03820731946402073,0.05041301463555159,0.045813594713203204
sub-RID0021,RAD02-RAD03,hippocampal,W,8,0.7173111728324469,0.3785292973560252,0.11509814326510696,0.04466799244136777,0.04206095908082366,0.022973366171598078
sub-RID0021,RAD03-RAD04,hippocampal,W,2,0.7640219425230277,0.5388371454827879,0.12949503963408193,0.02629332846231599,0.017250739810343068,0.00940928296082208
sub-RID0021,RAST01-RAST02,temporal_neocortex,W,8,0.661429347463506,0.40751514495289015,0.1239312318512914,0.05543709077103412,0.06011213690870711,0.0234801498522473
sub-RID0021,RAST02-RAST03,temporal_neocortex,W,8,0.6443368424322726,0.3849239043866474,0.1203772958890067,0.06085518358495919,0.07041180356323223,0.0295388053122468
sub-RID0021,RAST03-RAST04,temporal_neocortex,W,8,0.7666791845733558,0.44095805794288473,0.07406954144247489,0.041847541397821306,0.04731134043067847,0.01978585100824475
sub-RID0021,RMST03-RMST04,temporal_neocortex,W,2,0.6827619311301889,0.5578555374021823,0.16429981865487026,0.03030200376976993,0.018421946482855153,0.007960388545992661
sub-RID0021,RPT03-RPT04,temporal_neocortex,W,2,0.7407858952256379,0.5558010407083958,0.14562461099317128,0.02296160552054193,0.014178091059196363,0.0077554008162000285
sub-RID0021,LHD02-LHD03,hippocampal,W,5,0.8225324255969216,0.47605829302440306,0.09847119741748198,0.018815456248334687,0.013691390286052287,0.0028211101008946463
sub-RID0021,RHD01-RHD02,hippocampal,W,5,0.7367557654534208,0.4706832544460694,0.09510089588188517,0.03397030612682514,0.06187425409272222,0.034035389890212285
sub-RID0021,RHD02-RHD03,hippocampal,W,5,0.6980714538316749,0.4448912503742516,0.11345297494071771,0.03865364585385017,0.05886844333502559,0.04245081112319933
sub-RID0021,RHD03-RHD04,hippocampal,W,5,0.7655108672613812,0.46874949503832236,0.10371667348214934,0.02802897449451829,0.03493802969772501,0.022446268675753896
sub-RID0031,LA06-LA07,temporal_neocortex,W,8,0.6185394791984405,0.37378719246664893,0.16796627851271223,0.045827875254867284,0.06804198342775655,0.04579987003444121
sub-RID0031,LA07-LA08,temporal_neocortex,W,8,0.6067716244984288,0.3397200516602912,0.23356499429091596,0.037480348812243235,0.041961403040333314,0.01876125794804795
sub-RID0031,LA08-LA09,temporal_neocortex,W,8,0.568569511682757,0.4064629012735298,0.23180766616740275,0.05608908630344425,0.04816316868631498,0.022000926731627145
sub-RID0031,LA09-LA10,temporal_neocortex,W,8,0.5822384707454256,0.4062568134475495,0.19841318330436,0.06146392085963325,0.05402072901783791,0.023157482619029085
sub-RID0031,LB01-LB02,hippocampal,W,8,0.6169600690118133,0.4156962086222261,0.1403155617099553,0.06443022797645573,0.06153499234013815,0.04547113249913824
sub-RID0031,LB02-LB03,hippocampal,W,8,0.6605851532648539,0.48520962160462666,0.1433611431236019,0.04392617116154285,0.05485707635965613,0.033159285761163615
sub-RID0031,LB08-LB09,temporal_neocortex,W,8,0.7463760319624696,0.45062310536005457,0.10745178307660669,0.04662253120674622,0.0397760386190634,0.013461539490583716
sub-RID0031,LB09-LB10,temporal_neocortex,W,8,0.8092169299134082,0.4560871394251448,0.11324139657552713,0.018343499621662793,0.009338173214885222,0.0028759892480987176
sub-RID0031,LC01-LC02,hippocampal,W,8,0.7019753899679506,0.4700961683657907,0.1205088627860695,0.044765113238776,0.056927896966161386,0.03729022126592738
sub-RID0031,LC02-LC03,hippocampal,W,8,0.7264943605507725,0.537567566591342,0.13950773691993465,0.02086890153706761,0.044502670434657776,0.03382230862035181
sub-RID0031,LC08-LC09,temporal_neocortex,W,8,0.6734616366545787,0.42189271433746495,0.17890478197021717,0.044377656784603425,0.023933455421348643,0.01144471711967166
sub-RID0031,LC09-LC10,temporal_neocortex,W,8,0.8752896502492684,0.5482934134766849,0.07915185141991672,0.00903655529063471,0.00397914730491574,0.002009332917136761
sub-RID0031,RA07-RA08,temporal_neocortex,W,8,0.7529294938289065,0.6167246426973843,0.15307606315165317,0.016332113706978988,0.009126464276286265,0.001692529349344811
sub-RID0031,RA08-RA09,temporal_neocortex,W,8,0.7397456262867489,0.556295159738718,0.14820619544240893,0.020423905569638467,0.016673707644743914,0.00509535728965347
sub-RID0031,RA09-RA10,temporal_neocortex,W,8,0.6688548164237915,0.5586515131798271,0.20151184171504083,0.022595441456264253,0.015848549926036765,0.013498953767977537
sub-RID0031,RB07-RB08,temporal_neocortex,W,8,0.7586276644084311,0.6542876106215912,0.14547669571645003,0.01381177631971989,0.009217497318666265,0.002054164163521596
sub-RID0031,RB08-RB09,temporal_neocortex,W,8,0.8275813016893008,0.6269153742508841,0.09709196451759967,0.01572948245572014,0.011076334448406758,0.0037052053957521837
sub-RID0031,RB09-RB10,temporal_neocortex,W,8,0.723296485908749,0.5367257355002438,0.1775631241017383,0.014945460681755661,0.00860429025138671,0.005295390747927261
sub-RID0031,RC01-RC02,parahippocampal,W,8,0.5200799163387902,0.40413124401654665,0.22507098775637374,0.06171523300635964,0.050496454802215644,0.01646970804895185
sub-RID0031,RC04-RC05,temporal_neocortex,W,8,0.7731442070456827,0.5541740432079595,0.13987443953936265,0.014585014423125412,0.009635874944842422,0.002705174131840418
sub-RID0031,RG03-RG04,temporal_neocortex,W,8,0.741812663572722,0.5939146386265448,0.15359674822400352,0.016506060193020443,0.011224790760443923,0.0034739860105773516
sub-RID0031,RG04-RG05,temporal_neocortex,W,8,0.6522037719412996,0.5780753305700235,0.20361477523541935,0.026898369226071618,0.023186409724491368,0.020342866190382405
sub-RID0031,LA06-LA07,temporal_neocortex,N2,8,0.8247879018283503,0.4666491610504012,0.08637410717988339,0.01823089032431503,0.024104632574686525,0.013402422285139923
sub-RID0031,LA07-LA08,temporal_neocortex,N2,8,0.8306277050007431,0.4205229634088242,0.09901592958591049,0.011267009329667073,0.016056228724306804,0.005747845906038529
sub-RID0031,LA08-LA09,temporal_neocortex,N2,8,0.8098180308516931,0.46537341830804946,0.09667619291693211,0.022890053368622994,0.01590567118425789,0.00605608543161705
sub-RID0031,LA09-LA10,temporal_neocortex,N2,8,0.789512199276047,0.5030065580547143,0.09996778092406008,0.028797008169256753,0.02363339957933091,0.008959381792083259
sub-RID0031,LB01-LB02,hippocampal,N2,8,0.6612945551912099,0.4960283960685247,0.16545576747073112,0.045461353777623795,0.03039011243040893,0.021368713087503953
sub-RID0031,LB02-LB03,hippocampal,N2,8,0.7047683275935547,0.5093928026602834,0.14449133907681716,0.0362999739894469,0.029282144242414338,0.018180116771451642
sub-RID0031,LB08-LB09,temporal_neocortex,N2,8,0.8718239629838005,0.5563813573868874,0.061411209570752134,0.017338403646231706,0.012323333327874884,0.004024483102503665
sub-RID0031,LB09-LB10,temporal_neocortex,N2,8,0.9295726301035769,0.4597345648750115,0.04901984275299129,0.0035416528378635777,0.0020653902464480398,0.0005303162421899832
sub-RID0031,LC01-LC02,hippocampal,N2,8,0.7844678450766203,0.5051910288279198,0.09467903662950654,0.028479302356291782,0.035245454969530715,0.026672981464348555
sub-RID0031,LC02-LC03,hippocampal,N2,8,0.7902282126433828,0.5074407336265763,0.1072167021740794,0.0276240539921941,0.019509688223125158,0.01191509916097961
sub-RID0031,LC08-LC09,temporal_neocortex,N2,8,0.8313951740711556,0.44354897640006546,0.12155525335009831,0.008439684282354344,0.005269084664885428,0.002301787986961566
sub-RID0031,LC09-LC10,temporal_neocortex,N2,8,0.9268307413722555,0.5229179629378531,0.05724727653542185,0.0015614228199838374,0.0008246397129828952,0.00027512346097126675
sub-RID0031,RA07-RA08,temporal_neocortex,N2,8,0.7999853637890448,0.4436189676685563,0.10962019786637633,0.018648544183757287,0.011123450668596355,0.0018096751136416405
sub-RID0031,RA08-RA09,temporal_neocortex,N2,8,0.7714302341596305,0.41713665976976766,0.1170767734534918,0.023936873021830993,0.018088556535692066,0.004707023734194161
sub-RID0031,RA09-RA10,temporal_neocortex,N2,8,0.665505570814637,0.354048133575153,0.16091906386108473,0.038943876736697434,0.024153118164576062,0.005054984315797959
sub-RID0031,RB07-RB08,temporal_neocortex,N2,8,0.8487218562663228,0.47368195934880397,0.0957529815322603,0.009491573241947307,0.0057349358329671606,0.0012224263847541
sub-RID0031,RB08-RB09,temporal_neocortex,N2,8,0.831184040002299,0.5233820789932615,0.09368919386271157,0.015607094605174433,0.00896806471925176,0.0025419674590541654
sub-RID0031,RB09-RB10,temporal_neocortex,N2,8,0.7184190671764121,0.32952615764332926,0.16028303147592135,0.016770283042479878,0.009270914885353707,0.0027340882121893576
sub-RID0031,RC01-RC02,parahippocampal,N2,8,0.6503327027338399,0.4527279044590202,0.16420966926514824,0.0597084591327119,0.03884743565060305,0.01107188659148406
sub-RID0031,RC04-RC05,temporal_neocortex,N2,8,0.7870051534846956,0.5072049138368415,0.14002155598810626,0.010902818406029687,0.006170972917696869,0.001700845575735183
sub-RID0031,RG03-RG04,temporal_neocortex,N2,8,0.7356842823788357,0.4990598323883657,0.1675767720341162,0.016084961004861145,0.011264869697923563,0.0024796206985739614
sub-RID0031,RG04-RG05,temporal_neocortex,N2,8,0.6696997298198619,0.4639386820506228,0.1931327188597063,0.032349865902048615,0.016301031983372096,0.004734136096879766
sub-RID0031,LA06-LA07,temporal_neocortex,N3,8,0.972043714418187,0.38269509705228877,0.01643657990669064,0.0018996407517754578,0.002427594945091127,0.0017982824150240143
sub-RID0031,LA07-LA08,temporal_neocortex,N3,8,0.9851003600726529,0.32792040693654967,0.009685355382693633,0.0007021492484374568,0.0009107568862229266,0.0005406032428216374
sub-RID0031,LA08-LA09,temporal_neocortex,N3,8,0.9703565177291699,0.25853566251877164,0.019362812172275215,0.0017511149337039258,0.0016536429560257413,0.001006676337802453
sub-RID0031,LA09-LA10,temporal_neocortex,N3,8,0.9432839298196918,0.3539278980776086,0.03596114539206183,0.004061138101071138,0.003545675205028633,0.002278504121241429
sub-RID0031,LB01-LB02,hippocampal,N3,8,0.7396788751197584,0.49690344484222915,0.14989751342235313,0.026041614038378964,0.019062119099580548,0.01111189564792669
sub-RID0031,LB02-LB03,hippocampal,N3,8,0.8287997957052037,0.4795353991453865,0.09782661295375146,0.015979263489743555,0.015222070432208697,0.008760893125602442
sub-RID0031,LB08-LB09,temporal_neocortex,N3,8,0.9691999705610269,0.3425648728777234,0.01818091100824675,0.002245530434115785,0.0018525540655937424,0.0010302604273318388
sub-RID0031,LB09-LB10,temporal_neocortex,N3,8,0.9829969603300366,0.23219682464918456,0.012524935069654781,0.0006655444429796701,0.0003609490115271096,0.000162758581870498
sub-RID0031,LC01-LC02,hippocampal,N3,8,0.7199097938906418,0.4710896232676236,0.12506659446047164,0.045830527596371684,0.03405407954886528,0.014137320351944498
sub-RID0031,LC02-LC03,hippocampal,N3,8,0.7650648810729214,0.5335337410120677,0.11133852113910822,0.0461408423916375,0.024966032524204068,0.006465934839614829
sub-RID0031,LC08-LC09,temporal_neocortex,N3,8,0.9590233251160545,0.29650079025942483,0.030127311893942146,0.001515175683273394,0.0010463625222601179,0.0006674899827131984
sub-RID0031,LC09-LC10,temporal_neocortex,N3,8,0.9795531132109456,0.28904222349708175,0.016002831289442396,0.0005636479385721345,0.0002537474268877684,0.00010075410256940183
sub-RID0031,RA07-RA08,temporal_neocortex,N3,8,0.944505589872846,0.34559747504935034,0.03883428550416662,0.002185083736000614,0.00165440542369553,0.0007035635367766563
sub-RID0031,RA08-RA09,temporal_neocortex,N3,8,0.9500656758864512,0.36228994943717846,0.033312122287003504,0.002663430351392393,0.002731510996068918,0.0013800714248724277
sub-RID0031,RA09-RA10,temporal_neocortex,N3,8,0.8944196721262622,0.3342245620089526,0.07058146858862535,0.005703864008823924,0.004617715122580179,0.0019037176402896105
sub-RID0031,RB07-RB08,temporal_neocortex,N3,8,0.9624484199692092,0.30115805877909974,0.02765268434024805,0.0012270850357179064,0.000807227305249506,0.00038432728158690067
sub-RID0031,RB08-RB09,temporal_neocortex,N3,8,0.9686369677404741,0.36936306072267117,0.021417987845289282,0.0015298018381625514,0.001186616719525951,0.0006399315446873589
sub-RID0031,RB09-RB10,temporal_neocortex,N3,8,0.9321697657230938,0.3499516614753606,0.05098419429282752,0.0024026314989478584,0.0016940602549285113,0.0009556651039568132
sub-RID0031,RC01-RC02,parahippocampal,N3,8,0.7618561910518957,0.450467827850611,0.12520797479161483,0.03417238596218257,0.01874901589684865,0.004361118137643175
sub-RID0031,RC04-RC05,temporal_neocortex,N3,8,0.9410827979138832,0.4062390413047069,0.04336720348499689,0.002078792390827154,0.0013765169064516225,0.0006933756248458999
sub-RID0031,RG03-RG04,temporal_neocortex,N3,8,0.9407124207059887,0.33512142096625314,0.04318784919426916,0.002348525057619094,0.0017551647644083851,0.0008575468453243908
sub-RID0031,RG04-RG05,temporal_neocortex,N3,8,0.9119585895429827,0.41573948323279436,0.06227806538665126,0.004818718520049455,0.0026789518279438495,0.0011326240376253983
sub-RID0031,LA06-LA07,temporal_neocortex,R,8,0.8125030635791455,0.438922282251717,0.07060320222406606,0.023624540303042785,0.038376213590158983,0.02533847176541102
sub-RID0031,LA07-LA08,temporal_neocortex,R,8,0.846758408936991,0.4145907849716285,0.0718239371310032,0.01717184886834299,0.02481531971589387,0.012877410089440992
sub-RID0031,LA08-LA09,temporal_neocortex,R,8,0.7495274505062086,0.491321206614511,0.09609734324090502,0.035950201687116747,0.043062861857562,0.0179835774129672
sub-RID0031,LA09-LA10,temporal_neocortex,R,8,0.7782590546093209,0.4946867919774982,0.09155262100399902,0.02985233016809812,0.036838109245096076,0.018442142957702277
sub-RID0031,LB01-LB02,hippocampal,R,8,0.6314911528108603,0.4444085622598736,0.14723304470374796,0.055573378130218745,0.045757239099893626,0.04924522767501092
sub-RID0031,LB02-LB03,hippocampal,R,8,0.6956960419440061,0.44509220862868204,0.12178449112044602,0.04528637531622646,0.038578829004376945,0.03066798679216727
sub-RID0031,LB08-LB09,temporal_neocortex,R,8,0.9137924053220717,0.5720771885576139,0.03636576592105688,0.012017599340733643,0.012330855109338882,0.005031425817559367
sub-RID0031,LB09-LB10,temporal_neocortex,R,8,0.9429365825538831,0.5294867194298443,0.03354276536768263,0.003376371296025662,0.0031649927105961958,0.0009593337886773718
sub-RID0031,LC01-LC02,hippocampal,R,8,0.8796600801448398,0.5888876081952479,0.06131099988840091,0.009076798686355463,0.013385702818837202,0.01627231621713486
sub-RID0031,LC02-LC03,hippocampal,R,8,0.8306799921020467,0.5501356423809685,0.06776624818376643,0.025650615301909967,0.02700761788086569,0.02412779065552546
sub-RID0031,LC08-LC09,temporal_neocortex,R,8,0.8656113301015622,0.5977888619504005,0.07846365339632991,0.009258556857755992,0.009577481125133569,0.005377612262347811
sub-RID0031,LC09-LC10,temporal_neocortex,R,8,0.9524110718377461,0.6110240699342812,0.031498146047964116,0.001508893016732984,0.001237016143238399,0.0004915456078402349
sub-RID0031,RA07-RA08,temporal_neocortex,R,8,0.925547459053264,0.7376244891686414,0.04182709650711273,0.007238087222741642,0.005484465047168558,0.00141764165170225
sub-RID0031,RA08-RA09,temporal_neocortex,R,8,0.8838940828510371,0.6134804537859894,0.05657321481698394,0.015230308171730659,0.012120631496599373,0.00414896712171476
sub-RID0031,RA09-RA10,temporal_neocortex,R,8,0.8533466092245725,0.7009078466431269,0.07066028669260385,0.0180642008933889,0.019742462468418195,0.005130393705825843
sub-RID0031,RB07-RB08,temporal_neocortex,R,8,0.9110244934178695,0.7291141788990596,0.049344506773009784,0.006869061780745973,0.00516779662793289,0.0014731726132471883
sub-RID0031,RB08-RB09,temporal_neocortex,R,8,0.9042868159720034,0.6890916110945957,0.051224386965218624,0.008901671475422642,0.006757078118037201,0.0026795984416163737
sub-RID0031,RB09-RB10,temporal_neocortex,R,8,0.8673920628829356,0.6264675418009574,0.07233175101857223,0.012696271418131799,0.010285096297286203,0.0040393848677210435
sub-RID0031,RC01-RC02,parahippocampal,R,8,0.7666102035428888,0.4997813422920719,0.10423053070593488,0.0324359013160099,0.03418702452290075,0.014730315416990008
sub-RID0031,RC04-RC05,temporal_neocortex,R,8,0.8958050463991312,0.6350417854507522,0.06919376758149746,0.005672564628279841,0.004926752323329776,0.001809666663312611
sub-RID0031,RG03-RG04,temporal_neocortex,R,8,0.8655825333257986,0.6939226865530527,0.08107506628977404,0.010232226874689342,0.008025464743038144,0.0024580381161972333
sub-RID0031,RG04-RG05,temporal_neocortex,R,8,0.8257752649622838,0.6807580502211601,0.09950423735633264,0.015873809745804365,0.014777632286927028,0.004323782121875928
sub-RID0033,DA01-DA02,hippocampal,W,8,0.6591123803429761,0.42167992549434546,0.13029872920641927,0.03676324434161425,0.08870923333646896,0.05643083557978176
sub-RID0033,DA02-DA03,hippocampal,W,8,0.7213642519376143,0.5329660772239619,0.11778415953604603,0.023351534235165023,0.06813384746331247,0.03397682560915072
sub-RID0033,DA03-DA04,hippocampal,W,8,0.6916557051614531,0.4231802503744371,0.1414089086591023,0.0357871367429197,0.04197141968991837,0.04567326793855289
sub-RID0033,LG33-LG34,temporal_neocortex,W,8,0.7274416153681005,0.419204981687721,0.09555941449122513,0.048053927588175296,0.04991587630349756,0.03462721970631747
sub-RID0033,LG34-LG35,temporal_neocortex,W,8,0.7551585717811973,0.4377056020976507,0.08747065447723343,0.03823309729963073,0.05405411891147158,0.030132439628286177
sub-RID0033,LG35-LG36,temporal_neocortex,W,8,0.6844562579158731,0.420479571930959,0.0871894699624197,0.05692670353960312,0.07749126666000657,0.04295050202703092
sub-RID0033,LG40-LG41,temporal_neocortex,W,8,0.6903514673926234,0.41513843536312733,0.11702510037608813,0.05079606528409193,0.06882107373910688,0.03414314622647107
sub-RID0033,LG52-LG53,temporal_neocortex,W,8,0.8745961505146478,0.38531408044766313,0.045782469205853604,0.019394534167127185,0.027270693964550743,0.01944426162256848
sub-RID0033,LG60-LG61,temporal_neocortex,W,8,0.857653610443033,0.4298906852453216,0.044405707407801406,0.025269539511571473,0.03142450845155058,0.021283144507952934
sub-RID0033,MT02-MT03,temporal_neocortex,W,8,0.5331161654693519,0.3241582225554811,0.11901624591046878,0.09361181448606722,0.07769575837522869,0.03987193820415496
sub-RID0033,MT03-MT04,temporal_neocortex,W,8,0.5963460239256858,0.32819675744293875,0.10265339883207628,0.07113712284822102,0.08027494275553299,0.052816433183258335
sub-RID0033,DA01-DA02,hippocampal,N2,8,0.5671325283922692,0.45891885564833845,0.2639411728397386,0.0355382625648553,0.03774856878750594,0.020158256497932625
sub-RID0033,DA02-DA03,hippocampal,N2,8,0.729765859134196,0.5356529013749178,0.17375504633550176,0.01638510575945898,0.019325123658839698,0.010390316333125638
sub-RID0033,DA03-DA04,hippocampal,N2,8,0.7343633081207221,0.45449138777293974,0.15329795954669734,0.02543068150302513,0.02516892392264187,0.012580579448084994
sub-RID0033,LG33-LG34,temporal_neocortex,N2,8,0.745130278637239,0.4187178284194747,0.13224636759979463,0.03658195492005297,0.023125214982352888,0.005106414901471276
sub-RID0033,LG34-LG35,temporal_neocortex,N2,8,0.7279111583966502,0.4362235156591623,0.13739950733418924,0.036185245061448205,0.019393643520084436,0.0035683128205510617
sub-RID0033,LG35-LG36,temporal_neocortex,N2,8,0.7829646903141395,0.4047300463396849,0.08675054171052216,0.032440257614396964,0.02444627975472563,0.00455984761409514
sub-RID0033,LG40-LG41,temporal_neocortex,N2,8,0.686022456811189,0.4368192052325076,0.18194874302756295,0.03758855191857685,0.019149118184104023,0.0032160466765816186
sub-RID0033,LG52-LG53,temporal_neocortex,N2,8,0.8663323783544647,0.3683847335441168,0.05558124387706185,0.024773443793729297,0.012380266280440116,0.003995889056525938
sub-RID0033,LG60-LG61,temporal_neocortex,N2,8,0.7843329181274794,0.37130474959466686,0.08516599888358117,0.03366766038396483,0.015194036963459216,0.003242091739103426
sub-RID0033,MT02-MT03,temporal_neocortex,N2,8,0.5763985236838806,0.36395032855100096,0.15971075589035658,0.07577716904879288,0.0481149917300127,0.011161983267797743
sub-RID0033,MT03-MT04,temporal_neocortex,N2,8,0.6764221525518949,0.3912192563678155,0.12017848923153106,0.04770447080957465,0.043767211758267435,0.011016602738487702
sub-RID0033,DA01-DA02,hippocampal,N3,8,0.5555336225184504,0.4617076693163433,0.2725120723071035,0.03196366688749423,0.03794839052836274,0.02117587886476993
sub-RID0033,DA02-DA03,hippocampal,N3,8,0.7525646615862844,0.5206811285038826,0.16028991625463024,0.01481793222348284,0.015974185031713082,0.008661703754540336
sub-RID0033,DA03-DA04,hippocampal,N3,8,0.7379422758399174,0.45125667674696734,0.1472709164008662,0.02668687718225052,0.025874534800668363,0.011682643227957076
sub-RID0033,LG33-LG34,temporal_neocortex,N3,8,0.7754113550400927,0.4321736727651808,0.12154618268059708,0.028223238885483504,0.020622497187193233,0.005175323534374701
sub-RID0033,LG34-LG35,temporal_neocortex,N3,8,0.768709417703481,0.4586344943723272,0.11964101954035697,0.030008350968458126,0.014433012253739864,0.0026438344982522973
sub-RID0033,LG35-LG36,temporal_neocortex,N3,8,0.8596465565133495,0.45765733893234795,0.06902493928581103,0.016653216170746023,0.011029747036014226,0.0027216853369708563
sub-RID0033,LG40-LG41,temporal_neocortex,N3,8,0.6657078749132987,0.41038723204928107,0.21122444923046244,0.03171029855487925,0.01342259197658262,0.002203923080578956
sub-RID0033,LG52-LG53,temporal_neocortex,N3,8,0.8566228422834059,0.3970579598531191,0.05939265782251199,0.025346179551633208,0.013058932842589879,0.0038927199082016257
sub-RID0033,LG60-LG61,temporal_neocortex,N3,8,0.7902704388044204,0.3601884412843551,0.08404377384709877,0.03507825254124863,0.01420028880952549,0.0030373429690063753
sub-RID0033,MT02-MT03,temporal_neocortex,N3,8,0.5679964973658091,0.3151431306247004,0.15459522817997967,0.08105278729384721,0.047503332987079525,0.011242599421280598
sub-RID0033,MT03-MT04,temporal_neocortex,N3,8,0.6120974094076228,0.30798406865959116,0.13434905141335568,0.055741838899327364,0.04532469926920911,0.010186438962671756
sub-RID0037,LAT04-LAT05,temporal_neocortex,W,8,0.4333539970798886,0.35855118199698555,0.2144109538730728,0.09620929664719355,0.10086770382986993,0.035084488615577
sub-RID0037,LAT05-LAT06,temporal_neocortex,W,8,0.3576727167675767,0.2955188805994402,0.1992482754783374,0.11234810471564383,0.14234290863684948,0.05231944601906059
sub-RID0037,LMT03-LMT04,temporal_neocortex,W,8,0.3988632347171073,0.32902448426841063,0.19429857057061295,0.14400402378636373,0.1060001739864313,0.04312786001729293
sub-RID0037,LPT03-LPT04,temporal_neocortex,W,8,0.1415923352236472,0.12516275760848944,0.15302575116209538,0.24675867275031638,0.15037876450048995,0.048247660038408254
sub-RID0037,RAT02-RAT03,entorhinal,W,8,0.44667443709876353,0.3959182108289237,0.1959890131466762,0.10313107820280826,0.12198202398687935,0.06571293291979662
sub-RID0037,RAT03-RAT04,temporal_neocortex,W,8,0.5912722949333841,0.5040083738580756,0.15955859179661552,0.09572178709110402,0.06546645791628244,0.03236146323706297
sub-RID0037,RAT04-RAT05,temporal_neocortex,W,8,0.5945133851217239,0.5148284428946588,0.11923617767157521,0.12497929802306301,0.0770226830533073,0.03432959733292627
sub-RID0037,RAT05-RAT06,temporal_neocortex,W,8,0.513628790376067,0.45107561028156185,0.1570646615042239,0.09411732166106981,0.1142070544066735,0.048027542212366325
sub-RID0037,RAT06-RAT07,temporal_neocortex,W,8,0.3513701787188156,0.31044179636792235,0.20641444658693361,0.1171692674702685,0.15988443724860013,0.0525999944093879
sub-RID0037,RAT07-RAT08,temporal_neocortex,W,8,0.3952247916941518,0.34163762165381445,0.17643798101207533,0.12503955648452753,0.14198915873808865,0.03974650865681101
sub-RID0037,RST01-RST02,temporal_neocortex,W,8,0.5082273648919045,0.4490594856813384,0.1412125725389003,0.13883676270420098,0.09814686566711746,0.03698433263415948
sub-RID0037,RST02-RST03,temporal_neocortex,W,8,0.3486454536724847,0.2876941177281279,0.1899109321682848,0.13637807696042914,0.15380366542080248,0.05816336081261388
sub-RID0037,RST03-RST04,temporal_neocortex,W,8,0.4108506850542282,0.3542737209718442,0.1811344059424916,0.11289414276975442,0.14119833649213195,0.048523687279471324
sub-RID0037,RTO05-RTO06,temporal_neocortex,W,8,0.187808755548879,0.16248751621455887,0.15587859103151097,0.23745143455522927,0.20107603703688703,0.05891925154509098
sub-RID0037,LAT04-LAT05,temporal_neocortex,N2,8,0.45294134771020145,0.37254548878155,0.2249807402208702,0.10361883264293398,0.06950005321415237,0.025105313956679476
sub-RID0037,LAT05-LAT06,temporal_neocortex,N2,8,0.4699037586274366,0.3811192605400999,0.20887350777846342,0.10069412234154915,0.07803132217854805,0.025559642283065988
sub-RID0037,LMT03-LMT04,temporal_neocortex,N2,8,0.43216787174727894,0.3871404926230104,0.2493946728696605,0.08558657251750265,0.07523438173511177,0.03365619100663883
sub-RID0037,LPT03-LPT04,temporal_neocortex,N2,8,0.2386168443383221,0.20440307119044765,0.23444332096060827,0.13239570448722465,0.09231469200822577,0.025604824826092863
sub-RID0037,RAT02-RAT03,entorhinal,N2,8,0.5068832507187858,0.45167577153311295,0.20691341804424412,0.06306183108683795,0.08838125161745033,0.07346176850693767
sub-RID0037,RAT03-RAT04,temporal_neocortex,N2,8,0.6275234132247639,0.4965368626066272,0.18568087193942245,0.04540293257730808,0.044341201927334525,0.03979872480496145
sub-RID0037,RAT04-RAT05,temporal_neocortex,N2,8,0.6550720898864772,0.5197856616709494,0.13097319206942204,0.05811311607183438,0.06618513597029282,0.03927365641779718
sub-RID0037,RAT05-RAT06,temporal_neocortex,N2,8,0.5770772303305218,0.48719351280068973,0.1928702226762043,0.05979181552330044,0.05507889794559674,0.02143487016759115
sub-RID0037,RAT06-RAT07,temporal_neocortex,N2,8,0.5437781854575425,0.45621027673564096,0.19801726345099413,0.07020307836485554,0.07088181914840627,0.026101814794417717
sub-RID0037,RAT07-RAT08,temporal_neocortex,N2,8,0.6267038439687906,0.5241664797065275,0.17982401533526277,0.05200100584240733,0.045525652848925444,0.011667475613042825
sub-RID0037,RST01-RST02,temporal_neocortex,N2,8,0.5104238220716231,0.4233573000171148,0.20600495068278446,0.09476157386523107,0.061317438678441374,0.018930729518959702
sub-RID0037,RST02-RST03,temporal_neocortex,N2,8,0.4498363982729451,0.37928518798792177,0.21195567870625587,0.10401380169375704,0.08845049388614074,0.03255817571770452
sub-RID0037,RST03-RST04,temporal_neocortex,N2,8,0.5748321482993113,0.49402408166314404,0.18974334761550932,0.060161446502039924,0.05405323143152399,0.017429412765105665
sub-RID0037,RTO05-RTO06,temporal_neocortex,N2,8,0.2724011977048084,0.23850689247200452,0.26687766006932717,0.14233402397066827,0.10381840384832136,0.03182023517724378
sub-RID0037,LAT04-LAT05,temporal_neocortex,N3,8,0.864616543190057,0.553525829871553,0.0749198575893873,0.014257510725492901,0.01021372437314328,0.0034957451816075395
sub-RID0037,LAT05-LAT06,temporal_neocortex,N3,8,0.8968998291581252,0.5244491197076703,0.055604596044654425,0.010625340604626696,0.0075629903418220745,0.0026009029172333244
sub-RID0037,LMT03-LMT04,temporal_neocortex,N3,8,0.8433080147141341,0.5544627043886621,0.09010072631187252,0.013818786173439002,0.010869938345870748,0.004925832614884001
sub-RID0037,LPT03-LPT04,temporal_neocortex,N3,8,0.7289088807838676,0.5020202584406078,0.14923962191631263,0.027328067046675137,0.019299651394086993,0.009887157169026713
sub-RID0037,RAT02-RAT03,entorhinal,N3,8,0.538078820601919,0.423463579524062,0.20585810837759216,0.06992214660475447,0.07096660220881942,0.02806076157235688
sub-RID0037,RAT03-RAT04,temporal_neocortex,N3,8,0.650609598211401,0.46758860946087677,0.19040690544369382,0.04016826973388483,0.03380490237366714,0.01697959692655154
sub-RID0037,RAT04-RAT05,temporal_neocortex,N3,8,0.6817004150936967,0.5203960006967098,0.16044217991314877,0.03507588442969059,0.04696173959372152,0.02298210725603323
sub-RID0037,RAT05-RAT06,temporal_neocortex,N3,8,0.6441861735873557,0.529443696970331,0.2230619621378292,0.02824248516361883,0.020419292253521827,0.008536773224261312
sub-RID0037,RAT06-RAT07,temporal_neocortex,N3,8,0.7811043542634052,0.5997486157256384,0.10839129655786447,0.023675510762812886,0.031010015844145856,0.012038713347565882
sub-RID0037,RAT07-RAT08,temporal_neocortex,N3,8,0.8443849792953366,0.595857363048027,0.08127797884603633,0.014024230373130912,0.01986247011478947,0.006682393048050104
sub-RID0037,RST01-RST02,temporal_neocortex,N3,8,0.6445940902906789,0.5269021830565006,0.21140198425824408,0.032880607464203,0.029165753563142667,0.006897760124940697
sub-RID0037,RST02-RST03,temporal_neocortex,N3,8,0.7273312264128724,0.5491241422751928,0.1458184168680449,0.027943704610955463,0.025577149354815077,0.01154187231913057
sub-RID0037,RST03-RST04,temporal_neocortex,N3,8,0.871383470497902,0.5786410759705987,0.06957376426146152,0.012723780633990236,0.011736749160268574,0.004915280256788119
sub-RID0037,RTO05-RTO06,temporal_neocortex,N3,8,0.628400657868308,0.5040663940001748,0.1777043236106554,0.04634725992692776,0.04037189470089966,0.016032788775265528
sub-RID0037,LAT04-LAT05,temporal_neocortex,R,8,0.4501950757138422,0.37059676641971706,0.1905351537373311,0.10297869986348522,0.09899748227862756,0.032889503198683376
sub-RID0037,LAT05-LAT06,temporal_neocortex,R,8,0.3852738869746675,0.3198227851502674,0.19201787989136201,0.12587527022179135,0.13338460430207572,0.0364079087816227
sub-RID0037,LMT03-LMT04,temporal_neocortex,R,8,0.44831727502246194,0.3805227585715438,0.21126399081276404,0.09851870178808811,0.07765917026059746,0.0322242721676963
sub-RID0037,LPT03-LPT04,temporal_neocortex,R,8,0.20401404771465348,0.18382047948909072,0.21388946331474465,0.15624006732631945,0.14528550955305514,0.05475677390530505
sub-RID0037,RAT02-RAT03,entorhinal,R,8,0.48784928563484264,0.3928142694730848,0.14467982767726112,0.07478820510120371,0.1593005382441255,0.12480686352733564
sub-RID0037,RAT03-RAT04,temporal_neocortex,R,8,0.6525942326259898,0.5055125803860079,0.10309912326983217,0.061204698581108545,0.09143032768816828,0.07168120818754307
sub-RID0037,RAT04-RAT05,temporal_neocortex,R,8,0.6966668025073552,0.5209056282730371,0.07856137826244775,0.05846367815559891,0.08327196346168268,0.05081736372286595
sub-RID0037,RAT05-RAT06,temporal_neocortex,R,8,0.5693088585370789,0.44977121819128274,0.14623248624023688,0.0737235199936681,0.09078193806391635,0.049158263259578214
sub-RID0037,RAT06-RAT07,temporal_neocortex,R,8,0.5066870747463716,0.4307654744410102,0.16110611700595615,0.08667700480924342,0.11161242422801772,0.04327622502953242
sub-RID0037,RAT07-RAT08,temporal_neocortex,R,8,0.5419410483083174,0.4600328593547872,0.15715519537751382,0.08100687656873914,0.09965348374137961,0.02909795737873647
sub-RID0037,RST01-RST02,temporal_neocortex,R,8,0.5239890081904306,0.4171410260280671,0.15102543059816342,0.10160824627057487,0.10090755375537627,0.03484378833929665
sub-RID0037,RST02-RST03,temporal_neocortex,R,8,0.40944597340508837,0.34227840547608396,0.17745655903037194,0.11917387406418524,0.1418872746345694,0.0531461692938861
sub-RID0037,RST03-RST04,temporal_neocortex,R,8,0.49291929387445477,0.40498484167283255,0.16081482952237028,0.0882400398390957,0.12472807224375057,0.040007414657047255
sub-RID0037,RTO05-RTO06,temporal_neocortex,R,8,0.28309026619650024,0.25371129893255806,0.22166423734130689,0.1503074968433612,0.14687293731734113,0.04896309749032413
sub-RID0051,LAT01-LAT02,temporal_neocortex,W,8,0.596657047135559,0.43102138100715265,0.1302986088540518,0.05047518115532222,0.047978854913920024,0.0902297337527799
sub-RID0051,LAT02-LAT03,temporal_neocortex,W,8,0.7542175544307472,0.5291121625287792,0.09990439033813937,0.03393894321551155,0.030958740985292256,0.006851018403644945
sub-RID0051,LAT03-LAT04,temporal_neocortex,W,8,0.6879534616410333,0.4844306466830586,0.11143923388801354,0.044354544334089446,0.061905863332903044,0.01457532064060488
sub-RID0051,LDA01-LDA02,hippocampal,W,8,0.8039610384186395,0.4196866726631353,0.09493926190713806,0.028180363279852752,0.02118140652836534,0.016350622683118713
sub-RID0051,LDA02-LDA03,hippocampal,W,8,0.8083921733357089,0.43220760351214216,0.09458605649202345,0.02632743224687069,0.020476365991305125,0.01462869383008235
sub-RID0051,LDA03-LDA04,hippocampal,W,8,0.7264840196473992,0.4435942402700256,0.11165550964912216,0.04957149079993561,0.038920060633968384,0.03435762662669574
sub-RID0051,LDA04-LDA05,hippocampal,W,8,0.7430682280417447,0.4887441006347713,0.12704809168314307,0.025614340606737104,0.03031061154202448,0.023876743598736178
sub-RID0051,LDA05-LDA06,hippocampal,W,8,0.5780019513983154,0.4098893897411842,0.2110261063374005,0.05240729098246964,0.036611004369041106,0.01639778320580183
sub-RID0051,RAT01-RAT02,temporal_neocortex,W,8,0.6768373939317749,0.4536668830432339,0.12781289927353356,0.061708339525357356,0.05127821740133352,0.026923640181227212
sub-RID0051,RAT02-RAT03,temporal_neocortex,W,8,0.7394960978281387,0.5236368931490138,0.12917636984936737,0.03839527135737421,0.019599912007637926,0.006757905928079771
sub-RID0051,RAT03-RAT04,temporal_neocortex,W,8,0.7032642375673243,0.5293764668575519,0.13442923783876998,0.04441381577486628,0.035000273303474154,0.010887330573292976
sub-RID0051,RDH01-RDH02,hippocampal,W,8,0.8129253317874583,0.525393735326375,0.089068285184621,0.020305113726706115,0.02512452828225822,0.011732132550912312
sub-RID0051,RDH02-RDH03,hippocampal,W,8,0.6744629488740201,0.43305291686677744,0.14498509329158377,0.04488279134781696,0.05211658914593183,0.023021138625188887
sub-RID0051,LAT01-LAT02,temporal_neocortex,N2,8,0.6296038247727586,0.4247818262102198,0.15414015198596148,0.06629478164812792,0.048223113092301456,0.01654213553367945
sub-RID0051,LAT02-LAT03,temporal_neocortex,N2,8,0.6652917296374312,0.4724685031381782,0.1289496824711702,0.05935601793349762,0.05207077510908835,0.01850659575048256
sub-RID0051,LAT03-LAT04,temporal_neocortex,N2,8,0.6304383042485732,0.43703308568937693,0.13204923664560508,0.05808036283827099,0.06637476378434459,0.027671203765139443
sub-RID0051,RAT01-RAT02,temporal_neocortex,N2,8,0.7220872929171771,0.5387454489258288,0.1129371792672282,0.041993128090632714,0.04161374647560294,0.022929615755771227
sub-RID0051,RAT02-RAT03,temporal_neocortex,N2,8,0.8143370289823908,0.630497740161122,0.0838122827528198,0.02893854458481271,0.019580224682576745,0.009700804186583986
sub-RID0051,RAT03-RAT04,temporal_neocortex,N2,8,0.7268830861223681,0.5606372725475182,0.11548925098306168,0.04150395163620875,0.038595215162040564,0.015523019198548281
sub-RID0051,RDH01-RDH02,hippocampal,N2,8,0.8611164915438925,0.480746761611458,0.07528082724975174,0.01600070167101432,0.008833485498551605,0.003454500112135933
sub-RID0051,RDH02-RDH03,hippocampal,N2,8,0.7719266911203366,0.45748555295634913,0.10028640080659898,0.03367213141711341,0.03373664804532833,0.012151148312340142
sub-RID0051,LAT01-LAT02,temporal_neocortex,N3,8,0.8147533936667755,0.4725578326321684,0.08524049155222155,0.023988199803553642,0.01938307123874632,0.0092957708190466
sub-RID0051,LAT02-LAT03,temporal_neocortex,N3,8,0.8509931090463907,0.4149446435384504,0.0660438306384899,0.019159146930611277,0.019525680291760127,0.009087266881458889
sub-RID0051,LAT03-LAT04,temporal_neocortex,N3,8,0.8651413730424965,0.43992354619324825,0.06336473384201058,0.01694043468651723,0.018023055588139696,0.00978947428041951
sub-RID0051,RAT01-RAT02,temporal_neocortex,N3,8,0.7753754828806816,0.5621513053706836,0.1111915633826289,0.026400080130921492,0.025534389943351478,0.01393120237838122
sub-RID0051,RAT02-RAT03,temporal_neocortex,N3,8,0.8288825841265325,0.5065459571699853,0.09555389874170295,0.017280461268849058,0.013390543444948076,0.006601709216409796
sub-RID0051,RAT03-RAT04,temporal_neocortex,N3,8,0.8575717563261129,0.463784806333534,0.07316418091533694,0.016062534862292085,0.014628504536283367,0.006564492763152676
sub-RID0051,RDH01-RDH02,hippocampal,N3,8,0.8774760387515619,0.58466637484845,0.06826394998828872,0.013061568316136245,0.007677487331650823,0.002091135824870201
sub-RID0051,RDH02-RDH03,hippocampal,N3,8,0.7796204115787386,0.48177719550310566,0.11174597509743137,0.0295474548745828,0.024789140333994097,0.008354961967442334
sub-RID0051,LAT01-LAT02,temporal_neocortex,R,8,0.6885186638094953,0.4315884553247846,0.11549714807521105,0.048815070000800875,0.06134675725211564,0.02442332986671284
sub-RID0051,LAT02-LAT03,temporal_neocortex,R,8,0.5830883895089999,0.3910821963289088,0.14236159161958797,0.06251940446721749,0.08272807956709353,0.040415225622159615
sub-RID0051,LAT03-LAT04,temporal_neocortex,R,8,0.5664736289000571,0.3842379942968831,0.1465272640814421,0.0582130321964594,0.09751631922206741,0.05435305336708598
sub-RID0051,RAT01-RAT02,temporal_neocortex,R,8,0.7805697419581561,0.4561388638688344,0.06977353041542181,0.04213330875927035,0.0485642023918448,0.024024605940706583
sub-RID0051,RAT02-RAT03,temporal_neocortex,R,8,0.8704696354711398,0.4946940255493539,0.0400366855296266,0.03103840572601616,0.025063976484875766,0.009924715100403873
sub-RID0051,RAT03-RAT04,temporal_neocortex,R,8,0.710125591843182,0.442852057351174,0.08729353515150587,0.05507299940691966,0.07417206059933831,0.0273586397981552
sub-RID0051,RDH01-RDH02,hippocampal,R,8,0.8938162640128844,0.5033867490846209,0.04898632719579003,0.012876748163587835,0.015865372793773914,0.01034456098283917
sub-RID0051,RDH02-RDH03,hippocampal,R,8,0.7702634495829281,0.49311095313771547,0.0858155906783476,0.03588012955996746,0.04411632322444253,0.023836140418182394
sub-RID0068,AMY01-AMY02,hippocampal,W,8,0.5454543669875702,0.47173115659787157,0.18207006992209596,0.0682324703972486,0.08838813912753384,0.03467749830548381
sub-RID0068,AST03-AST04,temporal_neocortex,W,8,0.6852476865536992,0.6209462138756815,0.19138399896852645,0.027822688582226175,0.016736126152683703,0.004059616258395796
sub-RID0068,LG32-LG33,temporal_neocortex,W,8,0.33073991907607114,0.3090559284839068,0.2212988165322183,0.06544495595679004,0.2108533819644146,0.08713939747348529
sub-RID0068,LG33-LG34,temporal_neocortex,W,8,0.5725229281450837,0.4700041045993793,0.19275718364028108,0.05370406730801153,0.06356819378258702,0.051019720681892713
sub-RID0068,LG34-LG35,temporal_neocortex,W,8,0.6534858256677754,0.558925739986603,0.18539483797231363,0.032241475630507846,0.0371373102803296,0.04366234003795612
sub-RID0068,LG35-LG36,temporal_neocortex,W,8,0.5941131980810993,0.4795129042615323,0.20440638592731408,0.050451898546723405,0.041230256996819016,0.042696773973393026
sub-RID0068,LG36-LG37,temporal_neocortex,W,8,0.6375797687967004,0.5122404145301505,0.18565537141226549,0.05495479946973786,0.03670944283429192,0.018325315719463026
sub-RID0068,LG37-LG38,temporal_neocortex,W,8,0.5551926292820614,0.4878127923947847,0.1791980220103046,0.09230679181197549,0.05938520074728733,0.01018674221433193
sub-RID0068,LG38-LG39,temporal_neocortex,W,8,0.5698922427485832,0.5018632166253921,0.16673706070230598,0.08174001077891982,0.06191531790824279,0.01368607442794222
sub-RID0068,LG40-LG41,temporal_neocortex,W,8,0.572422509055939,0.5015353062532555,0.2121993731891681,0.05136122246542759,0.03770050050221785,0.0199046834307252
sub-RID0068,LG41-LG42,temporal_neocortex,W,8,0.6532970755582209,0.5929161352070904,0.18034244580849626,0.03584475274503801,0.03680302172542711,0.025001271196830835
sub-RID0068,LG42-LG43,temporal_neocortex,W,8,0.7154332342884118,0.631915982937064,0.17380239708053408,0.02190302881721643,0.016223352710486468,0.012193507849159695
sub-RID0068,LG43-LG44,temporal_neocortex,W,8,0.5729383260305088,0.47324058470425046,0.1935209610893695,0.05698533754092709,0.052291676255677676,0.04844568325347389
sub-RID0068,LG44-LG45,temporal_neocortex,W,8,0.5765631109609267,0.44543550530868725,0.22368002858901648,0.04229916220549767,0.04245997859275279,0.05311071449469191
sub-RID0068,LG45-LG46,temporal_neocortex,W,8,0.4836844125719236,0.4062073197527297,0.21832401137201596,0.08559494920984782,0.07167780839115331,0.050382916912866296
sub-RID0068,LG46-LG47,temporal_neocortex,W,8,0.4837298098040878,0.3957066765667266,0.17944075549714258,0.08659766277758991,0.08907323939957637,0.06335278535969224
sub-RID0068,LG47-LG48,temporal_neocortex,W,8,0.43535040886143256,0.3079040822405127,0.1592981524733746,0.11209300933031559,0.1335328873711236,0.060255531878189314
sub-RID0068,LG48-LG49,temporal_neocortex,W,8,0.4564345599730092,0.4278118495850058,0.1409480351791888,0.054046282623747235,0.16159137703308338,0.12558122899371435
sub-RID0068,LG49-LG50,temporal_neocortex,W,8,0.690112953886169,0.6240238016075941,0.1788909450960724,0.028811829814941622,0.022065753667359328,0.012301844352591601
sub-RID0068,LG50-LG51,temporal_neocortex,W,8,0.5740190493420385,0.5202805076565459,0.19204327013450126,0.041245303553454266,0.08746809065890246,0.03327635139225955
sub-RID0068,LG51-LG52,temporal_neocortex,W,8,0.6465052515483294,0.529856533095691,0.16829305117895374,0.04144911647732144,0.050174372823745365,0.03820662068429433
sub-RID0068,LG52-LG53,temporal_neocortex,W,8,0.6584188801360357,0.5718716221126722,0.17038151736253715,0.0396064406331723,0.04500969415034006,0.01623165217314237
sub-RID0068,LG53-LG54,temporal_neocortex,W,8,0.6878435494510147,0.6099628929841803,0.18431825749903968,0.028632794267256886,0.024420566646013095,0.01462396253492781
sub-RID0068,LG54-LG55,temporal_neocortex,W,7,0.27736846779842694,0.2550479366030632,0.17371585326768793,0.1502947347152557,0.2187094265955152,0.04845703295307225
sub-RID0068,LG55-LG56,temporal_neocortex,W,7,0.2896691850285152,0.26557108650469907,0.1679384787890805,0.14546880712097002,0.21642559602128122,0.04824657152188191
sub-RID0068,LG56-LG57,temporal_neocortex,W,8,0.5895938198611648,0.5207865949651246,0.19211825404400162,0.034417751428601366,0.07963888169386321,0.038566689265652966
sub-RID0068,LG57-LG58,temporal_neocortex,W,8,0.5102780229488948,0.4635599399250847,0.23628207663488354,0.05397420755122159,0.08925386575362328,0.026168142550523764
sub-RID0068,LG58-LG59,temporal_neocortex,W,8,0.5359393382793634,0.4819221822325297,0.2361135376489482,0.044434644747266036,0.0742766746709136,0.022320577870198328
sub-RID0068,LG59-LG60,temporal_neocortex,W,8,0.5922502898426703,0.5145586647065754,0.22493794745533852,0.040692737842823616,0.030877577668381357,0.021590888976668946
sub-RID0068,LG60-LG61,temporal_neocortex,W,8,0.6248858503307407,0.5448125906130473,0.20403310915070902,0.0389698940311283,0.03144594250626942,0.018849201903570433
sub-RID0068,LG61-LG62,temporal_neocortex,W,8,0.6381898835381707,0.5557252599199228,0.16758814365391067,0.05217460697804835,0.04710359096071167,0.02596411593058265
sub-RID0068,LG62-LG63,temporal_neocortex,W,8,0.5906494935803415,0.5396588949507368,0.16345746076279338,0.056088255643581234,0.08024354111113247,0.03489329893392525
sub-RID0068,LG63-LG64,temporal_neocortex,W,8,0.4801493187956143,0.4251321695372766,0.23622839127858983,0.052056452787819146,0.09149264778302461,0.03844257973365931
sub-RID0068,MST02-MST03,temporal_neocortex,W,8,0.7025280021466944,0.6471263627058019,0.20645891390546284,0.016287470783154658,0.0060678850541687444,0.0017786089516906279
sub-RID0068,MST03-MST04,temporal_neocortex,W,8,0.7319209274611446,0.6799720783595169,0.17858034196065803,0.019233977922733316,0.007873352990311078,0.0015471081347811942
sub-RID0068,PST03-PST04,temporal_neocortex,W,8,0.7365572508855338,0.6691289733484311,0.17604941010369268,0.014243548984928408,0.0066616373850089845,0.0013298936594253266
sub-RID0089,LAT01-LAT02,temporal_neocortex,W,8,0.7652101452374174,0.4870979824153201,0.13863278265846213,0.018983287714126353,0.017165025924452196,0.009359039309283754
sub-RID0089,LAT02-LAT03,temporal_neocortex,W,8,0.7299612409476592,0.4425977670254635,0.15219608947119528,0.024947078842005213,0.023726050883662236,0.012127200889495399
sub-RID0089,LAT03-LAT04,temporal_neocortex,W,8,0.697755425727796,0.4425214810619864,0.16110690879852152,0.030207355935125052,0.0289473219016971,0.027041095700671137
sub-RID0089,LDAH07-LDAH08,temporal_neocortex,W,8,0.9076634338854431,0.4793148733637272,0.058712710207345725,0.007240118808076853,0.005169420240805314,0.0015381156110058488
sub-RID0089,LDMH06-LDMH07,temporal_neocortex,W,8,0.8263612504001774,0.47704998223133854,0.1070933362876033,0.01274287319495765,0.007838394084748058,0.001981429896494119
sub-RID0089,LDMH07-LDMH08,temporal_neocortex,W,8,0.793933806438951,0.5137764083422866,0.11304796631405545,0.020819819329788443,0.018170394471020698,0.00867598815385156
sub-RID0089,LG33-LG34,temporal_neocortex,W,8,0.6705522693732293,0.44571463853880466,0.16157168106664133,0.04304705510694652,0.03682404115023688,0.012045283079183915
sub-RID0089,LG34-LG35,temporal_neocortex,W,8,0.6545522109900301,0.4332528356108156,0.1606504070425488,0.048988649488196236,0.03129081893836421,0.011048446947585904
sub-RID0089,LG35-LG36,temporal_neocortex,W,8,0.5612158213245552,0.3818967471686805,0.18504715255699916,0.06595351460883164,0.0662205719854094,0.02349640551819778
sub-RID0089,LG41-LG42,temporal_neocortex,W,8,0.7178449299649616,0.45689766980933294,0.15713279465981583,0.027243414961167493,0.023955564494849358,0.00913215976838796
sub-RID0089,LG42-LG43,temporal_neocortex,W,8,0.6985843371454483,0.45732815021668327,0.14110899097646806,0.03398293530738438,0.03503283212446877,0.012660549549087708
sub-RID0089,LG43-LG44,temporal_neocortex,W,8,0.6284032934779105,0.4307443604869456,0.17427465208495102,0.04314120993024607,0.04014512650704764,0.015057575662849437
sub-RID0089,LG44-LG45,temporal_neocortex,W,8,0.6244934989931494,0.3980813429761354,0.1511505026640636,0.06686312052988154,0.06330173488857473,0.02496460922447931
sub-RID0089,LG45-LG46,temporal_neocortex,W,8,0.41171675536394287,0.28554454624455905,0.2597277032279498,0.10513109954466664,0.08598193333893492,0.037146117572596095
sub-RID0089,LG46-LG47,temporal_neocortex,W,8,0.5128229533672837,0.3576599442041233,0.273174551362552,0.0543587527963559,0.04161919945899141,0.018526465807641238
sub-RID0089,LG47-LG48,temporal_neocortex,W,8,0.6404603531363552,0.436122058856349,0.19144241929937422,0.04037020885420249,0.031943287866889616,0.015489100855329806
sub-RID0089,LG49-LG50,temporal_neocortex,W,8,0.8075687835100931,0.46567843090554706,0.11177922482885896,0.01787423288504382,0.014626042466370254,0.007459510353648911
sub-RID0089,LG50-LG51,temporal_neocortex,W,8,0.7996644209509787,0.4642579450180317,0.11781137478380363,0.018175611637316458,0.01557236827822622,0.007792792839285667
sub-RID0089,LG51-LG52,temporal_neocortex,W,8,0.797973402163368,0.4660387442324371,0.11930662492699812,0.01619125714817503,0.01002621963027314,0.003865597811236343
sub-RID0089,LG52-LG53,temporal_neocortex,W,8,0.8097693521201657,0.4992552318085233,0.10696329142411422,0.01618021782745313,0.011388286378859764,0.00362998226574557
sub-RID0089,LG53-LG54,temporal_neocortex,W,8,0.6957586868773695,0.43873864856608696,0.15550136527001546,0.03599368328536316,0.03353563255067543,0.014608666277549899
sub-RID0089,LG54-LG55,temporal_neocortex,W,8,0.5520649099627049,0.3640066242290332,0.21405068505459104,0.06504195071558275,0.05987795946060337,0.027706437949277355
sub-RID0089,LG55-LG56,temporal_neocortex,W,8,0.5646885591873197,0.33791561563253447,0.25674413255502593,0.047502119516027744,0.04136330985970815,0.018387552371424302
sub-RID0089,LG56-LG57,temporal_neocortex,W,8,0.7625471415244156,0.49525347356203825,0.12836978607524485,0.02542034859305533,0.016938112188733853,0.005976424767520052
sub-RID0089,LG57-LG58,temporal_neocortex,W,8,0.7732429245328021,0.49766948862309124,0.12575880008919987,0.022961732181404293,0.01813381926013917,0.007024189459094549
sub-RID0089,LG58-LG59,temporal_neocortex,W,8,0.7432549805819515,0.4658729193101876,0.14421509733359678,0.026250988463836555,0.022015524556814818,0.009899170934359217
sub-RID0089,LG59-LG60,temporal_neocortex,W,8,0.7472087818911556,0.47758353143928195,0.13375880104853272,0.026719812176218945,0.02425166604509109,0.013245011895888417
sub-RID0089,LG60-LG61,temporal_neocortex,W,8,0.688824002910001,0.4538490361240422,0.16765900631742955,0.029887715941943286,0.025290583283741175,0.012087628330013799
sub-RID0089,LG61-LG62,temporal_neocortex,W,8,0.63344056025414,0.4529231641935103,0.1745478703687082,0.042859972002593595,0.03546509409330193,0.01510303996140187
sub-RID0089,LG62-LG63,temporal_neocortex,W,8,0.6976679528559913,0.45334434287924286,0.14786598506953608,0.03661004676729157,0.03158118149600858,0.015724724139299907
sub-RID0089,LG63-LG64,temporal_neocortex,W,8,0.49320024624191705,0.3385827766031918,0.1952414934069126,0.06043484112711223,0.060203162183420325,0.018461166225718282
sub-RID0089,LMT01-LMT02,temporal_neocortex,W,8,0.7504863093230518,0.4791449384955011,0.14609171760560474,0.021727017097304936,0.018466821880147838,0.009243342328261683
sub-RID0089,LMT02-LMT03,temporal_neocortex,W,8,0.8400084430625754,0.5292831598389751,0.09612704118603602,0.013337513130936273,0.011168315863462754,0.004689285419696169
sub-RID0089,LMT03-LMT04,temporal_neocortex,W,8,0.7812923663410151,0.4847411577245232,0.1243452032394522,0.01994827242346232,0.01507988416890879,0.008515560214077927
sub-RID0089,LPT02-LPT03,temporal_neocortex,W,8,0.6938273839457947,0.5072161244453036,0.1637931898817077,0.033961731917068035,0.02628351007824207,0.02593390583350367
sub-RID0089,LPT03-LPT04,temporal_neocortex,W,8,0.6555321644698582,0.4099673981315946,0.19369005939852138,0.02922759887468369,0.03299838592024179,0.041378317031142066
sub-RID0089,RDA01-RDA02,hippocampal,W,8,0.7298783559185218,0.47422355798895993,0.155608777037325,0.03397108633031917,0.02472515724636163,0.24715221935375237
sub-RID0089,RDA02-RDA03,hippocampal,W,8,0.6589677088417688,0.3673155732708398,0.20948333952645304,0.030678262265882016,0.03174580370444212,0.013696085480182522
sub-RID0089,RDA06-RDA07,temporal_neocortex,W,8,0.3262328584195364,0.22522260806954153,0.5247587060548247,0.022888868950912945,0.013720100591690078,0.002644724068018953
sub-RID0089,RDA07-RDA08,temporal_neocortex,W,8,0.7540689872914265,0.4369915230715782,0.1676196727982916,0.012047722544663072,0.007926508416222132,0.0016868411541413773
sub-RID0089,RDH04-RDH05,temporal_neocortex,W,8,0.6823908392727249,0.3840329231740302,0.17816618049967553,0.03176970580077228,0.03515453640931021,0.010690180992314415
sub-RID0089,RDH05-RDH06,temporal_neocortex,W,8,0.6884752075605916,0.44565138139732763,0.18592937123399872,0.026455714605453477,0.020144981012434508,0.005612250124525108
sub-RID0089,RDH06-RDH07,temporal_neocortex,W,8,0.6685864424188775,0.3709444134256221,0.1679180158766596,0.03591620109705386,0.03814077843506837,0.016536953384121235
sub-RID0089,RDH07-RDH08,temporal_neocortex,W,8,0.45189632698655907,0.3175448931716763,0.25309736569958985,0.06577541326865369,0.060169225770806196,0.04211698925759273
sub-RID0089,LAT01-LAT02,temporal_neocortex,N2,8,0.835072219586467,0.47802729840556335,0.0844971319401975,0.020220506798134107,0.01281687992791354,0.004721174195104478
sub-RID0089,LAT02-LAT03,temporal_neocortex,N2,8,0.7728721804696346,0.45926378243693755,0.13149238221560977,0.02152911277282131,0.014890700780879094,0.005836687591503541
sub-RID0089,LAT03-LAT04,temporal_neocortex,N2,8,0.7865779496638543,0.46932606993710646,0.10932068044817804,0.027096696474282582,0.019491729308614925,0.014423726691454298
sub-RID0089,LDAH07-LDAH08,temporal_neocortex,N2,8,0.9617498629593482,0.5028809664575417,0.0246030157031346,0.002289410718625199,0.0012527505483968975,0.0003174825700294965
sub-RID0089,LDMH06-LDMH07,temporal_neocortex,N2,8,0.954477027784427,0.3855063656004281,0.031992952863452745,0.0022031995668296465,0.0009081645039151251,0.00024913309899114115
sub-RID0089,LDMH07-LDMH08,temporal_neocortex,N2,8,0.9296598253565556,0.4622287086962242,0.04405639615885279,0.005979225130758077,0.00326529804964601,0.0012375334310712554
sub-RID0089,LG33-LG34,temporal_neocortex,N2,8,0.8715626647380696,0.5402116855923131,0.06963123999031277,0.015328758650930523,0.010246131312214274,0.0030061109179670793
sub-RID0089,LG34-LG35,temporal_neocortex,N2,8,0.9136243661108893,0.5141801540830845,0.05021875733200465,0.007799249919364559,0.005722432773550728,0.002147694276467259
sub-RID0089,LG35-LG36,temporal_neocortex,N2,8,0.8744911511397606,0.5638699492609724,0.07072938367092355,0.012028591306532934,0.010113942026505715,0.004558406314471763
sub-RID0089,LG41-LG42,temporal_neocortex,N2,8,0.9003734788487769,0.45357489324112144,0.06157500450081273,0.008671949268732595,0.005415330807585637,0.0018522283763534198
sub-RID0089,LG42-LG43,temporal_neocortex,N2,8,0.8888188899139156,0.5241955575625525,0.06529803990694799,0.01131293766580746,0.007946137353324615,0.002908450777267371
sub-RID0089,LG43-LG44,temporal_neocortex,N2,8,0.9527734945818986,0.5613308445392373,0.02748877725528483,0.003940107174277206,0.0027544653218551356,0.0010392576894775092
sub-RID0089,LG44-LG45,temporal_neocortex,N2,8,0.9671604909183724,0.46057026077423757,0.020141226241412596,0.002290629717489842,0.001971999834071471,0.0009996664822022466
sub-RID0089,LG45-LG46,temporal_neocortex,N2,8,0.8520710697693827,0.5667695445086647,0.08152033889703868,0.013059283726740228,0.013509283958963354,0.0064915408161057946
sub-RID0089,LG46-LG47,temporal_neocortex,N2,8,0.8451592519215204,0.5673409659021356,0.09140933696736363,0.012474904807415045,0.010753330840389975,0.005071662830409141
sub-RID0089,LG47-LG48,temporal_neocortex,N2,8,0.8215552334491065,0.5423552316837639,0.10688670843930423,0.014679017952419198,0.010848554907009172,0.005672984371493584
sub-RID0089,LG49-LG50,temporal_neocortex,N2,8,0.8954335463162234,0.5126558966335651,0.059312447904899784,0.010425283611141539,0.006750032735968125,0.0027322819987034173
sub-RID0089,LG50-LG51,temporal_neocortex,N2,8,0.8767538710338767,0.5134169000885745,0.07614020196255154,0.00978649781702834,0.006198506269815828,0.0023126850661094505
sub-RID0089,LG51-LG52,temporal_neocortex,N2,8,0.9172719534554388,0.6573754451075451,0.053682204901946584,0.005135398848712515,0.0032915678742448844,0.0009495021171449945
sub-RID0089,LG52-LG53,temporal_neocortex,N2,8,0.9377282153152191,0.5119172657895282,0.04192786357224654,0.0043907093688560815,0.0020578907594033043,0.0004818740564375404
sub-RID0089,LG53-LG54,temporal_neocortex,N2,8,0.9071517840045895,0.5447454281837287,0.05647521056703729,0.008365337355090237,0.005899197234263296,0.002468500780406964
sub-RID0089,LG54-LG55,temporal_neocortex,N2,8,0.8223588030742186,0.5290635424348167,0.10362276753962787,0.015372442318675,0.014693351558488,0.007156503053517252
sub-RID0089,LG55-LG56,temporal_neocortex,N2,8,0.8921062896825251,0.563188836348535,0.06744904133428647,0.007573819576660175,0.006297832160228357,0.003039824317860761
sub-RID0089,LG56-LG57,temporal_neocortex,N2,8,0.9106809298395966,0.5247259671763215,0.05013968097966888,0.008628084463393547,0.005701239113115018,0.0016200387741981495
sub-RID0089,LG57-LG58,temporal_neocortex,N2,8,0.9130786525560118,0.5125693604164387,0.04979937678385625,0.008765762818846855,0.005716351617530896,0.0019725834439913506
sub-RID0089,LG58-LG59,temporal_neocortex,N2,8,0.9242052843685633,0.5211682837381046,0.04470667037721447,0.006875071761626166,0.0047719316054431575,0.0017828512213875882
sub-RID0089,LG59-LG60,temporal_neocortex,N2,8,0.8913452573631657,0.5794642975079456,0.06149532430155087,0.010788563310721576,0.008163830999015263,0.00321576171680335
sub-RID0089,LG60-LG61,temporal_neocortex,N2,8,0.8924282520143989,0.5421441227748319,0.0626808882466995,0.011397321140005924,0.006900185684555055,0.0028267369542098486
sub-RID0089,LG61-LG62,temporal_neocortex,N2,8,0.8736766129519264,0.5760466044462019,0.07472826588906156,0.012868984934041684,0.007120162748697581,0.0020307924019119412
sub-RID0089,LG62-LG63,temporal_neocortex,N2,8,0.8942159057163321,0.5424964275505859,0.06141733140575405,0.010280690678757785,0.00656037708432756,0.002386595586742076
sub-RID0089,LG63-LG64,temporal_neocortex,N2,8,0.8566277162611278,0.5506596382127705,0.0813984791717339,0.013674827712774253,0.008747843366643658,0.003617905650096487
sub-RID0089,LMT01-LMT02,temporal_neocortex,N2,8,0.7383083952069234,0.47406060140484024,0.14887312303772043,0.026115687013135862,0.018442987398612595,0.007998511736537005
sub-RID0089,LMT02-LMT03,temporal_neocortex,N2,8,0.8979253889967745,0.386808430077418,0.0597575336097457,0.009515083638480533,0.007422181351615048,0.0028831732821057708
sub-RID0089,LMT03-LMT04,temporal_neocortex,N2,8,0.9194061751517564,0.44272209644640304,0.05082505047949976,0.00632613504387969,0.003577538484825018,0.0013173893133579689
sub-RID0089,LPT02-LPT03,temporal_neocortex,N2,8,0.8028616461995106,0.5568053480834064,0.10884459530149254,0.020625383957357774,0.014725212356714732,0.013332383107977595
sub-RID0089,LPT03-LPT04,temporal_neocortex,N2,8,0.7772084945905997,0.4803870391247904,0.12142187098191655,0.02089926551715052,0.021078267882510573,0.024156007179466924
sub-RID0089,RDA01-RDA02,hippocampal,N2,8,0.8307368607924368,0.37963679357295377,0.0883982596995361,0.024429894770456255,0.014572875773403066,0.007205265534703867
sub-RID0089,RDA02-RDA03,hippocampal,N2,8,0.7853854637004842,0.46398617667057285,0.1279390977688597,0.023086551322148423,0.01476920951537588,0.006457267649657059
sub-RID0089,RDA06-RDA07,temporal_neocortex,N2,8,0.9235116860125931,0.2971149506703909,0.06413664772825999,0.001297294088603023,0.00036315916447616906,7.899922143293799e-05
sub-RID0089,RDA07-RDA08,temporal_neocortex,N2,8,0.9671957923544514,0.3114025992156133,0.02568232195026658,0.000887908268768433,0.0003425034869897237,0.00010806832086480313
sub-RID0089,RDH06-RDH07,temporal_neocortex,N2,8,0.8927716411281246,0.39937203134061583,0.06982230350616428,0.007974017473747142,0.005236980853958373,0.0022701006622105257
sub-RID0089,RDH07-RDH08,temporal_neocortex,N2,8,0.7713635718859307,0.41585728768969304,0.14982986521090041,0.020115562586625536,0.00968069709823416,0.004252062335523952
sub-RID0089,LAT01-LAT02,temporal_neocortex,R,7,0.8547662454845993,0.47561510823123043,0.08308541824831327,0.013079624118073773,0.009895276305193478,0.004246591561800047
sub-RID0089,LAT02-LAT03,temporal_neocortex,R,7,0.8275212327194065,0.5138821325587901,0.09526163444419192,0.015824681084371257,0.013425747355410222,0.005757224038022045
sub-RID0089,LAT03-LAT04,temporal_neocortex,R,7,0.8275692529215223,0.4972149270546912,0.09492505397811139,0.018184283791277168,0.013395126593013357,0.011648465089368237
sub-RID0089,LDAH07-LDAH08,temporal_neocortex,R,7,0.9689726512016937,0.48905013544659487,0.021025744782330307,0.0014163360994300816,0.0008724652367379463,0.000329117802428467
sub-RID0089,LDMH06-LDMH07,temporal_neocortex,R,7,0.962988763856029,0.40451169048962116,0.026175134735923332,0.0017720621993279355,0.001007421569282708,0.00033744021273565027
sub-RID0089,LDMH07-LDMH08,temporal_neocortex,R,7,0.9472291054803271,0.45335955958090424,0.032792475936411984,0.003538057866812112,0.0026920434790633635,0.001200405559688169
sub-RID0089,LG33-LG34,temporal_neocortex,R,7,0.8861726728830266,0.49766253476623007,0.05770711422436404,0.012806234399998048,0.010423178768252715,0.004138485444935033
sub-RID0089,LG34-LG35,temporal_neocortex,R,7,0.9217001687712658,0.4850358673397538,0.04295346174169958,0.007677256714840283,0.00642328450385548,0.003198237276843631
sub-RID0089,LG35-LG36,temporal_neocortex,R,7,0.8728650067891414,0.5174534166615864,0.06697160326585935,0.012690279573596527,0.012712207733793094,0.007192464845393854
sub-RID0089,LG41-LG42,temporal_neocortex,R,7,0.9172829875412706,0.4753977187007766,0.04906525692672559,0.006713409423577317,0.005041247532660452,0.0024374677691530243
sub-RID0089,LG42-LG43,temporal_neocortex,R,7,0.8953846870100265,0.5265817630238193,0.06286338813434328,0.008583289294010758,0.0078159208854502,0.0035585555864211644
sub-RID0089,LG43-LG44,temporal_neocortex,R,7,0.9541749819731812,0.5144478765012358,0.027553266599194524,0.0034840618218947516,0.0031412110622600006,0.0016504881984939982
sub-RID0089,LG44-LG45,temporal_neocortex,R,7,0.9697840882391562,0.39245969832156724,0.016372437535151007,0.0026006259644588982,0.0026966563846933496,0.0016712306565024604
sub-RID0089,LG45-LG46,temporal_neocortex,R,7,0.8679653525834098,0.5454289955611824,0.0662613902544473,0.014410541587643958,0.015216109399073799,0.008715758773371024
sub-RID0089,LG46-LG47,temporal_neocortex,R,7,0.8706491903789226,0.5644922131285244,0.07131745361833015,0.011512546550201133,0.011700950519285576,0.005982299046568628
sub-RID0089,LG47-LG48,temporal_neocortex,R,7,0.8477684973812286,0.545647824888116,0.08672167086692122,0.013556186214652917,0.011693906862458235,0.006778375838412176
sub-RID0089,LG49-LG50,temporal_neocortex,R,7,0.9189313315336944,0.525938119744126,0.04777701150212444,0.0068734429129767615,0.005189110312812923,0.002424690103919747
sub-RID0089,LG50-LG51,temporal_neocortex,R,7,0.9129671756574449,0.48899056955035974,0.05657474006677898,0.005504086870640184,0.004300949598044404,0.0019500779353858392
sub-RID0089,LG51-LG52,temporal_neocortex,R,7,0.9344437742248362,0.6593034566283018,0.044083510548830585,0.0033409434614912596,0.0023306524733578836,0.0009205772687245892
sub-RID0089,LG52-LG53,temporal_neocortex,R,7,0.9548418030315793,0.45973386527734245,0.0301509359246449,0.0028309710735816875,0.0015089423922610644,0.0005543935443732877
sub-RID0089,LG53-LG54,temporal_neocortex,R,7,0.9138842200807026,0.5572903569647861,0.051328907324002075,0.006330985125526533,0.0059107133375465555,0.0035543885917031547
sub-RID0089,LG54-LG55,temporal_neocortex,R,7,0.8584355268218621,0.5058598217409609,0.07772011965324567,0.01229036418212434,0.014034895836315278,0.008312103139890533
sub-RID0089,LG55-LG56,temporal_neocortex,R,7,0.9165108575608087,0.4990956368243303,0.04783175577549279,0.006287214498877439,0.006387514572453549,0.003565220580879969
sub-RID0089,LG56-LG57,temporal_neocortex,R,7,0.9297801212896124,0.45421792756204393,0.04053078742788692,0.006063234053663879,0.004003438176523914,0.0015612637296019698
sub-RID0089,LG57-LG58,temporal_neocortex,R,7,0.9243134628817963,0.4820113318928154,0.04285155386186269,0.006405294729224965,0.005070298606489119,0.0020508152216096105
sub-RID0089,LG58-LG59,temporal_neocortex,R,7,0.9266475262687566,0.4833496360519572,0.04343034882695873,0.005972934029834126,0.004945734138347449,0.002100071501903867
sub-RID0089,LG59-LG60,temporal_neocortex,R,7,0.9141009994788633,0.553569374291614,0.050893120568955626,0.007597646969868484,0.005937471450485615,0.0029657112765404483
sub-RID0089,LG60-LG61,temporal_neocortex,R,7,0.9113554579481306,0.5209778558067577,0.054150123037885634,0.007266319817043869,0.005168249987470218,0.0027257725906976037
sub-RID0089,LG61-LG62,temporal_neocortex,R,7,0.9036129250020084,0.560041634154787,0.05652313326532082,0.00800706395955156,0.005027134440644553,0.002224649712098099
sub-RID0089,LG62-LG63,temporal_neocortex,R,7,0.9158036763105646,0.578216806559217,0.04976153522582231,0.006793787838756174,0.004801283110528872,0.0027659997576177787
sub-RID0089,LG63-LG64,temporal_neocortex,R,7,0.8693958263357879,0.49305249742130713,0.07140036860868579,0.011957616558495485,0.008934776288758748,0.005001105333165922
sub-RID0089,LMT01-LMT02,temporal_neocortex,R,7,0.7980489894889262,0.4824476502894032,0.12025078799700879,0.01864398044879585,0.014962701579348332,0.0073905810088667045
sub-RID0089,LMT02-LMT03,temporal_neocortex,R,7,0.8908957272779796,0.435209673714953,0.06252494746010272,0.010539676050249762,0.008203151414700122,0.0038753200566035767
sub-RID0089,LMT03-LMT04,temporal_neocortex,R,7,0.9287789737819907,0.4421112335549542,0.04277088120702215,0.0056371442612885595,0.0034808894203615186,0.001567143559171994
sub-RID0089,LPT02-LPT03,temporal_neocortex,R,7,0.8536547891630214,0.5224365233524495,0.07880484186265369,0.01336628542274716,0.012474920159787314,0.00914351116126122
sub-RID0089,LPT03-LPT04,temporal_neocortex,R,7,0.8312935403992154,0.47945009451711185,0.09364452210053395,0.015606570843682905,0.01336269764464865,0.015029005484776526
sub-RID0089,RDA01-RDA02,hippocampal,R,7,0.8169557130584922,0.4116757958488074,0.08807320187759078,0.0302378552456757,0.01872143441792398,0.008364869583802687
sub-RID0089,RDA02-RDA03,hippocampal,R,7,0.7901103295913526,0.44496771517049344,0.11696712253680631,0.027632514427150208,0.01893270956573176,0.008024353582461098
sub-RID0089,RDA06-RDA07,temporal_neocortex,R,7,0.9130262074951151,0.3109095071099461,0.07181833013974559,0.001791590574847085,0.0005466046596161279,0.00011947381324521715
sub-RID0089,RDA07-RDA08,temporal_neocortex,R,7,0.9622025220991919,0.3175118894931116,0.029349263554770254,0.001095527905406656,0.000574287519446365,0.00017956029832889283
sub-RID0089,RDH06-RDH07,temporal_neocortex,R,7,0.8980535492193046,0.4101610911627426,0.06426047287836965,0.007845172299520758,0.006347845586256134,0.002884027659297048
sub-RID0089,RDH07-RDH08,temporal_neocortex,R,7,0.754178685566455,0.4407637719492001,0.15171949687744388,0.02114781444673081,0.01555928410010142,0.006171258184162983
sub-RID0101,LA01-LA02,entorhinal,W,7,0.5801771641644043,0.3361481390353243,0.24237416055694896,0.03550845589163159,0.036390069182143436,0.03035768968190125
sub-RID0101,LA02-LA03,hippocampal,W,8,0.508156312491689,0.32617225352799306,0.28479894763184044,0.04442675773601674,0.043744696206103,0.0323951773542616
sub-RID0101,LF05-LF06,temporal_neocortex,W,8,0.28056252685398586,0.1798707143737857,0.17117237366987398,0.20241557650567488,0.13408266305391475,0.0616013703125083
sub-RID0101,LH01-LH02,entorhinal,W,8,0.643103511531642,0.3549900348070515,0.14060507668207423,0.057612892190215245,0.05812886850209416,0.03871066369944264
sub-RID0101,LH02-LH03,parahippocampal,W,8,0.7229528157618816,0.406159386461024,0.11800603327816381,0.04191906586805082,0.03169749761846964,0.013696495405174883
sub-RID0101,LH03-LH04,parahippocampal,W,8,0.559368391377623,0.363254756972085,0.17729984394781237,0.06538832199438668,0.05283373114431772,0.020902351065802745
sub-RID0101,LP04-LP05,temporal_neocortex,W,8,0.3451582230536635,0.23710650346280754,0.2494439943528025,0.10061319588010209,0.12400837145485484,0.08369051184529261
sub-RID0101,LP05-LP06,temporal_neocortex,W,8,0.31310837396764934,0.20882356500058924,0.2175589454913086,0.1267134076002318,0.14110993073269118,0.07794712989024595
sub-RID0101,RMT03-RMT04,temporal_neocortex,W,8,0.3656029401664783,0.22944844285587326,0.18380443985469397,0.15690758533943208,0.09944597061312452,0.027938609105392996
sub-RID0101,RPT02-RPT03,temporal_neocortex,W,8,0.2979402205816972,0.22189379572674742,0.2548342458233259,0.14986663429191788,0.08002409731871388,0.037782799120491095
sub-RID0101,RPT03-RPT04,temporal_neocortex,W,8,0.366384556551011,0.27560593492205265,0.2686470318009142,0.09737462306613659,0.09084958373779892,0.049372713779531896
sub-RID0101,LA01-LA02,entorhinal,N2,8,0.580525958099634,0.3890354244342479,0.22960289248473842,0.03523573344095206,0.03179155892428304,0.021851432502651893
sub-RID0101,LA02-LA03,hippocampal,N2,8,0.5375896594731794,0.4062581374140585,0.19670022663772113,0.0566878180867879,0.06294008154741892,0.04402619172697218
sub-RID0101,LF05-LF06,temporal_neocortex,N2,8,0.376688982393597,0.25340376715715013,0.18809383189501894,0.11383323587181801,0.09145864978681853,0.028827913239392332
sub-RID0101,LH01-LH02,entorhinal,N2,8,0.6088890112354836,0.3797642122595039,0.19813964136965,0.044510842594775286,0.03695784176958335,0.02629554060505202
sub-RID0101,LH02-LH03,parahippocampal,N2,8,0.5829350378880607,0.36260838160883146,0.20568614880384947,0.049270454462728944,0.031645982703165584,0.010936424048718932
sub-RID0101,LH03-LH04,parahippocampal,N2,8,0.5444347542673795,0.383662170260514,0.29924895397913454,0.027602541876864586,0.013775186240111995,0.004144713811163269
sub-RID0101,LP04-LP05,temporal_neocortex,N2,8,0.3698802365561042,0.23872174754197586,0.21036006697683035,0.09947732249486718,0.07478335468617062,0.030193517815398356
sub-RID0101,LP05-LP06,temporal_neocortex,N2,8,0.3785085358584376,0.27296614343103676,0.2047719503599017,0.09335559513092817,0.0787738831448413,0.028663632704020905
sub-RID0101,RMT03-RMT04,temporal_neocortex,N2,8,0.49593891722557915,0.29245036056668244,0.19948191073871246,0.06854479713087064,0.045649603867863375,0.007261163619991277
sub-RID0101,RPT02-RPT03,temporal_neocortex,N2,8,0.34317098367039434,0.2550701261158659,0.2253702795834123,0.08667307270102087,0.059394078270328735,0.01996763311461666
sub-RID0101,RPT03-RPT04,temporal_neocortex,N2,8,0.4764016941008033,0.32600814553091984,0.20525546651385954,0.07662592910242809,0.0725991689691769,0.03212534413149977
sub-RID0101,LA01-LA02,entorhinal,N3,8,0.5110077796601569,0.37869253546653825,0.31045832405973356,0.04044322632009994,0.028615562660590323,0.017793226768147704
sub-RID0101,LA02-LA03,hippocampal,N3,8,0.5232157136453561,0.41801028981791893,0.24717249962177396,0.0534137307262911,0.05396649742607305,0.03571219064917512
sub-RID0101,LF05-LF06,temporal_neocortex,N3,8,0.4674421115586742,0.35120152270915206,0.2515229383894112,0.07074364233991541,0.055568977831332106,0.011528036246227447
sub-RID0101,LH01-LH02,entorhinal,N3,8,0.564876075336769,0.38198709005579096,0.24972063579201423,0.04588506073073853,0.033118942685634305,0.021487184723939692
sub-RID0101,LH02-LH03,parahippocampal,N3,8,0.5806709771277817,0.41788013575505817,0.2547005636477798,0.03971312104217352,0.02455955044046825,0.008431092187911042
sub-RID0101,LH03-LH04,parahippocampal,N3,8,0.571302799151108,0.4309529378710506,0.3252846085480592,0.02024836386985515,0.00951621528086006,0.002484448679628454
sub-RID0101,LP04-LP05,temporal_neocortex,N3,8,0.35599315832119915,0.24736130081638263,0.2755404897082653,0.08037024222276862,0.0569010225149387,0.019838882115865354
sub-RID0101,LP05-LP06,temporal_neocortex,N3,8,0.37405425858177277,0.2620376011366944,0.27773986416866125,0.07673505566897709,0.06250876708200744,0.018009424299698408
sub-RID0101,RMT03-RMT04,temporal_neocortex,N3,8,0.5237541078524196,0.33442444868635224,0.2640125576197705,0.059628559059183725,0.03220893811024138,0.00459885994819777
sub-RID0101,RPT02-RPT03,temporal_neocortex,N3,8,0.39103366437506176,0.2966285421455348,0.2471019168321141,0.08476555863566435,0.053149159797534894,0.011823318273645435
sub-RID0101,RPT03-RPT04,temporal_neocortex,N3,8,0.476809426825457,0.35364158844461846,0.21465995248521252,0.07607911817467886,0.06984345398535367,0.02139398090653268
sub-RID0106,LAST01-LAST02,entorhinal,W,8,0.7027408205174066,0.552378032675501,0.18395217166195454,0.023041092557727287,0.020914709994749085,0.007299184535342446
sub-RID0106,LAST02-LAST03,temporal_neocortex,W,8,0.6040673922396675,0.3542274627922566,0.12721014354327081,0.050299799228420684,0.11237720238116321,0.05191352006664901
sub-RID0106,LAST03-LAST04,temporal_neocortex,W,8,0.6305188666622884,0.37350699177138835,0.10716412991971393,0.05339686851550453,0.10777886405882531,0.05172235228659783
sub-RID0106,LAST04-LAST05,temporal_neocortex,W,8,0.581102696041099,0.3201334786306136,0.12545873140868877,0.0673734494149594,0.11740468456514411,0.05898850004254403
sub-RID0106,LAST05-LAST06,temporal_neocortex,W,8,0.665719811720425,0.335327633498515,0.0999693300198087,0.0613337510243218,0.08056517368359377,0.0388507811479346
sub-RID0106,LDA01-LDA02,hippocampal,W,8,0.6220649804041466,0.40683137494557575,0.12415131326447162,0.053787701290027225,0.09227800293032791,0.08097763495663274
sub-RID0106,LDA02-LDA03,amygdala,W,8,0.6849016250503419,0.4404884101375466,0.13491004796519712,0.04086170201233948,0.055606090877608774,0.05337684100095294
sub-RID0106,LDA03-LDA04,amygdala,W,8,0.7714781134765722,0.5148581528103452,0.10799453075963884,0.025182384194956026,0.03512301818062967,0.02893610893604976
sub-RID0106,LDEC01-LDEC02,entorhinal,W,8,0.7048690941466578,0.4710125526382052,0.11654263460801353,0.030537502835442577,0.08640707412237172,0.02837660266841998
sub-RID0106,LDEC02-LDEC03,entorhinal,W,8,0.6039850295876792,0.3547890426988717,0.12494535398256568,0.053859904396673916,0.10606086421664405,0.05530330149801598
sub-RID0106,LG41-LG42,temporal_neocortex,W,8,0.44872292283306636,0.2992662706439536,0.12900922494725417,0.11171547319527161,0.1580998913906149,0.06565494290891592
sub-RID0106,LG42-LG43,temporal_neocortex,W,8,0.5294480816178914,0.29524208379767225,0.11556028560885272,0.0975906313002228,0.13537666065364024,0.04779514352452354
sub-RID0106,LG48-LG49,temporal_neocortex,W,8,0.4021611214835191,0.2487904735021088,0.1672584433501353,0.08457880747283633,0.1895349619414557,0.06772003195627888
sub-RID0106,LG49-LG50,temporal_neocortex,W,8,0.5813598665338913,0.35197771654888965,0.12305954508329689,0.06841873013153961,0.11963271603851128,0.051269797896857185
sub-RID0106,LG56-LG57,temporal_neocortex,W,8,0.5815413221265553,0.3502909977147022,0.13567390952162348,0.059162395483491635,0.1090178168060736,0.03534007441247021
sub-RID0106,LG57-LG58,temporal_neocortex,W,8,0.45717147274104764,0.30056407444777994,0.1394738874443274,0.08973264679247021,0.17495235566909761,0.0718542200649597
sub-RID0106,RDH01-RDH02,parahippocampal,W,8,0.6157289049434185,0.39373628732733856,0.12705334495415882,0.05866685800601345,0.08471933930759834,0.07655363026023959
sub-RID0106,RDH02-RDH03,hippocampal,W,8,0.8165050525954176,0.4476998743820181,0.0814085278405037,0.024737772047737416,0.030414789710581175,0.01925418646521642
sub-RID0106,RDH03-RDH04,hippocampal,W,8,0.8495612658991232,0.45713575784980875,0.07528448814695485,0.018662398646872917,0.019069688922619305,0.012172472006680953
sub-RID0106,LAST01-LAST02,entorhinal,N2,8,0.14864817735060237,0.0878042873664722,0.023614553644320087,0.776283338741524,0.027548743762269838,0.02690589203225163
sub-RID0106,LAST02-LAST03,temporal_neocortex,N2,8,0.09019966562721668,0.05105305804126285,0.013122083335817186,0.8575670793814671,0.021661297560660438,0.01701152061657575
sub-RID0106,LAST03-LAST04,temporal_neocortex,N2,8,0.3910415538614277,0.2198078562913715,0.06126491274453213,0.3819366842793288,0.08837514065745095,0.08887872619955205
sub-RID0106,LAST04-LAST05,temporal_neocortex,N2,8,0.5022298212760132,0.29343014233810605,0.07757330299018424,0.2092214497020944,0.0820098015327822,0.1563977418823836
sub-RID0106,LAST05-LAST06,temporal_neocortex,N2,8,0.4937576100415957,0.30946877809617035,0.07863862960894714,0.2376437376106008,0.0774889312381033,0.14051784380307342
sub-RID0106,LDA01-LDA02,hippocampal,N2,8,0.23496414839657606,0.12106578116175833,0.08375736102271228,0.5572145468388787,0.08733780048631865,0.0475944923195146
sub-RID0106,LDA02-LDA03,amygdala,N2,8,0.0690352851302877,0.04262796017206578,0.01896881353752387,0.7973972332325787,0.07118125268713392,0.04324855808622099
sub-RID0106,LDA03-LDA04,amygdala,N2,8,0.132213851788271,0.05421987991758287,0.03786542839936091,0.7290290231654837,0.0695815819997112,0.03216421463928924
sub-RID0106,LDEC01-LDEC02,entorhinal,N2,8,0.6057846706405857,0.34099451546188,0.07803520659558552,0.12862415645467956,0.08607574464849474,0.11765987517805815
sub-RID0106,LDEC02-LDEC03,entorhinal,N2,8,0.5544186098862639,0.3263947680500824,0.08855212653393871,0.21674044106629642,0.05316370718710418,0.10357797380057013
sub-RID0106,LG41-LG42,temporal_neocortex,N2,8,0.677427362820211,0.4088064238486761,0.09920928053912974,0.061677905234840937,0.0587468644177942,0.12198403423339545
sub-RID0106,LG42-LG43,temporal_neocortex,N2,8,0.6734961206475782,0.4190688735699096,0.10316255280141849,0.057443891231892814,0.06153769230147822,0.12213951285469878
sub-RID0106,LG43-LG44,temporal_neocortex,N2,8,0.14956870543720827,0.07677369687350769,0.014643997846267014,0.751083817957609,0.03512576418622193,0.04995486444486229
sub-RID0106,LG48-LG49,temporal_neocortex,N2,8,0.5043493873724768,0.23757937798468554,0.04208878202339529,0.3593062465606792,0.044645901938020406,0.05637154008127135
sub-RID0106,LG49-LG50,temporal_neocortex,N2,8,0.31948057934186974,0.17835001811839274,0.04747173060528051,0.5314010672253735,0.042935031140631054,0.06431491134663511
sub-RID0106,LG53-LG54,temporal_neocortex,N2,8,0.5422898322054184,0.327319315310574,0.08277771859943223,0.1607265317818163,0.0557128035740827,0.16584443796574044
sub-RID0106,LG54-LG55,temporal_neocortex,N2,8,0.5428982793517152,0.3261331316339555,0.08482793872726413,0.22985856879122002,0.054972023127816044,0.10032692328952517
sub-RID0106,LG55-LG56,temporal_neocortex,N2,8,0.20529579058751662,0.12332697205656579,0.0300846597509835,0.6221029313020467,0.05377545639788132,0.09247586762226766
sub-RID0106,LG56-LG57,temporal_neocortex,N2,8,0.11189820648742574,0.06925543836191422,0.018162141244981354,0.7615279461058025,0.04622197723925588,0.06467572866261101
sub-RID0106,LG57-LG58,temporal_neocortex,N2,8,0.6288600206117376,0.3940126729847291,0.10480615578807022,0.0629725384580242,0.07874130219824846,0.13812074100423208
sub-RID0106,LG58-LG59,temporal_neocortex,N2,8,0.6587229367946761,0.41003742494412987,0.11126021109611417,0.053337754167650714,0.06921286974927458,0.13305693394384183
sub-RID0106,LG59-LG60,temporal_neocortex,N2,8,0.5157368164577906,0.28344443776301054,0.05979213632660858,0.3043055933600296,0.04455334100197221,0.08461721320847851
sub-RID0106,LG63-LG64,temporal_neocortex,N2,8,0.69973740149162,0.3307222676200309,0.05569069152839594,0.15086715141181067,0.03797912013552075,0.06162031081312179
sub-RID0106,LPST01-LPST02,temporal_neocortex,N2,8,0.38127760203285554,0.20211786329329795,0.049771830721013634,0.3592395622994755,0.10476569906925043,0.12592698151721493
sub-RID0106,LPST02-LPST03,temporal_neocortex,N2,8,0.5909742316757183,0.3417151358181552,0.0944160350317027,0.12703294568224482,0.08584730381512269,0.12410479922022682
sub-RID0106,LPST03-LPST04,temporal_neocortex,N2,8,0.68258840836963,0.3585253352644358,0.09782309084239407,0.0474897047331788,0.06340115176310385,0.12611807521186225
sub-RID0106,RDA01-RDA02,hippocampal,N2,8,0.5538274789004252,0.3381859028491011,0.09801736007294809,0.1895075979442168,0.06958579569278528,0.10746263634417866
sub-RID0106,RDA02-RDA03,hippocampal,N2,8,0.4523035174824659,0.2968598398332173,0.0864976280538742,0.2845605063772582,0.06749253908970063,0.11360952168326129
sub-RID0106,RDA03-RDA04,hippocampal,N2,8,0.2614230842297812,0.16402213137959093,0.06776819499419474,0.5275917483753583,0.05913900889273538,0.0901689507165466
sub-RID0106,RDH01-RDH02,parahippocampal,N2,8,0.27235822609053323,0.16265569171559974,0.03661597655829426,0.5026044790441112,0.10655366005686825,0.09242023884584155
sub-RID0106,RDH02-RDH03,hippocampal,N2,8,0.6577757808335325,0.39211038483221006,0.09394813286905046,0.059048495213395565,0.08378655830255177,0.1287418288401761
sub-RID0106,RDH03-RDH04,hippocampal,N2,8,0.38033340310971014,0.23441985410308325,0.06417009188860887,0.3277510299844733,0.11104507689314075,0.12955647987292923
sub-RID0106,RST01-RST02,parahippocampal,N2,8,0.5284431411838781,0.31130175666498106,0.0842483314916114,0.1917886244100543,0.06510174412279968,0.1514234610237294
sub-RID0106,RST02-RST03,parahippocampal,N2,8,0.26787482168990173,0.16198806592855214,0.04273501588493098,0.58104375744336,0.05211824150668194,0.06318987966279635
sub-RID0106,LAST01-LAST02,entorhinal,N3,1,0.8551669936574762,0.3602406947589225,0.029820487981676417,0.10185339399450556,0.004039119539564864,0.0049023810217977875
sub-RID0106,LAST02-LAST03,temporal_neocortex,N3,1,0.9206065140851024,0.7658601690819864,0.04517134281008604,0.011063138551866329,0.0002884330302149967,0.00036223061255038786
sub-RID0106,LAST03-LAST04,temporal_neocortex,N3,1,0.9172433857164926,0.8033220286955323,0.05409898623235558,0.0020963465197851743,0.00028876422886250176,0.00036482810645206313
sub-RID0106,LAST04-LAST05,temporal_neocortex,N3,1,0.83553399070283,0.6602328804557054,0.05031550865422756,0.03867116049976817,0.01670576012238651,0.03883940277465081
sub-RID0106,LAST05-LAST06,temporal_neocortex,N3,1,0.9189144504505135,0.7439097928911238,0.047110179297459996,0.003808752677803758,0.0014696067444911612,0.003160158958965685
sub-RID0106,LDA01-LDA02,hippocampal,N3,1,0.9689248900590186,0.30310390227658146,0.019702485964906345,0.0006589031507621115,5.571176660343502e-05,2.130417110659698e-05
sub-RID0106,LDA02-LDA03,amygdala,N3,1,0.9593943512382641,0.1739799103580986,0.016760240505112194,0.016782426864222533,0.0012816062481236278,0.0008903504492146196
sub-RID0106,LDA03-LDA04,amygdala,N3,1,0.9845969946794024,0.6827080928503977,0.0059100960787094505,0.005585920488446123,0.0003500727850691513,0.00027082169207176256
sub-RID0106,LDEC01-LDEC02,entorhinal,N3,1,0.9568296632896304,0.37071562753817366,0.027049002716714236,0.0002418337846550186,4.8823897750363656e-05,2.5875238105733794e-05
sub-RID0106,LDEC02-LDEC03,entorhinal,N3,1,0.9940609448123136,0.13900182490102259,0.0026401632291421836,0.0003718967437942758,0.00040182961111617885,0.0008282894926361135
sub-RID0106,LG41-LG42,temporal_neocortex,N3,1,0.9134964774774093,0.38292966569056375,0.04298108972943359,0.008965786867558138,0.008846427027972557,0.01214172800670549
sub-RID0106,LG42-LG43,temporal_neocortex,N3,1,0.9058887863761343,0.800484823918812,0.05808205610712235,0.001564196853203335,0.0009293109347465623,0.0019229817187479915
sub-RID0106,LG43-LG44,temporal_neocortex,N3,1,0.9346518442362153,0.7213602426449516,0.038042925213142065,0.0024440357049676244,0.00017702832582674734,0.00010020894214681868
sub-RID0106,LG48-LG49,temporal_neocortex,N3,1,0.9403687206840031,0.765187274698775,0.0389912734008745,0.0006190895233900445,8.15280778986871e-05,1.2721399856508238e-05
sub-RID0106,LG49-LG50,temporal_neocortex,N3,1,0.9445080324980991,0.4773482194490915,0.03168696253123753,0.0012971368777423076,0.0001747938660559447,0.00016587910773433338
sub-RID0106,LG53-LG54,temporal_neocortex,N3,1,0.946815138637356,0.4920669917167366,0.02929101685463912,0.0007727503948087247,0.00014595051634342946,0.00020830952854304597
sub-RID0106,LG54-LG55,temporal_neocortex,N3,1,0.9544546203945105,0.3286927568694779,0.020071175925666603,0.013356241931685478,0.0033792414475779355,0.0068115957799055465
sub-RID0106,LG55-LG56,temporal_neocortex,N3,1,0.8724987762786806,0.7142904904121465,0.04970096570625171,0.03717945434462263,0.003345342884688843,0.004526301229401932
sub-RID0106,LG56-LG57,temporal_neocortex,N3,1,0.8978243278438948,0.2202274378048725,0.009946461656817118,0.07334020535898259,0.005500743330183634,0.005653017183332284
sub-RID0106,LG57-LG58,temporal_neocortex,N3,1,0.9235484676000347,0.38081166660186544,0.026364884481706888,0.007695541195131994,0.0123198152415488,0.022520351006095726
sub-RID0106,LG58-LG59,temporal_neocortex,N3,1,0.9571275480054763,0.5147334907166992,0.0288650974792001,0.0018431098377892855,0.0015362269802750652,0.0030270906969782833
sub-RID0106,LG59-LG60,temporal_neocortex,N3,1,0.9399424602440165,0.8052819263578508,0.03909764613025644,0.0017555569829391464,0.00021816320512087157,0.0002845015692151806
sub-RID0106,LG63-LG64,temporal_neocortex,N3,1,0.9412696418771417,0.749658158648673,0.03982329815414755,0.0005160657955234634,8.884359817177068e-05,1.2093918225572874e-05
sub-RID0106,LPST01-LPST02,temporal_neocortex,N3,1,0.9562883806920625,0.6333809626618258,0.026610337977275078,0.00051072143841236,0.00012285355288597065,8.409535611273884e-05
sub-RID0106,LPST02-LPST03,temporal_neocortex,N3,1,0.9189771854802575,0.5385283949517645,0.04385529181900326,0.014310749537430124,0.006348186530595613,0.011377565259824272
sub-RID0106,LPST03-LPST04,temporal_neocortex,N3,1,0.9852600659628504,0.5103443798911618,0.007828829871056429,0.0003275236694622233,0.0004686053633239652,0.0008824090172108116
sub-RID0106,RDA01-RDA02,hippocampal,N3,1,0.9281550796022376,0.5921267181615257,0.04549466610956665,0.0005043401330062371,0.00022069348511575014,0.0002565966897462164
sub-RID0106,RDA02-RDA03,hippocampal,N3,1,0.8793824146097956,0.605955947483066,0.07206181828304704,0.002879311623742804,0.0013008487069327086,0.001933514361909501
sub-RID0106,RDA03-RDA04,hippocampal,N3,1,0.8447233204010342,0.4315130552702894,0.08660313656246656,0.015316138958104051,0.002332076990102033,0.0035258400773694864
sub-RID0106,RDH01-RDH02,parahippocampal,N3,1,0.9570250781048654,0.5270067527331554,0.029408254492613417,0.0002579613417491852,7.48472319106333e-05,6.488241513925524e-05
sub-RID0106,RDH02-RDH03,hippocampal,N3,1,0.94383250172555,0.6041647020733579,0.03568567193945095,0.00045844751716546313,0.00021565306387024162,0.0002662150792924063
sub-RID0106,RDH03-RDH04,hippocampal,N3,1,0.9136750566206365,0.39253256757573807,0.05031034360094652,0.020136024062050638,0.0043920767971896485,0.006932230584943442
sub-RID0106,RST01-RST02,parahippocampal,N3,1,0.9150723510934867,0.7562016126845894,0.05279261931586783,0.001692589491071461,0.0008800680154292123,0.0017726262757917644
sub-RID0106,RST02-RST03,parahippocampal,N3,1,0.9499672785763619,0.3005959969894924,0.022828994201627813,0.008741077126078176,0.0013481978021711665,0.0021479005531226097
sub-RID0112,RA06-RA07,temporal_neocortex,W,8,0.6370121136196363,0.41762162775161726,0.13090369519522269,0.051272698497102975,0.07693759865428729,0.05103215024258078
sub-RID0112,RB02-RB03,parahippocampal,W,8,0.6187157272338784,0.42161216104309696,0.14759937379057692,0.05806929134332234,0.07234451590103069,0.0500697010077115
sub-RID0112,RB05-RB06,temporal_neocortex,W,8,0.44729397290247097,0.37430568331734826,0.21297697008294447,0.09023728449563348,0.07197520114060656,0.048181461843175566
sub-RID0112,RB06-RB07,temporal_neocortex,W,8,0.6204012863220834,0.47965625640352144,0.15153371961880926,0.05427253653356506,0.06471743510366451,0.048615893157456694
sub-RID0112,RB07-RB08,temporal_neocortex,W,8,0.6892820694691504,0.49492790442188034,0.14010849137417375,0.03849095039335247,0.047710029476722815,0.03597874338042956
sub-RID0112,RB08-RB09,temporal_neocortex,W,8,0.6392441532558235,0.4162372486206185,0.16037738743022478,0.04749610979028383,0.05138079851101733,0.03708962843626172
sub-RID0112,RB09-RB10,temporal_neocortex,W,8,0.4320208472965378,0.31798621478982014,0.21017561495386441,0.08446655818253326,0.10214868307666614,0.12523103622535953
sub-RID0112,RC06-RC07,temporal_neocortex,W,8,0.581063473876611,0.3915419613146266,0.19034835613664355,0.05151354726269613,0.05867495706534593,0.04119632943368732
sub-RID0112,RC07-RC08,temporal_neocortex,W,8,0.47832556447968494,0.34671050720212365,0.20623313622116077,0.07779593629205725,0.07858792264596964,0.052486954008157415
sub-RID0112,RC08-RC09,temporal_neocortex,W,8,0.4926654414361274,0.35206323942595197,0.18531572081775782,0.08354988187850633,0.0893850741819991,0.12853063559983957
sub-RID0112,RD01-RD02,temporal_neocortex,W,8,0.6261554348870169,0.3939817077137885,0.1455450520045583,0.05469784778061615,0.0645786021941056,0.04752034727788902
sub-RID0112,RD02-RD03,temporal_neocortex,W,8,0.5916983935649969,0.35680512783507956,0.15889751980032152,0.0663249018739846,0.06754589891181034,0.04948897694204868
sub-RID0112,RD03-RD04,temporal_neocortex,W,8,0.5087591373249846,0.3010908509552274,0.18915809265370112,0.0684810411502258,0.09200141035744042,0.10466042008589799
sub-RID0112,RA06-RA07,temporal_neocortex,N2,8,0.7110367240291442,0.559372596614303,0.16447186130472985,0.0246229201059561,0.02535109347725637,0.011899482836823315
sub-RID0112,RB02-RB03,parahippocampal,N2,8,0.8284556424132137,0.5473095999798687,0.11028300135900879,0.012581197450428088,0.007932754633778785,0.003340307297242983
sub-RID0112,RB05-RB06,temporal_neocortex,N2,8,0.6460132445004906,0.484620368288324,0.1833129813889287,0.03722836625597327,0.01225340568566818,0.0034843997760140716
sub-RID0112,RB06-RB07,temporal_neocortex,N2,8,0.7888936393935466,0.5559289945206083,0.11551992306893746,0.022259396550096407,0.013048771989102021,0.00533740552464463
sub-RID0112,RB07-RB08,temporal_neocortex,N2,8,0.7874584131825764,0.5239120907087088,0.12968193447539073,0.018049437643685287,0.013808133632585108,0.007481531799783277
sub-RID0112,RB08-RB09,temporal_neocortex,N2,8,0.852905391335934,0.4777383609419916,0.09408556139978266,0.009992798147439823,0.003888724834575871,0.0013762083638502922
sub-RID0112,RB09-RB10,temporal_neocortex,N2,8,0.6188646391464006,0.4167890651475349,0.17432182533328577,0.051619870182558564,0.039518793517251724,0.026560151066611425
sub-RID0112,RC06-RC07,temporal_neocortex,N2,8,0.858293734772448,0.5479243569138532,0.07743419106776207,0.014576838521319014,0.012085910857483227,0.006041713553773566
sub-RID0112,RC07-RC08,temporal_neocortex,N2,8,0.8219828912294183,0.5272006161217971,0.09568472115057253,0.017400484555580905,0.01353289372535052,0.006216287157960583
sub-RID0112,RC08-RC09,temporal_neocortex,N2,8,0.7687147091230243,0.4757744354625807,0.10961116073055197,0.02999270630525517,0.025698350395029032,0.016362244342946183
sub-RID0112,RD01-RD02,temporal_neocortex,N2,8,0.8576491404539899,0.5218597751010866,0.07416667987853418,0.017957972535174515,0.01244620255032167,0.005415074875012882
sub-RID0112,RD02-RD03,temporal_neocortex,N2,8,0.8441869425660373,0.508173181250642,0.07741970375471423,0.021185403921833615,0.011950220902183041,0.004189366984077981
sub-RID0112,RD03-RD04,temporal_neocortex,N2,8,0.7809125281982459,0.4557454466355895,0.08144421208663735,0.045052467747015185,0.0294753446561327,0.024011776597594514
sub-RID0112,RA06-RA07,temporal_neocortex,N3,8,0.8628710341635791,0.5205042221577747,0.08194127110265453,0.011198413351286386,0.008237423346791433,0.003776987855805315
sub-RID0112,RB02-RB03,parahippocampal,N3,8,0.8932968640802988,0.4609804442645701,0.05818350926843219,0.011299128531666385,0.00812562183356393,0.0020709332405814953
sub-RID0112,RB05-RB06,temporal_neocortex,N3,8,0.9331213247391921,0.34428488037818206,0.03964374625396121,0.005804284823192028,0.002012737624408138,0.0006915273268523053
sub-RID0112,RB06-RB07,temporal_neocortex,N3,8,0.9210525811837089,0.43508340054253625,0.04373410858818334,0.007044327210591117,0.005202669476745914,0.0017082885257546842
sub-RID0112,RB07-RB08,temporal_neocortex,N3,8,0.9146764250827044,0.4284618689146818,0.05098352892757313,0.0070872810512823394,0.005622311363994301,0.0024859154652939405
sub-RID0112,RB08-RB09,temporal_neocortex,N3,8,0.9558311876724265,0.3588177666270323,0.028590252794307467,0.0028880640408083785,0.0013724348655460212,0.0004781657639742393
sub-RID0112,RB09-RB10,temporal_neocortex,N3,8,0.8817453012746055,0.4023627156205051,0.06299585571284974,0.014106932808614393,0.010307539232377259,0.004578536406997347
sub-RID0112,RC06-RC07,temporal_neocortex,N3,8,0.9606832902364861,0.3918220238129344,0.02415701094643195,0.0026582054780422823,0.0024386482010082004,0.0013785502283200329
sub-RID0112,RC07-RC08,temporal_neocortex,N3,8,0.9656354010677654,0.3452895234460496,0.021258257722944873,0.0022836614635877404,0.0018421343850601568,0.0009963736949883725
sub-RID0112,RC08-RC09,temporal_neocortex,N3,8,0.9410334694509623,0.3398640459106861,0.03222579659158778,0.006725448816831396,0.004691112268365135,0.002698115090796061
sub-RID0112,RD01-RD02,temporal_neocortex,N3,8,0.9768023044472578,0.3466953505907209,0.013571578562268162,0.0018045260974575582,0.0012664506908149193,0.0007000954244858095
sub-RID0112,RD02-RD03,temporal_neocortex,N3,8,0.9717402572978507,0.35524470413208636,0.016942951216487135,0.0023433464867388997,0.0013695617809618933,0.0006426188186287598
sub-RID0112,RD03-RD04,temporal_neocortex,N3,8,0.9585513710565534,0.3387116245950814,0.022123844928007095,0.004598831576741235,0.0030054457407610808,0.0018639598505606342
sub-RID0112,RA06-RA07,temporal_neocortex,R,8,0.8429356268808428,0.562557842853697,0.08246326398012978,0.016676636477203594,0.01903826067445412,0.00945357966921001
sub-RID0112,RB02-RB03,parahippocampal,R,8,0.8261613775279959,0.5895917359761729,0.07795282830774357,0.030330132196753644,0.02144643380302478,0.010835938491474602
sub-RID0112,RB05-RB06,temporal_neocortex,R,8,0.6017311920546328,0.49348370516645484,0.18462224120027346,0.06538554077461856,0.023409197189324327,0.006043349236270744
sub-RID0112,RB06-RB07,temporal_neocortex,R,8,0.8050189152067938,0.6585679730489451,0.11508099195551716,0.015802816505912066,0.013185279579147204,0.006633010810575139
sub-RID0112,RB07-RB08,temporal_neocortex,R,8,0.7999633068740323,0.6223591697480555,0.10909775502343573,0.019719276813417952,0.016997981233491454,0.009245658965429084
sub-RID0112,RB08-RB09,temporal_neocortex,R,8,0.8585619138210179,0.5192017336037932,0.07281125321466778,0.012273133249657581,0.005674465940348717,0.002163383701520986
sub-RID0112,RB09-RB10,temporal_neocortex,R,8,0.5576059308579444,0.36243598021588613,0.14855241758331547,0.06423606689204041,0.0699770583329476,0.12486962596983463
sub-RID0112,RC06-RC07,temporal_neocortex,R,8,0.7726986016289903,0.5221764512641855,0.10405579759917621,0.02442854207789982,0.023169628592932874,0.012898549947962749
sub-RID0112,RC07-RC08,temporal_neocortex,R,8,0.6808479255845112,0.4553554320995382,0.1217736195416478,0.03797016490839907,0.028079921835973153,0.013677320316113354
sub-RID0112,RC08-RC09,temporal_neocortex,R,8,0.7076210001320542,0.4771444688620314,0.09793534086417988,0.040261481890795134,0.04679376047670879,0.12956584955717035
sub-RID0112,RD01-RD02,temporal_neocortex,R,8,0.8011864623715336,0.49207403047551823,0.07688055385510835,0.0324292916189239,0.030408565711602505,0.01541064127001241
sub-RID0112,RD02-RD03,temporal_neocortex,R,8,0.8224614728234412,0.4642085290120156,0.062326536191207496,0.03127599957467517,0.025633922280349303,0.009841829610260738
sub-RID0112,RD03-RD04,temporal_neocortex,R,8,0.6792643623789666,0.36585579624948655,0.09746146929526568,0.05681162732468739,0.0707957732491641,0.0676048530867034
sub-RID0117,LAT01-LAT02,entorhinal,W,8,0.6982628241075362,0.4004874769735575,0.09115610615766302,0.040355606662927444,0.09092502380783649,0.04702162375996689
sub-RID0117,LAT02-LAT03,temporal_neocortex,W,8,0.5240538941721522,0.2933630470692026,0.13478291452147959,0.06561483604396781,0.11221436246446816,0.04364673556512921
sub-RID0117,LAT03-LAT04,temporal_neocortex,W,8,0.6546276206254947,0.40296029738227657,0.1360475534693001,0.04746392402651753,0.0526433754864495,0.03333777804139352
sub-RID0117,LDA02-LDA03,hippocampal,W,8,0.5907152893104787,0.4069018074770042,0.1339152685638748,0.05643284913293783,0.10061070666177008,0.06969284176513042
sub-RID0117,LDA03-LDA04,hippocampal,W,8,0.6163083439531943,0.38143570644212743,0.12578742264749188,0.048346326262608076,0.11249347878018237,0.052866546270385915
sub-RID0117,LDH01-LDH02,parahippocampal,W,8,0.6979857186378124,0.44436115018455447,0.12013428987528102,0.02977919265009533,0.06950563576408798,0.03524040006132364
sub-RID0117,LDH02-LDH03,parahippocampal,W,8,0.7784178431958122,0.35567113043070253,0.07992145907132014,0.036088168734187076,0.04391876626432062,0.02774039433577479
sub-RID0117,LDH03-LDH04,parahippocampal,W,8,0.6862518252848477,0.3760242543967887,0.13536560261839908,0.03829728836737972,0.045326556283033566,0.02301632781119409
sub-RID0117,RAT01-RAT02,entorhinal,W,8,0.6861223303283581,0.47279592079746413,0.11635384752578001,0.051062297490676874,0.06242967446300423,0.048598792280473015
sub-RID0117,RDA02-RDA03,hippocampal,W,8,0.769351612910802,0.48277402679745957,0.07990803150939813,0.031210105572874944,0.052627216292621154,0.04890443342809951
sub-RID0117,RDA03-RDA04,hippocampal,W,8,0.7541369623901031,0.4532891699468928,0.09693393097437769,0.03644532651854422,0.045910036228997926,0.039637310366566716
sub-RID0117,RG05-RG06,temporal_neocortex,W,8,0.6733073198735815,0.46643878340014455,0.12425093948617272,0.04676703503276054,0.060966742061727586,0.033910573995970965
sub-RID0117,RG06-RG07,temporal_neocortex,W,8,0.6762483658285101,0.46676662367643657,0.12540635388486177,0.05029549825320189,0.05302431107475759,0.03235435513695693
sub-RID0117,RG07-RG08,temporal_neocortex,W,8,0.5187486847380637,0.3498647068269728,0.1646727983019929,0.08082134078016184,0.09886022067250644,0.05366699531015436
sub-RID0117,RG13-RG14,temporal_neocortex,W,8,0.5959789633650029,0.3864670481873008,0.1390223568010343,0.06555086778836898,0.07620991123517701,0.03885059240721162
sub-RID0117,RG14-RG15,temporal_neocortex,W,8,0.5126327948801556,0.3277536672050121,0.15339786191286686,0.0840224908328906,0.10502373897621493,0.05961147508522484
sub-RID0117,RG15-RG16,temporal_neocortex,W,8,0.5068531440565048,0.3118073373034197,0.13734950361530418,0.07487207876567878,0.1379278957011496,0.07691562834679022
sub-RID0117,RG16-RG17,temporal_neocortex,W,8,0.7246129130139944,0.43210319487508675,0.07719028318365283,0.04595546657007622,0.08488134255507894,0.031213492411373944
sub-RID0117,RG22-RG23,temporal_neocortex,W,8,0.5033056436603689,0.2816211472764701,0.10901018178510627,0.10642472023868824,0.1426646637136625,0.0652364093824977
sub-RID0117,RG23-RG24,temporal_neocortex,W,8,0.48688493063787525,0.3011424241466413,0.1328506211563707,0.08670737792696197,0.13619739818679907,0.08394195549419863
sub-RID0117,RG24-RG25,temporal_neocortex,W,8,0.6991689958118378,0.35441036882974597,0.08023086389736431,0.05763812226287385,0.07347040712535267,0.04605196486545059
sub-RID0117,RG25-RG26,temporal_neocortex,W,8,0.6384061532619946,0.43740299257072895,0.09875961924169455,0.047368983935381914,0.12499676949060216,0.048772716901059235
sub-RID0117,RG26-RG27,temporal_neocortex,W,8,0.7907348114228969,0.4416723716634481,0.04827183179154595,0.025277825624337325,0.09221074027600691,0.022284045327700754
sub-RID0117,RG27-RG28,temporal_neocortex,W,8,0.8451932481306835,0.47199953897966174,0.042062954321709756,0.03046244459755442,0.039796500463487886,0.024026178097984137
sub-RID0117,RG28-RG29,temporal_neocortex,W,8,0.7207965699122556,0.4043910607984239,0.06954946782499266,0.050021608910894036,0.09087087571611074,0.034602323447006415
sub-RID0117,RG29-RG30,temporal_neocortex,W,8,0.46639300543213486,0.27972235074218516,0.1072541408058157,0.07643155810362713,0.18622138096944132,0.11913101462366446
sub-RID0117,LAT01-LAT02,entorhinal,N2,8,0.7417516812804733,0.5258633415132866,0.11322419699680067,0.034024048200924806,0.04425374593715077,0.021356602435837316
sub-RID0117,LAT02-LAT03,temporal_neocortex,N2,8,0.5573901634388138,0.3931075059195598,0.2181234829417286,0.04459245557107831,0.038304323552246854,0.014689928637879216
sub-RID0117,LAT03-LAT04,temporal_neocortex,N2,8,0.7686874185525716,0.5169413295719947,0.11744618527518931,0.02334391783268503,0.021227583746875917,0.013578190359402612
sub-RID0117,LDA02-LDA03,hippocampal,N2,8,0.6189489959583976,0.44829596423889984,0.1832020325561868,0.044836317813944815,0.053274751182506346,0.02728432302602337
sub-RID0117,LDA03-LDA04,hippocampal,N2,8,0.6733783821327355,0.44896546168809537,0.13780311684089014,0.04359222038386483,0.05616025618889335,0.032119914000899974
sub-RID0117,LDH01-LDH02,parahippocampal,N2,8,0.7239604844967875,0.47476865950696134,0.14229867419619197,0.03029537647509096,0.027022662185942098,0.013534547306261378
sub-RID0117,LDH02-LDH03,parahippocampal,N2,8,0.7634775844324695,0.5063733824271919,0.14438338664436595,0.016814196470171176,0.015759641971938146,0.010250389804812278
sub-RID0117,LDH03-LDH04,parahippocampal,N2,8,0.7655834435813619,0.5251384914989143,0.12731845429591102,0.02680134793257547,0.02043570392682553,0.006982278717891435
sub-RID0117,RAT01-RAT02,entorhinal,N2,8,0.7660501460197415,0.5037035489943584,0.1283160452754408,0.023644226295278143,0.021843553746195073,0.011505787805851826
sub-RID0117,RDA02-RDA03,hippocampal,N2,8,0.7516686116381988,0.5026407858200068,0.134262102860226,0.025712887766328584,0.02372529960351004,0.01375310943298895
sub-RID0117,RDA03-RDA04,hippocampal,N2,8,0.767653777844604,0.494075919026795,0.12528002061843183,0.028639105017660187,0.02350149654500546,0.00537130159387677
sub-RID0117,RG05-RG06,temporal_neocortex,N2,8,0.7713224060993318,0.5208184762286319,0.10042099076886013,0.03351969897975271,0.03320511709569544,0.010420216688130087
sub-RID0117,RG06-RG07,temporal_neocortex,N2,8,0.7505269681137697,0.4581954266763244,0.1363240288551543,0.024757649133943117,0.02528333469096328,0.009405720725891385
sub-RID0117,RG07-RG08,temporal_neocortex,N2,8,0.7127153847858367,0.4735777795939621,0.1636939676031873,0.02560348152207193,0.024896822544689425,0.011634956697464902
sub-RID0117,RG13-RG14,temporal_neocortex,N2,8,0.598105236565733,0.4473022138529065,0.19348335844145803,0.05073000851287432,0.052492871816345064,0.03318390141131082
sub-RID0117,RG14-RG15,temporal_neocortex,N2,8,0.5426536625505081,0.39364975669217056,0.24407393219330392,0.05330717359462589,0.04744661767329104,0.021813461192435123
sub-RID0117,RG15-RG16,temporal_neocortex,N2,8,0.5764516881533861,0.40646144267900397,0.26182854480787243,0.03998413643177433,0.0394169798472648,0.018083790020905176
sub-RID0117,RG16-RG17,temporal_neocortex,N2,8,0.6640457444732463,0.42939768243612686,0.1976212316408357,0.037443864235656106,0.028668392023123372,0.009419033038590399
sub-RID0117,RG22-RG23,temporal_neocortex,N2,8,0.6089315823820773,0.40698897212648744,0.2269812162298938,0.0429016703647396,0.038505769774342294,0.018355478659676214
sub-RID0117,RG23-RG24,temporal_neocortex,N2,8,0.5765100428000742,0.4172888285648919,0.20326848324750563,0.05418555741992241,0.06414758999367007,0.023836463667000495
sub-RID0117,RG24-RG25,temporal_neocortex,N2,8,0.5943307487594681,0.39302801189480885,0.24909213283923232,0.038559104253929236,0.03664340020641543,0.012901837374070944
sub-RID0117,RG25-RG26,temporal_neocortex,N2,8,0.6055218727760164,0.4174149211499132,0.18735575766195461,0.05799960122694045,0.05165693488692869,0.018378800330373105
sub-RID0117,RG26-RG27,temporal_neocortex,N2,8,0.674300193486904,0.4670982777282202,0.1611870850236449,0.04529888426799882,0.03211982123363853,0.00746061402332278
sub-RID0117,RG27-RG28,temporal_neocortex,N2,8,0.6863983373167623,0.44050185086806787,0.20101415614172458,0.02928486148855044,0.017378895343691057,0.004622750014850874
sub-RID0117,RG28-RG29,temporal_neocortex,N2,8,0.7190128648561984,0.5027888054261984,0.15160579127565643,0.03362532283950903,0.03199793226189032,0.010682308077849874
sub-RID0117,RG29-RG30,temporal_neocortex,N2,8,0.5194624517457077,0.35286220843763344,0.20929878806311553,0.06023915649169519,0.0857011543792322,0.041996764536578066
sub-RID0117,LAT01-LAT02,entorhinal,N3,8,0.758870803974656,0.4898508791601244,0.13058251873694499,0.024561220679924223,0.025741687113279108,0.012901454023720392
sub-RID0117,LAT02-LAT03,temporal_neocortex,N3,8,0.6711047321710366,0.43459111822430463,0.18214209730424522,0.029660427254328246,0.023014094286281553,0.010020289294777447
sub-RID0117,LAT03-LAT04,temporal_neocortex,N3,8,0.8540743732292516,0.4662939141957083,0.08117560179952965,0.012472122199242205,0.010446813389400008,0.005493542546514211
sub-RID0117,LDA02-LDA03,hippocampal,N3,8,0.7076731821596617,0.4780930575144349,0.15853743189664993,0.034226618986128554,0.020527920841916784,0.008530388814813761
sub-RID0117,LDA03-LDA04,hippocampal,N3,8,0.7201143747785711,0.44583747442324373,0.13231089141092553,0.03968691315654531,0.031135734449767145,0.014554776476641326
sub-RID0117,LDH01-LDH02,parahippocampal,N3,8,0.7803185703463595,0.4693672202198661,0.13552419294521306,0.021360972494228785,0.011795736405810065,0.0054828322009402315
sub-RID0117,LDH02-LDH03,parahippocampal,N3,8,0.828836870588299,0.5456702814172906,0.11112080185462567,0.012703454302770575,0.005952154549853678,0.0032313741636435956
sub-RID0117,LDH03-LDH04,parahippocampal,N3,8,0.8146330979920913,0.5248757635547259,0.12319309882366936,0.011991069602483879,0.008956944905752795,0.0031955417264014543
sub-RID0117,RAT01-RAT02,entorhinal,N3,8,0.8199240911479826,0.5541606142168214,0.10428430332964572,0.014272842580074958,0.00966105684549146,0.00583357953411966
sub-RID0117,RDA02-RDA03,hippocampal,N3,8,0.7634817880474092,0.5073961478179083,0.1143531285675391,0.026880532586150217,0.035998648295150024,0.012482229619583571
sub-RID0117,RDA03-RDA04,hippocampal,N3,8,0.8338679666347389,0.5034944943947168,0.08305522728832364,0.023120777166868257,0.014073889619853926,0.00380571806661199
sub-RID0117,RG05-RG06,temporal_neocortex,N3,8,0.8687837297127352,0.5036684874997084,0.0634214348796594,0.01743669748781199,0.014836335939591,0.004625766095278529
sub-RID0117,RG06-RG07,temporal_neocortex,N3,8,0.8539675627861505,0.44889500132866317,0.08387591666850006,0.012741005264900523,0.013051719694303875,0.005689049444279356
sub-RID0117,RG07-RG08,temporal_neocortex,N3,8,0.8593530051692437,0.45792656215717464,0.08319815383988133,0.01118209973915493,0.010840039654869158,0.006372466061078391
sub-RID0117,RG13-RG14,temporal_neocortex,N3,8,0.699651029616815,0.4438068452182994,0.12968710435747877,0.039368658716398094,0.0507560547479298,0.025228270725941318
sub-RID0117,RG14-RG15,temporal_neocortex,N3,8,0.7233364224061161,0.4985834702351277,0.1487249386747207,0.028183915465625452,0.028555094570210573,0.01549910429424341
sub-RID0117,RG15-RG16,temporal_neocortex,N3,8,0.7882599705263647,0.5288139175887618,0.12653930919783662,0.015872477011418418,0.018481796428758267,0.010638921393425016
sub-RID0117,RG16-RG17,temporal_neocortex,N3,8,0.8004730748070404,0.508545348083163,0.11720400828961933,0.015923372328460642,0.01753766595531857,0.007608681276305861
sub-RID0117,RG22-RG23,temporal_neocortex,N3,8,0.8240195954321583,0.5277390779351677,0.10250395068465155,0.014052105627584395,0.01735916243364304,0.011140154907900882
sub-RID0117,RG23-RG24,temporal_neocortex,N3,8,0.836669609755704,0.5665312753050384,0.08793948652443631,0.015576535295300273,0.01944007174148321,0.010474191501202797
sub-RID0117,RG24-RG25,temporal_neocortex,N3,8,0.8158589014683849,0.49125217287367506,0.10734108742199128,0.015334498872859165,0.018321288543986965,0.00887131771247621
sub-RID0117,RG25-RG26,temporal_neocortex,N3,8,0.7212791939360461,0.4668706089557133,0.1326378011451289,0.0316197508628937,0.03905810310446914,0.01838925327742741
sub-RID0117,RG26-RG27,temporal_neocortex,N3,8,0.8279117607365354,0.5173690339914474,0.09092933452155746,0.020177845389130263,0.01678813661222896,0.006342875140063355
sub-RID0117,RG27-RG28,temporal_neocortex,N3,8,0.8590184650358608,0.5162378665005138,0.0816190896477825,0.010877423724796623,0.009887237647492957,0.0035510464173385747
sub-RID0117,RG28-RG29,temporal_neocortex,N3,8,0.8256914158267187,0.5025324099740528,0.09690243536857028,0.01751032774972522,0.017708970808246252,0.008009876242905375
sub-RID0117,RG29-RG30,temporal_neocortex,N3,8,0.8356273366852549,0.49241997473064036,0.06967473565968663,0.01939324940280794,0.02933283658115233,0.020921803797376334
sub-RID0117,LAT01-LAT02,entorhinal,R,6,0.791328988153715,0.3966230902832237,0.07433492405523807,0.02915650864691252,0.048312092483080105,0.02186825865215211
sub-RID0117,LAT02-LAT03,temporal_neocortex,R,6,0.5607207481070638,0.3822959941534744,0.18337583681499772,0.047560376156891605,0.04315253981317411,0.01514298371626866
sub-RID0117,LAT03-LAT04,temporal_neocortex,R,6,0.6704373957713251,0.4891184996977473,0.1560896241043315,0.03399559427105258,0.029298928787626317,0.011861433575828221
sub-RID0117,LDA02-LDA03,hippocampal,R,6,0.5470351118653872,0.40135463051052245,0.1582135814199501,0.06806602247324495,0.10404499424782145,0.05889454102610029
sub-RID0117,LDA03-LDA04,hippocampal,R,6,0.5161936697056277,0.35278247306086136,0.1205181506566141,0.08324357108578946,0.1335966725192733,0.08028474662167236
sub-RID0117,LDH01-LDH02,parahippocampal,R,6,0.7474740207060053,0.4995460122449642,0.10635216638741424,0.033410737492874876,0.037498229297961504,0.019479537747051585
sub-RID0117,LDH02-LDH03,parahippocampal,R,6,0.8068011683480796,0.5000544598084483,0.07618384496886543,0.029253711348419528,0.0294234624833552,0.021695449283310676
sub-RID0117,LDH03-LDH04,parahippocampal,R,6,0.7672351511713965,0.5094294896565166,0.09953954841391206,0.03439120482732593,0.028002999793951464,0.011584920791836428
sub-RID0117,RAT01-RAT02,entorhinal,R,6,0.6938919477073614,0.4420010421163614,0.15119967349938696,0.03505368671405957,0.04972126910288715,0.025588670581053283
sub-RID0117,RDA02-RDA03,hippocampal,R,6,0.7441979650163263,0.41602516166559295,0.11904149360341305,0.02921371920209126,0.05154222326918429,0.023615946257418103
sub-RID0117,RDA03-RDA04,hippocampal,R,6,0.7444990670874816,0.5044117007855323,0.15282126563225962,0.024192467226495196,0.026051392284181688,0.010326537722798942
sub-RID0117,RG05-RG06,temporal_neocortex,R,6,0.6454707032637613,0.4464825385264645,0.15230160128454995,0.04764799646242696,0.051991315889474386,0.018625438488029084
sub-RID0117,RG06-RG07,temporal_neocortex,R,6,0.723566167793937,0.4676450451753455,0.12556768212552596,0.03481911529582365,0.03533502473052745,0.014123866252074832
sub-RID0117,RG07-RG08,temporal_neocortex,R,6,0.6591870099703278,0.4523989054265271,0.14941056583613047,0.04470001578891275,0.03991047012114577,0.017977660530865944
sub-RID0117,RG13-RG14,temporal_neocortex,R,6,0.5916220948986822,0.4719515546984013,0.2000986749668151,0.06244082796679253,0.041234785860127875,0.011160058508016194
sub-RID0117,RG14-RG15,temporal_neocortex,R,6,0.5399237934425708,0.40808095281954254,0.22456269848212887,0.06209894380525166,0.0507307816531,0.0206852408772235
sub-RID0117,RG15-RG16,temporal_neocortex,R,6,0.5619133186676203,0.36477194635596083,0.1724098024247952,0.06690298959497767,0.07546235715475823,0.03552739704022686
sub-RID0117,RG16-RG17,temporal_neocortex,R,6,0.6299122767985109,0.42767428358684323,0.1611273765127412,0.0512117231475164,0.05498254655328098,0.020326412642741782
sub-RID0117,RG22-RG23,temporal_neocortex,R,6,0.59826177171649,0.40077548858312767,0.14685276316141138,0.07082386429394076,0.07351126022014048,0.03641690727933365
sub-RID0117,RG23-RG24,temporal_neocortex,R,6,0.5727082519055001,0.33288656939570854,0.13183879898113696,0.06516073414131861,0.10330469541446202,0.04967892287250869
sub-RID0117,RG24-RG25,temporal_neocortex,R,6,0.6318025194153886,0.43585664444453437,0.16449072237987006,0.04351096747130433,0.060150014258903504,0.028117318997369304
sub-RID0117,RG25-RG26,temporal_neocortex,R,6,0.5711425596857665,0.41898381551971015,0.22208083138040355,0.05336690777302142,0.05139071770655108,0.019207854583263316
sub-RID0117,RG26-RG27,temporal_neocortex,R,6,0.6156073125789048,0.40258589622153157,0.19837012778910765,0.052070939794538064,0.04481654347073175,0.012165416262616087
sub-RID0117,RG27-RG28,temporal_neocortex,R,6,0.673717885164096,0.454266509727318,0.1782921158871333,0.033485020195435256,0.028681167333883355,0.008883044127767916
sub-RID0117,RG28-RG29,temporal_neocortex,R,6,0.6075736958679675,0.42828686650927295,0.18801123076833623,0.05114982535871668,0.05566286670649454,0.02313819009019687
sub-RID0117,RG29-RG30,temporal_neocortex,R,6,0.5016740065565698,0.30539080768800625,0.1719225916252287,0.06548507510277367,0.11306745595614416,0.0723066611528949
sub-RID0139,LA02-LA03,hippocampal,W,8,0.7195552681287413,0.4289162807550744,0.1372701063928336,0.029833585609437073,0.03094693412963401,0.03847437381818185
sub-RID0139,LA03-LA04,hippocampal,W,8,0.6620066803481115,0.41766057281201957,0.18625902077380396,0.03404856413995811,0.03168905237722601,0.03485159312955566
sub-RID0139,LA05-LA06,parahippocampal,W,8,0.577646064444047,0.4384695900729657,0.22321733069694774,0.04397765882770579,0.03883028677566242,0.012526239406239186
sub-RID0139,LA08-LA09,temporal_neocortex,W,8,0.5436734142088365,0.4286550436687352,0.32008617951270446,0.02660916759288732,0.018066729646769183,0.0049041364728411585
sub-RID0139,LA11-LA12,temporal_neocortex,W,8,0.5650098198657353,0.4225095660048442,0.31286172165903264,0.022318266091283095,0.013121054470325707,0.01313824345850195
sub-RID0139,LB03-LB04,parahippocampal,W,7,0.835807876142403,0.3397827376391521,0.09622059269138607,0.014260463236419402,0.011168074040046577,0.004613617503028561
sub-RID0139,LB08-LB09,temporal_neocortex,W,8,0.5516456135569205,0.4235204397144346,0.26805001022110025,0.038212440660290434,0.020944502517807856,0.004471238883496517
sub-RID0139,LB09-LB10,temporal_neocortex,W,8,0.4253416685400465,0.3572277413588642,0.3782947820884275,0.0359001292833923,0.01531936720723582,0.002669219879173365
sub-RID0139,LB10-LB11,temporal_neocortex,W,8,0.5777505593717158,0.4404915511908004,0.3357395960874308,0.011502265688700303,0.0038095036926861147,0.0009946599329956382
sub-RID0139,LB11-LB12,temporal_neocortex,W,8,0.2956600810489444,0.24570902083313656,0.30988233938750415,0.09266844179147059,0.10402927125111264,0.16324707804430255
sub-RID0139,RA01-RA02,amygdala,W,8,0.704825894438363,0.509455393621608,0.16425475687181523,0.02226329541783255,0.02903469023317079,0.02883960891249405
sub-RID0139,RA02-RA03,amygdala,W,8,0.6610219811516206,0.49515062510009955,0.16452705970511552,0.036128260397983135,0.041926842209999496,0.04750621688090053
sub-RID0139,RA03-RA04,hippocampal,W,8,0.5922273821470482,0.4388569799653288,0.20555276554049695,0.03975139697791126,0.05152400984565588,0.07235383073001642
sub-RID0139,RA06-RA07,temporal_neocortex,W,8,0.5918644470261882,0.43525982308328415,0.22270792728458216,0.04515372263762578,0.04196764573408143,0.012146832583603023
sub-RID0139,RA07-RA08,temporal_neocortex,W,8,0.5604621064527275,0.38972165617940835,0.21163382782554685,0.05937770974055643,0.048713101765281694,0.018520194465434306
sub-RID0139,RB01-RB02,hippocampal,W,8,0.5874769606089465,0.421398496993285,0.2218708160013932,0.03946802289478381,0.04728537058856769,0.049312264842794794
sub-RID0139,RB02-RB03,hippocampal,W,8,0.782758993451106,0.5437093006511287,0.12321752855246484,0.015066683345566162,0.02569918625871214,0.03304950211972849
sub-RID0139,RB06-RB07,temporal_neocortex,W,8,0.7369494777200234,0.5289500877634006,0.15449002652226457,0.02704162552913856,0.01491717828134138,0.0033853432222088926
sub-RID0139,RB07-RB08,temporal_neocortex,W,8,0.7645040755145309,0.5709116465470618,0.1435472347919688,0.02011456121365706,0.010315437578003725,0.0025482889956068436
sub-RID0139,RB08-RB09,temporal_neocortex,W,8,0.6991946407359371,0.5206234964205405,0.2162732786505513,0.011341555135440468,0.00469724036278186,0.0014355185017776585
sub-RID0139,RB09-RB10,temporal_neocortex,W,8,0.7419150102334426,0.5532781646253735,0.16737003902864767,0.017823532725893466,0.01506925669610841,0.022675479246515542
sub-RID0139,LA02-LA03,hippocampal,N2,8,0.7813081902577684,0.5829408434831047,0.11933360537152563,0.02081937961523704,0.01774384377035633,0.012122382983858699
sub-RID0139,LA03-LA04,hippocampal,N2,8,0.7327759259623524,0.5594281960710676,0.16236728194406788,0.02103170525004773,0.016406329985280608,0.009492504433013794
sub-RID0139,LA05-LA06,parahippocampal,N2,8,0.7418871734467547,0.5400797596371301,0.16076068408996813,0.021880902216635557,0.014136626728770151,0.004346069068992339
sub-RID0139,LA08-LA09,temporal_neocortex,N2,8,0.6747082932069908,0.5058255551400753,0.22693420304952688,0.016357595802485816,0.0075983987379582025,0.0019064051959702087
sub-RID0139,LA11-LA12,temporal_neocortex,N2,8,0.7287327383774006,0.5210914551153031,0.2102412343108331,0.0077432455394558135,0.0030620614787258476,0.0004767003723079253
sub-RID0139,LB03-LB04,parahippocampal,N2,8,0.7586392966689427,0.5223282821571911,0.18483325527699165,0.010667352132906266,0.004567587939152735,0.0022370033521786218
sub-RID0139,LB08-LB09,temporal_neocortex,N2,8,0.7489988915777337,0.5691077360998745,0.19685736502892984,0.009341506040008888,0.003387191925292847,0.000809935355636857
sub-RID0139,LB09-LB10,temporal_neocortex,N2,8,0.5888946178801995,0.48461813508713214,0.32283713726854957,0.012376329523083969,0.004428916134652346,0.0008965221311451324
sub-RID0139,LB10-LB11,temporal_neocortex,N2,8,0.7524220801413599,0.5619135991677873,0.20349956556823462,0.003100964778084879,0.0009194001556031852,0.00021137205485730507
sub-RID0139,LB11-LB12,temporal_neocortex,N2,8,0.5718496065219889,0.4699322394958865,0.2664609910669289,0.03885343732540013,0.023752466336843116,0.006090796060941666
sub-RID0139,RA01-RA02,amygdala,N2,8,0.8413719030678368,0.5680154720011446,0.10017743721121922,0.009782588899949431,0.008119241690473147,0.007061728645311223
sub-RID0139,RA02-RA03,amygdala,N2,8,0.7240481164825742,0.6047425005888518,0.16577003880303512,0.021868845299978814,0.017814484241783356,0.018587607125437125
sub-RID0139,RA03-RA04,hippocampal,N2,8,0.7817472984822151,0.549806256918211,0.12556005453783534,0.019199303662744582,0.016297189320705598,0.017263917932939094
sub-RID0139,RA06-RA07,temporal_neocortex,N2,8,0.7448422219452199,0.5977733061427245,0.19170324801262217,0.009603729503797738,0.005343136374987157,0.001341427870254069
sub-RID0139,RA07-RA08,temporal_neocortex,N2,8,0.7455418571591776,0.5713814922997769,0.1658031043643839,0.01726215290790249,0.010163584240604496,0.0033052870797755955
sub-RID0139,RB01-RB02,hippocampal,N2,8,0.6752237792698288,0.529703758688444,0.16443337134586605,0.05296776994394313,0.02770597961147246,0.013743398527093342
sub-RID0139,RB02-RB03,hippocampal,N2,8,0.7346072844820679,0.5638832051800481,0.12041497297902677,0.06245659546689464,0.02627731349926963,0.00861577704053643
sub-RID0139,RB06-RB07,temporal_neocortex,N2,8,0.8004839594104229,0.6157904994661634,0.1385426263407222,0.01327497655162621,0.005334415541934956,0.0012502877039020795
sub-RID0139,RB07-RB08,temporal_neocortex,N2,8,0.7656431526490448,0.6056814911847074,0.18378056799465886,0.009186567426451063,0.0035211433381936025,0.0008889720492972184
sub-RID0139,RB08-RB09,temporal_neocortex,N2,8,0.7097431206685074,0.5392347442356797,0.24315452285260986,0.004164466069802435,0.0012429803027755241,0.00024576069681085146
sub-RID0139,RB09-RB10,temporal_neocortex,N2,8,0.7370519323376794,0.5854102764931853,0.21220299865367115,0.007698503013271579,0.0035029326176960226,0.0007904140599892653
sub-RID0139,LA02-LA03,hippocampal,N3,8,0.8051702195007535,0.601857184766595,0.11730493248509141,0.015485677302757718,0.012018299131552975,0.00656425570488047
sub-RID0139,LA03-LA04,hippocampal,N3,8,0.8095793144236587,0.6104544241087058,0.12409667144018618,0.01191445935450577,0.0063574668465947335,0.003292823772303187
sub-RID0139,LA05-LA06,parahippocampal,N3,8,0.8774419177048187,0.5993167223400809,0.08077649005189752,0.00794848104746428,0.004913076035427476,0.0017204022832710982
sub-RID0139,LA08-LA09,temporal_neocortex,N3,8,0.8151685175241273,0.5487257511610992,0.13554110300895134,0.0075234264787720035,0.0038600562903598964,0.0013857522425724344
sub-RID0139,LA11-LA12,temporal_neocortex,N3,8,0.7858143814162301,0.533929655198975,0.17414609692884114,0.0034021860755481647,0.001264289225406693,0.0003031119457221586
sub-RID0139,LB03-LB04,parahippocampal,N3,8,0.8689196350495456,0.5239364687518149,0.09126728499825078,0.00919791030265015,0.0029314270993609478,0.0014704307627635008
sub-RID0139,LB08-LB09,temporal_neocortex,N3,8,0.7767584777537161,0.5209461810329823,0.17879982217897455,0.004598946470178668,0.0021642370971355638,0.0006515196120478381
sub-RID0139,LB09-LB10,temporal_neocortex,N3,8,0.6218051667984457,0.45728646699261305,0.30813681521639513,0.008569648492557005,0.003028864252251527,0.0008480515814618172
sub-RID0139,LB10-LB11,temporal_neocortex,N3,8,0.7560246032228966,0.5347861773102844,0.20792934083997053,0.0019276505577525802,0.0007252204861870294,0.00023084588536332218
sub-RID0139,LB11-LB12,temporal_neocortex,N3,8,0.6716905331155216,0.5090418424470116,0.2269726802650602,0.0221114257473075,0.011691556290752775,0.004074373151460942
sub-RID0139,RA01-RA02,amygdala,N3,8,0.9252901520829566,0.5603482190113465,0.05083100622580079,0.0034207013698069975,0.0024850312867895,0.002070861724664759
sub-RID0139,RA02-RA03,amygdala,N3,8,0.7396942101247993,0.5844163640400475,0.1709469070669236,0.015424324147055376,0.010329161029360536,0.00958605590342423
sub-RID0139,RA03-RA04,hippocampal,N3,8,0.8000724619144768,0.5727450743525744,0.1295441768953977,0.013488957699766367,0.009205067314278483,0.008419216063350207
sub-RID0139,RA06-RA07,temporal_neocortex,N3,8,0.8099230372114556,0.5410942943112462,0.14814343234173116,0.005040018435629717,0.0037679921210499326,0.0012905404733179024
sub-RID0139,RA07-RA08,temporal_neocortex,N3,8,0.8628656026275057,0.5428178977014404,0.09706434854104783,0.005744552353558674,0.00438900094910045,0.002055792685241275
sub-RID0139,RB01-RB02,hippocampal,N3,8,0.763163733664798,0.6041947012553983,0.13781944268609098,0.03046170796709418,0.011732065707317375,0.005448188848362211
sub-RID0139,RB02-RB03,hippocampal,N3,8,0.7843023281478844,0.5941455677444272,0.12138363738905456,0.0342382486269505,0.013047486337920782,0.003864356348088605
sub-RID0139,RB06-RB07,temporal_neocortex,N3,8,0.890602793628188,0.527529224455823,0.07566152671318718,0.005035035465853988,0.002424118001631768,0.0008801492226500529
sub-RID0139,RB07-RB08,temporal_neocortex,N3,8,0.8575204850416112,0.541652176968304,0.1110253497765228,0.004340511040094939,0.001983591967446223,0.0007779294003798717
sub-RID0139,RB08-RB09,temporal_neocortex,N3,8,0.7378556009375683,0.4872148235930686,0.22485944336300775,0.002988291410378136,0.0009213410661175248,0.0003271852830364092
sub-RID0139,RB09-RB10,temporal_neocortex,N3,8,0.7883434818067161,0.5270438161453896,0.17802498092701313,0.003996601993774569,0.0023670501776572204,0.0030965017758001184
sub-RID0139,LA02-LA03,hippocampal,R,8,0.7676745287697684,0.46571109969343394,0.10751114166658127,0.027764816862850383,0.028807307108565747,0.02818459296435355
sub-RID0139,LA03-LA04,hippocampal,R,8,0.6821292544453321,0.4431818105135249,0.17306338465778215,0.027681342817634066,0.033490635906384694,0.027556903851683957
sub-RID0139,LA05-LA06,parahippocampal,R,8,0.801705678377653,0.580848645305909,0.13252420816309565,0.013711313653236915,0.011045162546813588,0.0037764420881515777
sub-RID0139,LA08-LA09,temporal_neocortex,R,8,0.7079634818459184,0.5353721171012917,0.22009077808531757,0.011022064392248385,0.005827676984600953,0.0014514238669848178
sub-RID0139,LA11-LA12,temporal_neocortex,R,8,0.7450372441395898,0.5751304980505023,0.20016941247985745,0.006564864459583762,0.0026552999333410462,0.0003452546445084103
sub-RID0139,LB03-LB04,parahippocampal,R,8,0.7375955373520819,0.5395435094599907,0.19681273398286908,0.012356194143867771,0.007328409160688781,0.005099280503627984
sub-RID0139,LB08-LB09,temporal_neocortex,R,8,0.8293834022325597,0.641013749662689,0.12988022635225444,0.006235681051930392,0.0030896821013652784,0.0008601883449854272
sub-RID0139,LB09-LB10,temporal_neocortex,R,8,0.6665689887528675,0.5465121024643941,0.26863250412300654,0.008848687922979435,0.004326720751673448,0.0010200138992475327
sub-RID0139,LB10-LB11,temporal_neocortex,R,8,0.7751284739467013,0.6332118958830346,0.18991218471599036,0.0018706606956598397,0.0007121458043796227,0.00017603015594807838
sub-RID0139,LB11-LB12,temporal_neocortex,R,8,0.5774573985380047,0.4945405238203424,0.26962955531889293,0.0339533971965557,0.022421654595986197,0.005177964043572916
sub-RID0139,RA01-RA02,amygdala,R,8,0.7879799424418968,0.49507466251386933,0.12087418065701047,0.016928294677987784,0.018273696137849918,0.017659864636072102
sub-RID0139,RA02-RA03,amygdala,R,8,0.703337043673276,0.5103074495210107,0.15697850150823028,0.02953421250052719,0.028080230114777602,0.03039495866508846
sub-RID0139,RA03-RA04,hippocampal,R,8,0.6943613999698547,0.4690880922587691,0.1675517609976321,0.028516881686021487,0.030772527362008792,0.03894389076295274
sub-RID0139,RA06-RA07,temporal_neocortex,R,8,0.7490618970424698,0.6070792307609505,0.186753211611277,0.008972678183302647,0.007145109718303375,0.00209858376740261
sub-RID0139,RA07-RA08,temporal_neocortex,R,8,0.7831292852409306,0.5807939513493994,0.15160974813891354,0.011077780919752377,0.00864090363736401,0.0033960904981620793
sub-RID0139,RB01-RB02,hippocampal,R,8,0.7473984937504956,0.44215372713789386,0.11270616068997756,0.04918499265130124,0.026137557782950103,0.02380369017674949
sub-RID0139,RB02-RB03,hippocampal,R,8,0.8758862779902334,0.47722672060472826,0.051097079513799104,0.034004709055061505,0.013800111144160495,0.011432770797564742
sub-RID0139,RB06-RB07,temporal_neocortex,R,8,0.9045465033285498,0.6638514527870184,0.06662179034980786,0.005427381858796132,0.003189799660787592,0.0009371896516581449
sub-RID0139,RB07-RB08,temporal_neocortex,R,8,0.90275504521794,0.7262392597609827,0.06996242653839885,0.003868873067533145,0.0025388341892319706,0.0007715868539831756
sub-RID0139,RB08-RB09,temporal_neocortex,R,8,0.7620379109351176,0.56806226910163,0.1989921370946119,0.0037585224547674076,0.0016884608426616294,0.000416309013191715
sub-RID0139,RB09-RB10,temporal_neocortex,R,8,0.824566621805086,0.6376797070167175,0.13992001595726006,0.005636520475176721,0.003550024953118053,0.0009171109733667444
sub-RID0146,LD01-LD02,temporal_neocortex,N2,8,0.7742145076049566,0.45942470142680125,0.08953591436853779,0.04904697780303861,0.018193773441270253,0.0032599397432029175
sub-RID0146,LD02-LD03,temporal_neocortex,N2,8,0.7060692979878096,0.39367079795462934,0.13309163960154424,0.04768195124465634,0.0197821731785466,0.004691891082067877
sub-RID0146,LE01-LE02,temporal_neocortex,N2,8,0.757298454268871,0.41848484526605134,0.09888416148526674,0.039292748986712006,0.02281839424888369,0.007749988637387888
sub-RID0146,LB01-LB02,parahippocampal,N2,8,0.6689612793266098,0.5032932545873341,0.16301297102603604,0.03303335106647277,0.03716877646293905,0.03806494205648796
sub-RID0146,LB02-LB03,parahippocampal,N2,8,0.6364750171217293,0.43520811673991877,0.15653672717705402,0.053992740206970535,0.04873083728209203,0.03310070622780739
sub-RID0146,LB05-LB06,temporal_neocortex,N2,8,0.5044690919528269,0.2338245008030153,0.2221044722888172,0.06472034649665559,0.025974824334183102,0.0029014704218285436
sub-RID0146,LB09-LB10,temporal_neocortex,N2,8,0.4118094050491138,0.24988465696765202,0.2775800144310356,0.08833379401638276,0.04433771867580708,0.007621791667908072
sub-RID0146,LB10-LB11,temporal_neocortex,N2,8,0.7187565266551375,0.3694787504669708,0.1774469084922614,0.021575155906329045,0.005905038265752338,0.0014566986685998831
sub-RID0146,LC03-LC04,temporal_neocortex,N2,8,0.5891393349823371,0.2964447687063147,0.1857665287637963,0.05336879575395634,0.03720882128957649,0.007099512584060837
sub-RID0146,LC04-LC05,temporal_neocortex,N2,8,0.6413079046938606,0.34309490741935744,0.1349766023346217,0.06250112493357539,0.04600847902290849,0.007841166460753432
sub-RID0146,LC05-LC06,temporal_neocortex,N2,8,0.5168831256188882,0.2306309837775686,0.19435251940068354,0.0858454567586404,0.05238295442238922,0.008248915311502337
sub-RID0146,LC06-LC07,temporal_neocortex,N2,8,0.3594270430881005,0.16268750797627113,0.34350125256543207,0.05521963714268091,0.019976639626920648,0.002526329839174644
sub-RID0146,LC07-LC08,temporal_neocortex,N2,8,0.31311241870591866,0.1652882192156701,0.316236638827743,0.10340030594716255,0.05545251642966452,0.012166750220737332
sub-RID0146,LC08-LC09,temporal_neocortex,N2,8,0.3567526319041585,0.25416681732385893,0.3659880800305437,0.07414666785685575,0.02668354595171281,0.0031098216111185165
sub-RID0146,LA01-LA02,temporal_neocortex,N2,8,0.707985729088031,0.4253962598029484,0.17458897267257947,0.02020399846163634,0.021496909061118157,0.012035252679049499
sub-RID0146,LA02-LA03,temporal_neocortex,N2,8,0.7520524418133498,0.4873588831065529,0.13452797714055903,0.024836017305603458,0.01568504862346126,0.007782845542894226
sub-RID0146,LA03-LA04,temporal_neocortex,N2,8,0.5314128231919886,0.3174753931271261,0.2655063995993573,0.04718103125553476,0.019294033720385427,0.005869389238713557
sub-RID0146,LA04-LA05,temporal_neocortex,N2,8,0.46522529788045336,0.2752656500251177,0.24827587900928566,0.09086255124145377,0.04670469910783566,0.008641721092755919
sub-RID0146,LA05-LA06,temporal_neocortex,N2,8,0.550676404823359,0.29964543819387685,0.2428250014381131,0.06317297880709868,0.027991679321057863,0.0041624613649774095
sub-RID0146,LD01-LD02,temporal_neocortex,N3,8,0.7483310197202103,0.4329681809377753,0.11985842326965102,0.04369133873814398,0.010737843924552442,0.0019443655565291491
sub-RID0146,LD02-LD03,temporal_neocortex,N3,8,0.7194573036020284,0.4302316746754707,0.14609709591333553,0.04395952576549336,0.01202278467649859,0.0029153411776281215
sub-RID0146,LE01-LE02,temporal_neocortex,N3,8,0.8285775355152443,0.26877244981380854,0.08139083464820562,0.025709597595921965,0.011832628543365208,0.004001553434841548
sub-RID0146,LB01-LB02,parahippocampal,N3,8,0.6864385283145854,0.4442779661944284,0.16670768749203896,0.03323587083680421,0.03189240542430612,0.02475849316395886
sub-RID0146,LB02-LB03,parahippocampal,N3,8,0.6998916244312239,0.4103821460477598,0.13216778391361378,0.044064473680303126,0.03760739836914372,0.020939787346607508
sub-RID0146,LB05-LB06,temporal_neocortex,N3,8,0.5507954002717227,0.25050558841957166,0.24956310822053102,0.04313600592391331,0.015422285562651076,0.0018539289572637302
sub-RID0146,LB09-LB10,temporal_neocortex,N3,8,0.49286901094982855,0.27034234803207113,0.2787554827005345,0.0616139454113688,0.02391773085608342,0.003937648870270221
sub-RID0146,LB10-LB11,temporal_neocortex,N3,8,0.7633598749813436,0.36767265453016823,0.16210491371438335,0.01385215188552422,0.0030057604056318923,0.0009474370401277584
sub-RID0146,LC03-LC04,temporal_neocortex,N3,8,0.6070718739062255,0.3101033760528833,0.19595824052694655,0.049306117952188165,0.03383202255409613,0.005430637296127505
sub-RID0146,LC04-LC05,temporal_neocortex,N3,8,0.7292410701895817,0.3152629615869878,0.12615059194521164,0.03890264560947364,0.02456674359312757,0.004606440831960668
sub-RID0146,LC05-LC06,temporal_neocortex,N3,8,0.6505399078846671,0.28107286972083967,0.18294444658875303,0.04620597475764568,0.023872726023898054,0.0043875792900224374
sub-RID0146,LC06-LC07,temporal_neocortex,N3,8,0.4893946184362249,0.22342545639522793,0.3489530543202611,0.028047040508834657,0.008221011722514193,0.0011189862087702175
sub-RID0146,LC07-LC08,temporal_neocortex,N3,8,0.4976215997500154,0.24293082526559934,0.2894415290186362,0.05531206712390725,0.02470364403450732,0.0051856351317344646
sub-RID0146,LC08-LC09,temporal_neocortex,N3,8,0.44768587386656167,0.28104250281325904,0.34725109977393853,0.048545175890438726,0.012928220988295547,0.0015773926345902843
sub-RID0146,LA01-LA02,temporal_neocortex,N3,8,0.761201233442711,0.3770000357483292,0.15965058206759547,0.01451990367593209,0.013881339920243516,0.008018079834262018
sub-RID0146,LA02-LA03,temporal_neocortex,N3,8,0.7287590974537728,0.43163211947668667,0.17892548016721707,0.018671231762033957,0.01047536683224537,0.005368497257704469
sub-RID0146,LA03-LA04,temporal_neocortex,N3,8,0.5791264033995971,0.346894437625458,0.28473393923552237,0.030639233290163104,0.01053989850804557,0.003528348468886471
sub-RID0146,LA04-LA05,temporal_neocortex,N3,8,0.5440109619045925,0.3008990637959647,0.2558008233056704,0.06211660348463534,0.02696602898555642,0.006036023364326714
sub-RID0146,LA05-LA06,temporal_neocortex,N3,8,0.6382413060189245,0.3263764407447741,0.22764817402946858,0.03866618242608471,0.014146218889742199,0.002104464387215774
sub-RID0146,LD01-LD02,temporal_neocortex,R,8,0.5091310959715976,0.3762267769375995,0.1667889968939022,0.09019243207685683,0.14599446042261788,0.010752771468905273
sub-RID0146,LD02-LD03,temporal_neocortex,R,8,0.49343141368721133,0.3079964821016278,0.200502586867572,0.07879782075635892,0.12474878502321265,0.017328663143628655
sub-RID0146,LE01-LE02,temporal_neocortex,R,8,0.6121088320009354,0.45184676801826207,0.17990494791732747,0.045890302399952176,0.05237168206205106,0.017893955766448952
sub-RID0146,LB01-LB02,parahippocampal,R,8,0.6994938710772665,0.5161068989434385,0.1437902173035961,0.028314374226396613,0.035199621514168965,0.037535241653945624
sub-RID0146,LB02-LB03,parahippocampal,R,8,0.6018784248795592,0.4617771344852506,0.15021447917342134,0.05556549584965638,0.05799410575740137,0.03483596554428368
sub-RID0146,LB05-LB06,temporal_neocortex,R,8,0.38242171655897605,0.2532203309326988,0.1875248676196219,0.0873204271283886,0.051602989615298814,0.006236956700997725
sub-RID0146,LB09-LB10,temporal_neocortex,R,8,0.36802881552567646,0.2249087609185815,0.16990250225028466,0.11115415060385941,0.0794630911497156,0.027530264947710614
sub-RID0146,LB10-LB11,temporal_neocortex,R,8,0.6537271568014992,0.41444866811933234,0.15008210381232565,0.03580190515570453,0.013080372314315688,0.003094267749149267
sub-RID0146,LC03-LC04,temporal_neocortex,R,8,0.4905299630503542,0.2988196187948087,0.16282345463069314,0.08391955461097132,0.07986711125936774,0.014809037505036706
sub-RID0146,LC04-LC05,temporal_neocortex,R,8,0.4673857311855505,0.3158782624676788,0.13259761844063447,0.10469814070319328,0.1131378809586077,0.01964972096396816
sub-RID0146,LC05-LC06,temporal_neocortex,R,8,0.3764795403766125,0.2227084057451091,0.1322388678230566,0.10954393218642092,0.12227133717530787,0.018081797064988553
sub-RID0146,LC06-LC07,temporal_neocortex,R,8,0.28621178881257237,0.181490978510922,0.17313910530426535,0.10139943453647415,0.0516727108817923,0.006735328407539567
sub-RID0146,LC07-LC08,temporal_neocortex,R,8,0.22087964640315144,0.13978013416096938,0.17809432718753224,0.15287119186990117,0.12013717206742971,0.05943280249665224
sub-RID0146,LC08-LC09,temporal_neocortex,R,8,0.4523051314390515,0.18985187869515396,0.1959653901982274,0.0904079429730997,0.04633600903616845,0.010589790904214693
sub-RID0146,LA01-LA02,temporal_neocortex,R,8,0.7097605952476942,0.4176094415097568,0.13251863664533842,0.025254360791295644,0.03875555899479653,0.020252638580865102
sub-RID0146,LA02-LA03,temporal_neocortex,R,8,0.7511713333534504,0.5060836084213995,0.12053068575558323,0.027440388533313504,0.024885596594862298,0.012393916699823999
sub-RID0146,LA03-LA04,temporal_neocortex,R,8,0.41732209765940953,0.25942405887248443,0.23132899914046579,0.04773975020724476,0.02660099102145403,0.007905572048668317
sub-RID0146,LA04-LA05,temporal_neocortex,R,8,0.3376651684304083,0.24277805802425942,0.23322096924065863,0.0952357685307724,0.06453242503812875,0.013707293724876262
sub-RID0146,LA05-LA06,temporal_neocortex,R,8,0.4110207242589998,0.2808488321868091,0.2378721651091981,0.062300281846425845,0.043556107254052255,0.00816389062939821
sub-RID0160,LDA01-LDA02,entorhinal,W,8,0.6183840374254299,0.40377534504643703,0.09886631241190189,0.03465393363450689,0.1666698484203822,0.0684585873557515
sub-RID0160,LDH03-LDH04,parahippocampal,W,8,0.6737394058399879,0.4276920309331952,0.09248934175601244,0.027746573067042174,0.1385002469860923,0.06535231611686343
sub-RID0160,LG40-LG41,temporal_neocortex,W,8,0.6106941022080313,0.38905452652566874,0.12736236871466333,0.04244073050661876,0.09689937032893202,0.09432022871400218
sub-RID0160,LG41-LG42,temporal_neocortex,W,8,0.7032470814798424,0.46779977938720185,0.11709779130808719,0.027774180264408095,0.05571323544130096,0.0731976226221539
sub-RID0160,LG48-LG49,temporal_neocortex,W,8,0.628398048685996,0.3814624472126819,0.10184277247674084,0.04535850368539728,0.11807684561944229,0.08036030574356523
sub-RID0160,LG49-LG50,temporal_neocortex,W,8,0.695513142795186,0.4275595782142633,0.09284767288843329,0.023311185440151337,0.11132224508354172,0.07334758514628337
sub-RID0160,LG62-LG63,temporal_neocortex,W,8,0.7153231261249144,0.4379809991159256,0.09501488748646149,0.028110400732538905,0.06911476761096498,0.08256684361769909
sub-RID0160,LG63-LG64,temporal_neocortex,W,8,0.7039187067183735,0.3786538554930391,0.09364165952143019,0.0288299533612243,0.10012363568790089,0.06569275455376009
sub-RID0160,LPT01-LPT02,temporal_neocortex,W,8,0.34688656242045435,0.2702821300804797,0.07613544304481575,0.04832328188685593,0.44606651818109744,0.03954136715828917
sub-RID0160,LDA01-LDA02,entorhinal,N2,8,0.7443239652937349,0.47457756676541507,0.13459328407982796,0.025256138484082296,0.023732442816427144,0.013043659556906256
sub-RID0160,LDH03-LDH04,parahippocampal,N2,8,0.7511053339961468,0.5003055958943255,0.1280286373544963,0.0316651773754036,0.02861282002179832,0.009641621329306474
sub-RID0160,LG40-LG41,temporal_neocortex,N2,8,0.5742927418117789,0.41240535641551435,0.18219257840691444,0.06216817438107256,0.048599909247443465,0.024076990450911183
sub-RID0160,LG41-LG42,temporal_neocortex,N2,8,0.6856534177726517,0.4908502763631595,0.14507740636727606,0.04100608098806022,0.03128963616153519,0.010807032939896955
sub-RID0160,LG48-LG49,temporal_neocortex,N2,8,0.559545173143182,0.3977921230807828,0.18476666653830803,0.07136620195830025,0.053665146441430965,0.018932825918444675
sub-RID0160,LG49-LG50,temporal_neocortex,N2,8,0.7557506296886356,0.36733499813115567,0.09980572802228879,0.03434664398937206,0.03399229143269955,0.01944513404220135
sub-RID0160,LG62-LG63,temporal_neocortex,N2,8,0.52314379158654,0.3783631112553326,0.1833048323705765,0.08118614699141555,0.07480530770412513,0.03754826957944815
sub-RID0160,LG63-LG64,temporal_neocortex,N2,8,0.5409000539657063,0.3997473084719635,0.17798289790457086,0.07352856789836926,0.07041243538550684,0.033695535550951124
sub-RID0160,LPT01-LPT02,temporal_neocortex,N2,8,0.6032248481522837,0.40803605096971557,0.20436014430373856,0.05740054321640467,0.037609521341607444,0.01405981147111401
sub-RID0160,LDA01-LDA02,entorhinal,N3,8,0.9137407674564204,0.42999038111338295,0.04922598555394542,0.0076023469563970825,0.005847341954244242,0.00265325634033731
sub-RID0160,LDH03-LDH04,parahippocampal,N3,8,0.9182254302012485,0.5055288062532624,0.04968266777255448,0.006161524147712623,0.004776916132350828,0.002217195981234204
sub-RID0160,LG40-LG41,temporal_neocortex,N3,8,0.8990901309539121,0.445844539386418,0.060657203098285865,0.007687229967873747,0.006782672699966085,0.004370531160237627
sub-RID0160,LG41-LG42,temporal_neocortex,N3,8,0.9436438178806545,0.38924712456343147,0.033053878920587705,0.004411423368106182,0.004128521544125832,0.0019914879969882707
sub-RID0160,LG48-LG49,temporal_neocortex,N3,8,0.9085019912254003,0.48579668980752533,0.05782839812932416,0.006698172149272302,0.004944474422849661,0.0025119091402715523
sub-RID0160,LG49-LG50,temporal_neocortex,N3,8,0.9235773555824455,0.4339969766414024,0.04544031846538048,0.006534697699308535,0.005473255014934936,0.004292368949975875
sub-RID0160,LG62-LG63,temporal_neocortex,N3,8,0.8593410931670289,0.48430895320209333,0.07865862581753527,0.012113889749010629,0.01240642185587501,0.007628541921371412
sub-RID0160,LG63-LG64,temporal_neocortex,N3,8,0.838638031367008,0.4910661090559316,0.08634862968147405,0.014455750901159421,0.014816523389889145,0.008977210372235965
sub-RID0160,LPT01-LPT02,temporal_neocortex,N3,8,0.9364797765189552,0.33518900931774837,0.03830449168371121,0.006045145696255746,0.003385090267889145,0.001869995362569585
sub-RID0160,LDA01-LDA02,entorhinal,R,8,0.6998933277835158,0.5115134724858797,0.1429072388726027,0.03820406164809476,0.03973564611205718,0.02157743279533175
sub-RID0160,LDH03-LDH04,parahippocampal,R,8,0.783671056148626,0.5714020268013621,0.10148029953832088,0.03019727989732314,0.029770866034904808,0.010547083294587867
sub-RID0160,LG40-LG41,temporal_neocortex,R,8,0.5976017785354564,0.4661331199731831,0.17510873374337826,0.04917721425354636,0.05051090629365353,0.032022960860845585
sub-RID0160,LG41-LG42,temporal_neocortex,R,8,0.7140047451543177,0.5605385497704041,0.13976597690746528,0.032439598975793266,0.029737746974227337,0.010412902063913182
sub-RID0160,LG48-LG49,temporal_neocortex,R,8,0.48470733117641807,0.3755154458879665,0.21953556607719177,0.07046483805249973,0.07249310453147384,0.031621728601621275
sub-RID0160,LG49-LG50,temporal_neocortex,R,8,0.7094971166335111,0.49181146705500267,0.1333979913678558,0.03542807190039006,0.03894374203852698,0.02641980531761496
sub-RID0160,LG62-LG63,temporal_neocortex,R,8,0.4573504546600333,0.3125503601556091,0.2152853258043134,0.08603648529383517,0.08036961252246438,0.037894296874831895
sub-RID0160,LG63-LG64,temporal_neocortex,R,8,0.4848903712702548,0.34442621822507885,0.1955737368517111,0.0827387121105985,0.07849066738198714,0.0345717905934643
sub-RID0160,LPT01-LPT02,temporal_neocortex,R,8,0.5745891217198655,0.440271894503902,0.18248546419512818,0.08859497680804101,0.04708554397807738,0.017201091589124497
sub-RID0165,LAT01-LAT02,temporal_neocortex,W,6,0.5481561361166238,0.3691378532196079,0.11805251259405557,0.057593055928996356,0.07678342046508459,0.17192521798351654
sub-RID0165,LAT02-LAT03,temporal_neocortex,W,6,0.5463716091584883,0.38284729750183466,0.14315261955108458,0.04463314025062847,0.08368258938818562,0.1599774254346169
sub-RID0165,LAT03-LAT04,temporal_neocortex,W,6,0.5858363565491375,0.3973861306250166,0.1344029204805631,0.04031855889486005,0.059660904364108945,0.15850795134741355
sub-RID0165,LDA01-LDA02,hippocampal,W,6,0.4870744064672364,0.33236489459480395,0.11558387120591733,0.05072644307845265,0.06520280411160262,0.2730518662848238
sub-RID0165,LDA02-LDA03,hippocampal,W,6,0.5910061667100023,0.41444547622274913,0.12310525897942243,0.04189016756650732,0.0659854447836316,0.17883102226164635
sub-RID0165,LDH03-LDH04,hippocampal,W,6,0.618618980930764,0.4262276899083192,0.12836301885058096,0.037266083933333555,0.054219599690940534,0.14141196472797393
sub-RID0165,LMT01-LMT02,temporal_neocortex,W,6,0.4594486985864011,0.292578953761214,0.11677902023719251,0.066161938185458,0.10167595086961029,0.261397750826191
sub-RID0165,LMT02-LMT03,temporal_neocortex,W,6,0.4594520739947949,0.31110045055791713,0.14983114419273333,0.08073454466037251,0.09738666343124795,0.1942701778335303
sub-RID0165,LMT03-LMT04,temporal_neocortex,W,6,0.3543512373496244,0.24484321343480805,0.22233741169010615,0.11155928559895827,0.14156942899463543,0.12159108281641245
sub-RID0165,LPT03-LPT04,temporal_neocortex,W,6,0.41245732278031655,0.29370251485651017,0.23249711811085602,0.05885148907197926,0.08671979899914406,0.17923333999215837
sub-RID0165,RAT01-RAT02,temporal_neocortex,W,6,0.5945123862271796,0.40988622611228026,0.12182590898963365,0.053871889330170813,0.06741213563007649,0.13415575295839377
sub-RID0165,RAT02-RAT03,temporal_neocortex,W,6,0.617329266745504,0.4402959587217672,0.13320067630379334,0.04073658657818464,0.06312844205254421,0.12044416709802351
sub-RID0165,RAT03-RAT04,temporal_neocortex,W,6,0.6065177919871814,0.42170340320474603,0.14989364877674446,0.04531027909381099,0.06438605126073203,0.10425387856022976
sub-RID0165,RDA02-RDA03,hippocampal,W,6,0.622257929199366,0.43668250619252214,0.13290939160938858,0.048898511234439744,0.06621794187101794,0.11103685691784974
sub-RID0165,RDA03-RDA04,hippocampal,W,4,0.6993399030297983,0.4551593234932926,0.12319177535704082,0.03314853352210286,0.0477223275883229,0.06378870851740266
sub-RID0165,RPT02-RPT03,temporal_neocortex,W,6,0.5208575895803199,0.3491809149224376,0.1231833170195959,0.039915266249106046,0.048126438459155846,0.240574197172128
sub-RID0165,RPT03-RPT04,temporal_neocortex,W,6,0.5964933159161286,0.4022920493137043,0.1573201750683735,0.04945260568201366,0.06529115165784079,0.10002939490408687
sub-RID0167,RM01-RM02,hippocampal,W,8,0.6237474490399614,0.5070630765549389,0.23021535198619034,0.04243080034557341,0.022794237953852103,0.019974654545056078
sub-RID0167,RM02-RM03,hippocampal,W,8,0.5300327342163901,0.43118746739077596,0.25060605328384344,0.07213622568997066,0.04697704759201192,0.043508293074518214
sub-RID0167,RM01-RM02,hippocampal,N2,8,0.6490835625322537,0.5424977954581528,0.1988056499854002,0.05876385265335339,0.01694389947481804,0.005280087645603872
sub-RID0167,RM02-RM03,hippocampal,N2,8,0.47081451165898835,0.403581667067494,0.23678063132436722,0.14832003843719774,0.04792012602496937,0.009119991318116302
sub-RID0167,RM01-RM02,hippocampal,N3,8,0.7456675111057439,0.6127278774692391,0.13672302613232123,0.044924143409926044,0.014878136700674238,0.0025397589234015883
sub-RID0167,RM02-RM03,hippocampal,N3,8,0.6433656128620633,0.4874319708337598,0.14652625426700128,0.10465824807158783,0.03715996067148609,0.004235935052753774
sub-RID0167,RM01-RM02,hippocampal,R,8,0.7424338864124014,0.5839722477498629,0.1528498790240979,0.01595264208401249,0.02458527040181109,0.027930950586668488
sub-RID0167,RM02-RM03,hippocampal,R,8,0.7162989877987884,0.5678478333799487,0.14973219328324044,0.020239265997572795,0.03703711470914671,0.04545111132244783
sub-RID0179,LDA01-LDA02,entorhinal,W,8,0.747577526417557,0.44216428831391763,0.11378969243635373,0.03057027528372849,0.03234232799545441,0.030268410045637816
sub-RID0179,LDA02-LDA03,entorhinal,W,8,0.73212715251998,0.469776075158579,0.14378559945365474,0.02392391582231789,0.036978030770621756,0.03454285771085407
sub-RID0179,LDH01-LDH02,parahippocampal,W,8,0.7534413312711722,0.4722440323569702,0.1024166924173276,0.030891221318152917,0.03746105230351482,0.044936319453873
sub-RID0179,LDH02-LDH03,parahippocampal,W,8,0.7338856861588636,0.41390918541928473,0.11035830607211991,0.0364923221611054,0.04263591977130561,0.037918102865476894
sub-RID0179,LAT01-LAT02,temporal_neocortex,N2,8,0.6955318089969051,0.45712640981901126,0.1024125457362049,0.07502190540841162,0.032974026713524715,0.009483205274376658
sub-RID0179,LAT02-LAT03,temporal_neocortex,N2,8,0.7574182392320341,0.4865565636567047,0.0861146062865961,0.057164830160105026,0.02354560501757258,0.005582756233079163
sub-RID0179,LAT03-LAT04,temporal_neocortex,N2,8,0.8430856398436976,0.49518950253588495,0.08878218225827736,0.015087581782099992,0.014320020945284222,0.0072135656820732
sub-RID0179,LDA01-LDA02,entorhinal,N2,8,0.8435601554088143,0.5616419048362253,0.07319356821239026,0.019877915420410886,0.021060308755886596,0.011554723526458921
sub-RID0179,LDA02-LDA03,entorhinal,N2,8,0.9147754057392363,0.38897781871327,0.04076142288456973,0.011617176203983443,0.008527165141865703,0.0061128131857881175
sub-RID0179,LDH01-LDH02,parahippocampal,N2,8,0.5804900063867267,0.3754800808209243,0.1460742882891909,0.08752700222572352,0.07937774091990688,0.014906572183460818
sub-RID0179,LDH02-LDH03,parahippocampal,N2,8,0.8764364085092771,0.5304021965122768,0.048587901165166036,0.021252790456084417,0.021153344069989526,0.004539810523274529
sub-RID0179,LPT03-LPT04,temporal_neocortex,N2,8,0.8025050502645692,0.4627309291262983,0.11599384797633942,0.017924879705288676,0.018149099673632096,0.00815060606970865
sub-RID0179,RP01-RP02,temporal_neocortex,N2,8,0.6703712151599128,0.41780722916427226,0.1997879825239087,0.023815180693971205,0.03622055808931841,0.02659430872689613
sub-RID0179,RP02-RP03,temporal_neocortex,N2,8,0.5737065235716111,0.39188477388949994,0.26878033543713664,0.02816176740901114,0.03801886734181285,0.023731092727512483
sub-RID0179,RPF01-RPF02,temporal_neocortex,N2,8,0.7857168944925029,0.46946043005546717,0.10835945597911323,0.024213388614735765,0.024260950339112023,0.013249686213357662
sub-RID0179,RPF02-RPF03,temporal_neocortex,N2,8,0.6629887562031216,0.4342748805292782,0.15649168645366615,0.03164965530457485,0.06124700288567281,0.03611954138560419
sub-RID0179,LAT01-LAT02,temporal_neocortex,N3,8,0.9420127185225108,0.3653733723740692,0.02979883282727982,0.007289367178754228,0.004903160932718742,0.0019640603326144335
sub-RID0179,LAT02-LAT03,temporal_neocortex,N3,8,0.9671246398133404,0.3183317069120808,0.01752620580394893,0.0038580561118409734,0.0023864396515631318,0.0008763009731950393
sub-RID0179,LAT03-LAT04,temporal_neocortex,N3,8,0.9792105049904958,0.2874667328176401,0.012153605481983907,0.0014025380962809943,0.0014293044047997455,0.0008842761021533828
sub-RID0179,LDA01-LDA02,entorhinal,N3,8,0.851595626831305,0.503839539074315,0.07674307924634236,0.018290618510810774,0.015877797773555975,0.0043765493939590516
sub-RID0179,LDA02-LDA03,entorhinal,N3,8,0.9209684737578705,0.4472407940665223,0.046443395341134244,0.006835726104398701,0.0049795804952888585,0.003264859271160087
sub-RID0179,LDH01-LDH02,parahippocampal,N3,8,0.7329648322689974,0.4303760821257519,0.0994757181775745,0.06470724976023184,0.03324182176857226,0.007784069892682484
sub-RID0179,LDH02-LDH03,parahippocampal,N3,8,0.9177758774579762,0.496479220386262,0.04545951961693422,0.00862011703033251,0.0078942009174088,0.002012142105290766
sub-RID0179,LPT03-LPT04,temporal_neocortex,N3,8,0.9314289346232719,0.41604779089266375,0.03867794548499018,0.005353443195363863,0.004988209018181791,0.0026646522543286163
sub-RID0179,RP01-RP02,temporal_neocortex,N3,8,0.875401297722205,0.4416415708862899,0.07972867866226765,0.006813395265222852,0.009772687070244052,0.0092773966490957
sub-RID0179,RP02-RP03,temporal_neocortex,N3,8,0.9299963037196166,0.4136317364313992,0.04306325357919482,0.004390901513853513,0.005586412443054822,0.00408110158638704
sub-RID0179,RPF01-RPF02,temporal_neocortex,N3,8,0.9216452398710773,0.410224258839908,0.047832259262971875,0.005190413767262063,0.0055221310548545215,0.004332911551509439
sub-RID0179,RPF02-RPF03,temporal_neocortex,N3,8,0.8983584503989721,0.396898102278205,0.05753374749372258,0.007216404045737456,0.00948061736039303,0.008101280427248682
sub-RID0179,LAT01-LAT02,temporal_neocortex,R,8,0.7288714767668338,0.4533659914369479,0.10556287955695673,0.06003089069703799,0.029496258827645915,0.0099437544752826
sub-RID0179,LAT02-LAT03,temporal_neocortex,R,8,0.7488787122414396,0.4960428376392925,0.10183396219116234,0.05268073871737616,0.024465141234704297,0.007547789452174773
sub-RID0179,LAT03-LAT04,temporal_neocortex,R,8,0.7772515964301965,0.5226071998998671,0.13092927086281367,0.020281893404937183,0.019741977482222218,0.009499812402578169
sub-RID0179,LDA01-LDA02,entorhinal,R,8,0.8430776189990151,0.4963698210403521,0.06770436103997242,0.02384832283487255,0.02094398239605314,0.012519073695548052
sub-RID0179,LDA02-LDA03,entorhinal,R,8,0.8710195392677258,0.43194869320970913,0.0674752273685527,0.016645607370388255,0.012788315031158506,0.007476181841551228
sub-RID0179,LDH01-LDH02,parahippocampal,R,8,0.7628929454714641,0.4652694563430299,0.11120969262919994,0.03480655164453876,0.034137811688446755,0.013447095298519694
sub-RID0179,LDH02-LDH03,parahippocampal,R,8,0.8854512500891111,0.516964264465996,0.058283025780416234,0.013721446929221712,0.010796010103740877,0.005982715536412762
sub-RID0179,LPT03-LPT04,temporal_neocortex,R,8,0.6913823532843747,0.44653555084532554,0.18392360013451328,0.02660198904840825,0.023841278949225976,0.011767744913714883
sub-RID0179,RP01-RP02,temporal_neocortex,R,8,0.528996580088156,0.2977182761361101,0.26051176847832946,0.04341920647635357,0.0565182297317061,0.0449539118506253
sub-RID0179,RP02-RP03,temporal_neocortex,R,8,0.4824569911814745,0.3039045389192665,0.2474418080969787,0.054770580263129705,0.07240615553990778,0.047426994626546495
sub-RID0179,RPF01-RPF02,temporal_neocortex,R,8,0.7495207935385557,0.4117656359768582,0.11558407026949336,0.03458876266879078,0.030429703267462097,0.02179431079448456
sub-RID0179,RPF02-RPF03,temporal_neocortex,R,8,0.6112131005369722,0.33171268903767426,0.15180367714245474,0.03754737251257558,0.07417538502622983,0.06603694597032443
sub-RID0186,LA01-LA02,amygdala,W,8,0.8081073073716911,0.6184864217607576,0.09612567967202576,0.023762187495676147,0.017759066600582768,0.008911522807570228
sub-RID0186,LB06-LB07,temporal_neocortex,W,8,0.9542128232215198,0.4571504286607535,0.024615497684198556,0.004135683571140714,0.0017007024678609617,0.00046489244647974966
sub-RID0186,LB07-LB08,temporal_neocortex,W,8,0.8776438578601053,0.4597378492558788,0.05596716385544216,0.017197011536466113,0.00895351448435827,0.0028755460753749013
sub-RID0186,LC07-LC08,temporal_neocortex,W,8,0.9316008783368448,0.4896187754346898,0.04205856918085679,0.0047758124494996276,0.0025253138092707133,0.0007979643792161742
sub-RID0186,LD01-LD02,temporal_neocortex,W,8,0.8507897187466911,0.5262627546466357,0.07878451224856847,0.012797798674882718,0.007767869614284652,0.0030662615819864766
sub-RID0186,LD03-LD04,temporal_neocortex,W,8,0.9514302524593379,0.5036425302187559,0.02802347162600575,0.0036797308387629102,0.0018795335253683015,0.0006022458478870577
sub-RID0186,LE03-LE04,temporal_neocortex,W,8,0.8768194312856924,0.4858440187086766,0.06830988828833445,0.007657570224650579,0.0032968326182888866,0.0011129020272372188
sub-RID0186,LF01-LF02,temporal_neocortex,W,8,0.4582128293179759,0.3344117560810841,0.39772441860578117,0.03159211489733539,0.013300964468679684,0.003582831457503665
sub-RID0186,LF02-LF03,temporal_neocortex,W,8,0.5269381309581942,0.3379522523165963,0.31436739202816244,0.03544817173782156,0.014323139120075969,0.00493649337213875
sub-RID0186,RA01-RA02,amygdala,W,8,0.8072956725079263,0.4961836755904796,0.09306608445179543,0.02297477265587264,0.027585039200691233,0.015586489698231929
sub-RID0186,RA02-RA03,amygdala,W,8,0.7139005152891467,0.5150302757331743,0.16924825938728116,0.021491468348541005,0.024079432439116966,0.021941327302867807
sub-RID0186,RA06-RA07,temporal_neocortex,W,8,0.8857480117780123,0.5141844809762068,0.053847669113165936,0.015673158637014795,0.006778393534643778,0.0018922510859991355
sub-RID0186,RA07-RA08,temporal_neocortex,W,8,0.8527228495850788,0.5079022361399186,0.06104151496012127,0.022790234871409697,0.017737933368075366,0.007209812630422727
sub-RID0186,RB06-RB07,temporal_neocortex,W,8,0.803740766777601,0.4818939492063277,0.10201120501010819,0.021692894431616958,0.010854000925240746,0.002378916142823334
sub-RID0186,RB07-RB08,temporal_neocortex,W,8,0.7720649539689424,0.48823968675430207,0.12041133986909504,0.025186512015240695,0.012359697680314368,0.0036971389165914754
sub-RID0186,RC01-RC02,hippocampal,W,8,0.7674541637748218,0.5114778403218843,0.12552262321000296,0.02094795125541181,0.02492111170674865,0.01167474181409073
sub-RID0186,RC07-RC08,temporal_neocortex,W,8,0.9081478137353883,0.4860732511795184,0.06248820976380832,0.005712706360350678,0.0028634941884714666,0.0008881007665287766
sub-RID0186,RD01-RD02,temporal_neocortex,W,8,0.8930826976621802,0.46570234592562604,0.057565922165584385,0.012479513943625146,0.004479572894729035,0.0011949460829865756
sub-RID0186,RD02-RD03,temporal_neocortex,W,8,0.9378702835116366,0.500175474880542,0.03225476123797559,0.008678792066605042,0.0059443126356493,0.0017344811709450567
sub-RID0186,RD03-RD04,temporal_neocortex,W,8,0.8637002672518573,0.45599643971572335,0.07750158638253823,0.013916184117397421,0.007105915517274116,0.005383084635977557
sub-RID0186,RE02-RE03,temporal_neocortex,W,8,0.8071907404631864,0.5132935699604252,0.10476817358655252,0.018986001657473273,0.01226177536019591,0.005212262680642931
sub-RID0186,RE04-RE05,temporal_neocortex,W,8,0.9089758497115865,0.5640430895621146,0.05155222435377039,0.008026486602382692,0.004975995226370638,0.0019018065928937638
sub-RID0186,LA01-LA02,amygdala,N2,8,0.7703299401244826,0.5818607860812245,0.13271504273948498,0.02236287072701985,0.018084285318270714,0.008342737514219187
sub-RID0186,LB06-LB07,temporal_neocortex,N2,8,0.9184380108531676,0.42170130920703497,0.04961290613695957,0.006967726287713553,0.002546799065669625,0.0005310533529344344
sub-RID0186,LB07-LB08,temporal_neocortex,N2,8,0.78234751541171,0.49195144094408144,0.07477583035490361,0.047502462895444214,0.015327239622108293,0.0039908469517413265
sub-RID0186,LC07-LC08,temporal_neocortex,N2,8,0.880805454975963,0.4921963413234243,0.08137160578681962,0.007705842910624074,0.0031098815689272895,0.0007731876637227522
sub-RID0186,LD01-LD02,temporal_neocortex,N2,8,0.739761301015891,0.37012537388009575,0.1318521786086035,0.03299431935304777,0.01257935781206951,0.003591769371697511
sub-RID0186,LD03-LD04,temporal_neocortex,N2,8,0.8782537776390442,0.47900538026458683,0.05952152250888893,0.016288145976900283,0.0049355608733193486,0.0008508975248822665
sub-RID0186,LE03-LE04,temporal_neocortex,N2,8,0.798114574442685,0.4019269423758326,0.11837106474289162,0.014360287860797499,0.003229553439867747,0.0007678339866384455
sub-RID0186,LF01-LF02,temporal_neocortex,N2,8,0.3673407229461685,0.2560972166840327,0.41872967343379086,0.053617913874175596,0.017137971186881665,0.003618518638183424
sub-RID0186,LF02-LF03,temporal_neocortex,N2,8,0.49422878383200386,0.3199768613841347,0.2886369546761473,0.04519709399264896,0.015508409091274995,0.004534094032046432
sub-RID0186,RA01-RA02,amygdala,N2,8,0.825183528708896,0.5524988521834302,0.0935139375993417,0.01648744207286743,0.015082796324094368,0.013851429470902722
sub-RID0186,RA02-RA03,amygdala,N2,8,0.7324693024009634,0.5214591068692136,0.16425499072731206,0.018506159526518032,0.017726395313907177,0.016795254508585437
sub-RID0186,RA06-RA07,temporal_neocortex,N2,8,0.9169635029324729,0.434451461595757,0.03938536937750262,0.017879684240745607,0.0044464873253684855,0.0009060900808608159
sub-RID0186,RA07-RA08,temporal_neocortex,N2,8,0.8595773313985517,0.5151210065932506,0.06162344946241469,0.023929160238893663,0.014644801354423913,0.005404353296717719
sub-RID0186,RB06-RB07,temporal_neocortex,N2,8,0.8523959824165785,0.5018658481034597,0.07651489782937486,0.02138660294360266,0.0050478129419966496,0.0009342223758852658
sub-RID0186,RB07-RB08,temporal_neocortex,N2,8,0.7998377888166698,0.48927316912177665,0.10219105912974688,0.025225832612099236,0.00865193485368225,0.00233342409113176
sub-RID0186,RC01-RC02,hippocampal,N2,8,0.8249905321394351,0.5305585433135288,0.09626097933558808,0.016922947410269243,0.02007281134765264,0.008008306940421468
sub-RID0186,RC07-RC08,temporal_neocortex,N2,8,0.9070159063387022,0.4671623772248389,0.0631490845946639,0.005573986958788704,0.002510278920197876,0.0007036691535209026
sub-RID0186,RD01-RD02,temporal_neocortex,N2,8,0.933155248802557,0.4513697116569179,0.035411848753551925,0.011492817812100377,0.0025199791755153066,0.0005528839184441882
sub-RID0186,RD02-RD03,temporal_neocortex,N2,8,0.9465039475965787,0.44377020507663,0.027038078232633267,0.009270052641326538,0.004699778242678922,0.0010709545837208623
sub-RID0186,RD03-RD04,temporal_neocortex,N2,8,0.8617910916367276,0.45860994370154057,0.07344654416733945,0.019599555204101643,0.007343678360274943,0.0017066769116020459
sub-RID0186,RE02-RE03,temporal_neocortex,N2,8,0.8406444806636268,0.48934170972965935,0.08731380489902069,0.016202906768277184,0.008337267230599164,0.002916943387541593
sub-RID0186,RE04-RE05,temporal_neocortex,N2,8,0.9350774945948115,0.5054719020815769,0.04230092622596893,0.0043877653558723455,0.002354898278049714,0.0006361725078914504
sub-RID0186,LA01-LA02,amygdala,N3,8,0.779286809163324,0.5175743178587885,0.14265150541491523,0.01784331177543881,0.013029922976041748,0.005135832354869024
sub-RID0186,LB06-LB07,temporal_neocortex,N3,8,0.9728805076767717,0.33304414251965525,0.018097855840663195,0.0018321143425533454,0.0007072124293484262,0.00019966112883433828
sub-RID0186,LB07-LB08,temporal_neocortex,N3,8,0.8959566221208806,0.4530134234381352,0.0541920857186784,0.015316135808332246,0.005754669041047419,0.0020593784526488435
sub-RID0186,LC07-LC08,temporal_neocortex,N3,8,0.9468823944295686,0.38528416314188,0.0366116788642878,0.003065767789678861,0.001392561090335053,0.0004513104106457947
sub-RID0186,LD01-LD02,temporal_neocortex,N3,8,0.8978658602139791,0.3258202071697454,0.060385302005493066,0.00989814768030035,0.005006135404682651,0.0017714791960970217
sub-RID0186,LD03-LD04,temporal_neocortex,N3,8,0.9551100266604575,0.32850659638605906,0.026648050917131783,0.004407998639895024,0.0014718667732809263,0.00031849012438991503
sub-RID0186,LE03-LE04,temporal_neocortex,N3,8,0.9135197191613258,0.3112629140104266,0.06431839944344003,0.004305881724737152,0.0010711633868015146,0.0003246749176055212
sub-RID0186,LF01-LF02,temporal_neocortex,N3,8,0.6380350496590141,0.32960072456220346,0.2638577644828195,0.021368060754445185,0.006030325192543522,0.0014394758452155262
sub-RID0186,LF02-LF03,temporal_neocortex,N3,8,0.7462499208068916,0.3615943217064568,0.1801699686064321,0.014961884764087385,0.004870401902298081,0.0016467807484204671
sub-RID0186,RA01-RA02,amygdala,N3,8,0.8433415216173697,0.5061613950206556,0.08808381332915854,0.014269455226641893,0.01137556290693581,0.01010203595768591
sub-RID0186,RA02-RA03,amygdala,N3,8,0.7781273085501694,0.48412624960431666,0.13488754127759067,0.017271754688285776,0.013313494763828485,0.013096168724636537
sub-RID0186,RA06-RA07,temporal_neocortex,N3,8,0.96295189005978,0.3360321342737895,0.021518224430354824,0.0044326554513345485,0.0014907872835166884,0.0005149372896521706
sub-RID0186,RA07-RA08,temporal_neocortex,N3,8,0.914654279168688,0.563816660275354,0.04385818034801546,0.010151216681006799,0.006716837073041003,0.0034808570785707284
sub-RID0186,RB06-RB07,temporal_neocortex,N3,8,0.9374414298836098,0.41709719914204013,0.03828825260487774,0.0059915312398849474,0.0018375829385500093,0.0005228852443223746
sub-RID0186,RB07-RB08,temporal_neocortex,N3,8,0.9206770873147363,0.413313204786387,0.04533012622014605,0.007601013251909845,0.0034567318615112046,0.0013732756876591334
sub-RID0186,RC01-RC02,hippocampal,N3,8,0.8587433190506482,0.5397536857406788,0.0807057116047263,0.01594167111287823,0.011242282473380358,0.0051939285839540635
sub-RID0186,RC07-RC08,temporal_neocortex,N3,8,0.9634127328180754,0.32928940459439676,0.02658292200060892,0.0012207770650066836,0.000668373348738893,0.0002457529851157744
sub-RID0186,RD01-RD02,temporal_neocortex,N3,8,0.963726230157345,0.35231655411430673,0.022721285468957374,0.0035597843258460414,0.0008938085593649607,0.0003323095901861013
sub-RID0186,RD02-RD03,temporal_neocortex,N3,8,0.9684523750599152,0.3280529986321529,0.02019532912359353,0.0024897556236047735,0.0014682326506235627,0.0005026962249668856
sub-RID0186,RD03-RD04,temporal_neocortex,N3,8,0.9262804780084484,0.3372392264701208,0.04955134267629055,0.0050498750293198075,0.0020650823700618503,0.0008295615692385102
sub-RID0186,RE02-RE03,temporal_neocortex,N3,8,0.915451421192242,0.386303041459009,0.05041843707084036,0.007813880806493454,0.004512575217876336,0.001849288079962142
sub-RID0186,RE04-RE05,temporal_neocortex,N3,8,0.9607304049976284,0.4091386473742612,0.024718661561524705,0.0024040001804486568,0.0013730658702272784,0.0004279074609162078
sub-RID0186,LA01-LA02,amygdala,R,8,0.7632815614531909,0.6129908036307674,0.11141144757027244,0.029917565777711926,0.03178929943421848,0.010415188045724768
sub-RID0186,LB06-LB07,temporal_neocortex,R,8,0.9849211928275026,0.6424860367909084,0.01004729043801562,0.0003067484572947275,0.0002117287321419365,0.00010364717187469837
sub-RID0186,LB07-LB08,temporal_neocortex,R,8,0.9376193411567922,0.6079756910764772,0.03888074207417051,0.0034030941831041947,0.0026436352787345225,0.0014116286077929
sub-RID0186,LC07-LC08,temporal_neocortex,R,8,0.9679742799209707,0.6211379812435831,0.020922170903777012,0.0012376956297834095,0.0008113963291879196,0.00029122116976657583
sub-RID0186,LD01-LD02,temporal_neocortex,R,8,0.9501211412531939,0.6293872238500023,0.02849279318424428,0.0033490903187817465,0.0031763380668732486,0.0018694031200162623
sub-RID0186,LD03-LD04,temporal_neocortex,R,8,0.9746524914767491,0.5604439043008905,0.016926527736393106,0.001094870029390597,0.0006602813030936847,0.0001989433078114947
sub-RID0186,LE03-LE04,temporal_neocortex,R,8,0.9592488999748161,0.5379710463097782,0.025947237020858157,0.0025631844093423495,0.0009154626706049478,0.00030587914931339466
sub-RID0186,LF01-LF02,temporal_neocortex,R,8,0.39727843525554585,0.29244214349136444,0.40699023712051496,0.0477271166116747,0.020060726188459853,0.004320163863026428
sub-RID0186,LF02-LF03,temporal_neocortex,R,8,0.6118959902114065,0.43107460816331045,0.24526736300036783,0.03488377832709903,0.015237125438146402,0.004915793410814249
sub-RID0186,RA01-RA02,amygdala,R,8,0.7770413803131502,0.5438548633031088,0.10506735552255582,0.025459151504984703,0.02276304117160546,0.017368458007770253
sub-RID0186,RA02-RA03,amygdala,R,8,0.6355642217618125,0.504747715827538,0.2232853539485396,0.02659334435082599,0.024107104461934384,0.021248779021824753
sub-RID0186,RA06-RA07,temporal_neocortex,R,8,0.9572588056192478,0.5446046047674682,0.031195012383146002,0.0010586216913591859,0.0007482035184761236,0.0004257064848779996
sub-RID0186,RA07-RA08,temporal_neocortex,R,8,0.9158897211873607,0.6740421160003697,0.04918360253091776,0.0057795640617908164,0.005147936541447596,0.0033300748446138647
sub-RID0186,RB06-RB07,temporal_neocortex,R,8,0.9460612343989312,0.6003660247530147,0.03767853676997151,0.0021561719816761424,0.0011525207420551606,0.0004118972398670568
sub-RID0186,RB07-RB08,temporal_neocortex,R,8,0.9223882659529712,0.5569551280291428,0.04726368294297412,0.006049021381462821,0.0029581021797557604,0.001299612482352741
sub-RID0186,RC01-RC02,hippocampal,R,8,0.8349707036520033,0.6568655695780821,0.08310882297588379,0.019567592769066423,0.019225761492629313,0.007395701508576784
sub-RID0186,RC07-RC08,temporal_neocortex,R,8,0.9593462214132109,0.5107384646237663,0.02717794924726142,0.002070436303711263,0.0013361433029624556,0.0004305415629235371
sub-RID0186,RD01-RD02,temporal_neocortex,R,8,0.9444042162714034,0.5723461198144476,0.043394554527461424,0.0011058612803401947,0.0004220135537471023,0.00026589594386673904
sub-RID0186,RD02-RD03,temporal_neocortex,R,8,0.9626598167642677,0.5807496006053957,0.025126470266093378,0.0018843394411868755,0.0009993158997244588,0.00043704420920189174
sub-RID0186,RD03-RD04,temporal_neocortex,R,8,0.8837709154914902,0.4643089999665929,0.08397722286824014,0.004332956129944932,0.002129260890453275,0.0009579496132941659
sub-RID0186,RE02-RE03,temporal_neocortex,R,8,0.9361109087298451,0.40683964165323144,0.03773095226081902,0.004987675087767315,0.003559785668314462,0.0019546462350054188
sub-RID0186,RE04-RE05,temporal_neocortex,R,8,0.9574367467794425,0.4995738615753343,0.028078095800471155,0.0025397556818086814,0.001641516585731311,0.0006138209445662112
sub-RID0190,LDA03-LDA04,hippocampal,W,8,0.7493414567911165,0.5206944817386632,0.12401653833890981,0.02665268577035712,0.036084149775868136,0.025107041348871893
sub-RID0190,LDH03-LDH04,hippocampal,W,8,0.7209632592211178,0.46245269780972864,0.11642363044052721,0.040868009625940296,0.04760244509128017,0.028204597628875446
sub-RID0190,LAST02-LAST03,temporal_neocortex,W,8,0.3544418340803939,0.259164522581112,0.25275907821030835,0.09998036096915199,0.09222684915520805,0.042549332436489645
sub-RID0190,LAST03-LAST04,temporal_neocortex,W,8,0.5011008608711572,0.27113689795060836,0.1521904069181903,0.11773654136296968,0.06624330069942705,0.022807401900512857
sub-RID0190,LG32-LG33,temporal_neocortex,W,8,0.5495184391532417,0.367420027867586,0.2316000752798474,0.04927254910064216,0.04968696698473456,0.023316769630893443
sub-RID0190,LG33-LG34,temporal_neocortex,W,8,0.6243557266965152,0.4226878941668525,0.15271086952249247,0.0551920807201392,0.05566402916710166,0.020494286443256026
sub-RID0190,LG34-LG35,temporal_neocortex,W,8,0.7035190513636995,0.49724847263409494,0.13259837092613955,0.03575852350306037,0.029425807917660616,0.017029026697440705
sub-RID0190,LG35-LG36,temporal_neocortex,W,8,0.7065071199576455,0.4572107145796138,0.1436883910012528,0.03181769242535721,0.0270247775479334,0.015860506163001144
sub-RID0190,LG36-LG37,temporal_neocortex,W,8,0.5605749129482723,0.34423920649400447,0.24063566298631114,0.061644960564848465,0.0403727005197366,0.018796310119138564
sub-RID0190,LG41-LG42,temporal_neocortex,W,8,0.6272220558303717,0.3815256660170344,0.12178979134968329,0.06709945048346577,0.06633356206939595,0.06700873521607548
sub-RID0190,LG42-LG43,temporal_neocortex,W,8,0.6716640819980897,0.4870944303081536,0.11771410352432571,0.05338309408923055,0.04584737251340426,0.017445991515435095
sub-RID0190,LG43-LG44,temporal_neocortex,W,8,0.6704485849149695,0.421093264855278,0.12244181537041382,0.06094514015777511,0.051072488460879306,0.025713866340745635
sub-RID0190,LG44-LG45,temporal_neocortex,W,8,0.5435704311280141,0.343722719999644,0.14346412155376193,0.08624011463454206,0.08002108201623927,0.04761879184164421
sub-RID0190,LG45-LG46,temporal_neocortex,W,8,0.5863144248886003,0.35276745587355507,0.13077921848572843,0.08016050159624749,0.06507366396009834,0.03937108062932271
sub-RID0190,LG46-LG47,temporal_neocortex,W,8,0.5652487204652366,0.343954542399303,0.16876750548164043,0.07569935540518596,0.06900630772258151,0.037349183290142016
sub-RID0190,LG47-LG48,temporal_neocortex,W,8,0.5002901534626251,0.3263667576188545,0.22447445799385335,0.07599789370799845,0.06362584252115111,0.037508093620509386
sub-RID0190,LG48-LG49,temporal_neocortex,W,8,0.5709996331209559,0.35465189618013426,0.18293772645702766,0.07089854715496874,0.04464793240554708,0.02153008852047572
sub-RID0190,LG49-LG50,temporal_neocortex,W,8,0.7342955115061762,0.44478350479437856,0.08823464658392763,0.04947484742015952,0.03496339690376389,0.009979494686231678
sub-RID0190,LG50-LG51,temporal_neocortex,W,8,0.684933146923034,0.37768798194956155,0.09715708889384156,0.07650889843357249,0.0464257484433131,0.01561392266385114
sub-RID0190,LG51-LG52,temporal_neocortex,W,8,0.742513985252204,0.3782796153124615,0.09015805338728228,0.04688430842415678,0.0439478731619494,0.020883712592960735
sub-RID0190,LG52-LG53,temporal_neocortex,W,8,0.6944708526072347,0.392903848830798,0.11563103285480529,0.047441427494037375,0.0499004125737775,0.025184625478579754
sub-RID0190,LG53-LG54,temporal_neocortex,W,8,0.7278749057891831,0.38415036849342776,0.12465033046599933,0.0386843983131779,0.0312834148825853,0.014347676388971529
sub-RID0190,LG56-LG57,temporal_neocortex,W,8,0.6651492162654831,0.3997398811097902,0.13348468984606954,0.05166522310754997,0.04107481125330314,0.016246365218241875
sub-RID0190,LG57-LG58,temporal_neocortex,W,8,0.39253965687008163,0.28467422217389093,0.18442128567773378,0.10909376167102089,0.11391448299243782,0.06214745817617634
sub-RID0190,LG58-LG59,temporal_neocortex,W,8,0.5914388892554643,0.3275889925847358,0.12760199121897875,0.08136027569155604,0.07370588281454572,0.044354624041792905
sub-RID0190,LG59-LG60,temporal_neocortex,W,8,0.6597207254632953,0.3938469089475253,0.1266838552502073,0.05851636363502776,0.057330970927196245,0.028934969708030098
sub-RID0190,LG60-LG61,temporal_neocortex,W,8,0.691450679812593,0.439625613366456,0.11697767135354395,0.04983556197066512,0.05366683109052763,0.02786996331092649
sub-RID0190,LG61-LG62,temporal_neocortex,W,8,0.6915840696942648,0.3686094096978557,0.14197938864523574,0.03744781942113621,0.03800451131178103,0.017427332989240464
sub-RID0190,LG62-LG63,temporal_neocortex,W,8,0.635332933066365,0.3686247548451468,0.17690546626228598,0.045199858578776106,0.04070102376700803,0.0217742788151137
sub-RID0190,LG63-LG64,temporal_neocortex,W,8,0.6132420062182224,0.4046288665117972,0.17354039937518517,0.05355619494906831,0.05198663150995568,0.03419509742390761
sub-RID0190,LMST03-LMST04,temporal_neocortex,W,8,0.2824993570491943,0.22462676903615542,0.21860344511875363,0.12781799648375702,0.13710689342214005,0.14782262728475404
sub-RID0190,LPST05-LPST06,temporal_neocortex,W,8,0.5589060019812907,0.36085285231702374,0.2441652357106026,0.05142344506914605,0.03588070594421678,0.014803247477056816
sub-RID0190,LTP01-LTP02,temporal_neocortex,W,8,0.7172856589256449,0.43826220689181655,0.10205156567245222,0.045655062179735986,0.037410393331038155,0.01532761613430332
sub-RID0190,LTP02-LTP03,temporal_neocortex,W,8,0.6379610363746955,0.38829041682827325,0.12718500190830206,0.057619588206101205,0.0421626221230946,0.027490415042678462
sub-RID0190,LTP03-LTP04,temporal_neocortex,W,8,0.6592444258808186,0.42483549408278165,0.1376196181974254,0.04928197132523378,0.048353189644015464,0.052793881609624956
sub-RID0190,LDA03-LDA04,hippocampal,N2,8,0.8055958396842413,0.583451716475347,0.11142934716794732,0.019537158411850063,0.010115685322962462,0.0035517264900194996
sub-RID0190,LDH03-LDH04,hippocampal,N2,8,0.7408449996085671,0.47889994573190064,0.136339835835307,0.031400102799604666,0.020465119118617457,0.005597553425584464
sub-RID0190,LAST02-LAST03,temporal_neocortex,N2,8,0.4955969144828932,0.2682039943310025,0.202515740005713,0.09119815505135229,0.057206872589836165,0.025057438281371497
sub-RID0190,LAST03-LAST04,temporal_neocortex,N2,8,0.609927338317933,0.2671643028837316,0.19399782188235215,0.04992403850135504,0.034367621034422424,0.011779877845825643
sub-RID0190,LG32-LG33,temporal_neocortex,N2,8,0.7386935285905463,0.3375039182617209,0.16951603609226376,0.020700786709089147,0.012450837993893028,0.0029283375181233485
sub-RID0190,LG33-LG34,temporal_neocortex,N2,8,0.8805155589654196,0.4497383040683747,0.0662181526237591,0.011507188850233618,0.01036071494979655,0.0045414411604418545
sub-RID0190,LG34-LG35,temporal_neocortex,N2,8,0.9089520041924385,0.46154604032336677,0.04834560902611487,0.009356317347298044,0.008203285357281292,0.0034873478067372838
sub-RID0190,LG35-LG36,temporal_neocortex,N2,8,0.8368092899545535,0.5033697308906703,0.10190265190198196,0.013392599388716703,0.010849770670244466,0.0050013232906874275
sub-RID0190,LG36-LG37,temporal_neocortex,N2,8,0.8056958524577924,0.396588818631318,0.127673596140423,0.017103045974914105,0.012323066798649827,0.0034669390264798787
sub-RID0190,LG41-LG42,temporal_neocortex,N2,8,0.834381699167162,0.4648098451013345,0.0732482648975677,0.023458517047622248,0.019136733935465396,0.0068185838887918435
sub-RID0190,LG42-LG43,temporal_neocortex,N2,8,0.8195521397965224,0.46674344543069624,0.08900258248801673,0.020665395300120692,0.014314959537793093,0.005620303210831186
sub-RID0190,LG43-LG44,temporal_neocortex,N2,8,0.8781111842102822,0.4513685848984828,0.06709819786862031,0.01133191216859368,0.00992557286391919,0.00556804147248905
sub-RID0190,LG44-LG45,temporal_neocortex,N2,8,0.7293653722549631,0.41628403694014515,0.1396637990753416,0.03278077097988977,0.025311333605931748,0.013268471520868009
sub-RID0190,LG45-LG46,temporal_neocortex,N2,8,0.7824014306557063,0.4348552806422407,0.12441258538074837,0.021020860700222268,0.016825877219563697,0.009786586179003319
sub-RID0190,LG46-LG47,temporal_neocortex,N2,8,0.7017423415103224,0.41344614364638493,0.20144991497351808,0.019016757558705064,0.018189921723094953,0.010303045376171216
sub-RID0190,LG47-LG48,temporal_neocortex,N2,8,0.7032318686941292,0.3834928443530018,0.18676480054354344,0.024397326299233697,0.018595796977553425,0.008290563575382173
sub-RID0190,LG48-LG49,temporal_neocortex,N2,8,0.796618214991217,0.34918568590607313,0.12663355352067024,0.018049345887701615,0.011528623170111803,0.004411104401287144
sub-RID0190,LG49-LG50,temporal_neocortex,N2,8,0.8838616658472187,0.33427402531906253,0.06422753619487163,0.012452691306139557,0.008050981950324162,0.00334070916945033
sub-RID0190,LG50-LG51,temporal_neocortex,N2,8,0.8546643047743594,0.4195074765407508,0.08393911908197779,0.014444957236286558,0.008018986726616861,0.003382225101256683
sub-RID0190,LG51-LG52,temporal_neocortex,N2,8,0.8965544772588487,0.33912948346023886,0.061280051243985174,0.01000162529396065,0.006171157860449316,0.0028289797770649125
sub-RID0190,LG52-LG53,temporal_neocortex,N2,8,0.8634689482705816,0.3924840994882885,0.07845623808012105,0.01347555788271588,0.009657516685416914,0.004163561313208067
sub-RID0190,LG53-LG54,temporal_neocortex,N2,8,0.8486207172594263,0.38307681989718645,0.0863063612440798,0.014538581356006382,0.010563274577408029,0.00538680368343377
sub-RID0190,LG56-LG57,temporal_neocortex,N2,8,0.8246052317391568,0.38695825244227683,0.11439152275714844,0.012663146524514887,0.00705843430735018,0.00202294028197093
sub-RID0190,LG57-LG58,temporal_neocortex,N2,8,0.6949442113009808,0.3456450447168383,0.1446681951636129,0.039297108107582086,0.028307905981007558,0.015947320552869414
sub-RID0190,LG58-LG59,temporal_neocortex,N2,8,0.6269138422402105,0.35208799811526903,0.1971946451186053,0.044891440611540295,0.029053024475619957,0.016435972427770902
sub-RID0190,LG59-LG60,temporal_neocortex,N2,8,0.695134551053132,0.33922683990281555,0.15517279665868322,0.0402608981010874,0.02835434755636366,0.014273431724003291
sub-RID0190,LG60-LG61,temporal_neocortex,N2,8,0.7698888596585122,0.35697690077334493,0.12595063177351554,0.024891632174353917,0.018845567206174106,0.006322260351935688
sub-RID0190,LG61-LG62,temporal_neocortex,N2,8,0.8591188927552503,0.3269015488797306,0.08444142327133386,0.012526823308268693,0.009061951330043876,0.0034043781328279327
sub-RID0190,LG62-LG63,temporal_neocortex,N2,8,0.6443555098329714,0.39126001355111006,0.21167788049127387,0.030593704343304613,0.031161990632006066,0.020451235196416156
sub-RID0190,LG63-LG64,temporal_neocortex,N2,8,0.7237191429766507,0.37524839625148787,0.16213572455677527,0.02562519100089423,0.024925548500306358,0.017254317893576582
sub-RID0190,LMST03-LMST04,temporal_neocortex,N2,8,0.5321305694370382,0.28831156514820655,0.1494805267737822,0.07623441042188733,0.08965242801258896,0.06705612623407212
sub-RID0190,LPST05-LPST06,temporal_neocortex,N2,8,0.7710229046064591,0.39127290322260166,0.10594283976078014,0.03524076535268563,0.02954375636923007,0.010581146938804483
sub-RID0190,LTP01-LTP02,temporal_neocortex,N2,8,0.8349076284296653,0.4408603516711269,0.07914393264180858,0.01930578763847299,0.019736448454938358,0.010177864197650302
sub-RID0190,LTP02-LTP03,temporal_neocortex,N2,8,0.834266869263536,0.43617589447173344,0.08591411193661594,0.0182650561174127,0.016016805951607666,0.008750067282544963
sub-RID0190,LTP03-LTP04,temporal_neocortex,N2,8,0.7467330227658047,0.4037194353685733,0.12837283886718304,0.029830112122716888,0.0250030284365291,0.013568368847931351
sub-RID0190,LDA03-LDA04,hippocampal,N3,8,0.8154728289996191,0.6168973828153062,0.12316645902940301,0.011898794586607924,0.005022189700875118,0.0014326753622463297
sub-RID0190,LDH03-LDH04,hippocampal,N3,8,0.7740809851846027,0.5329910670065036,0.14657426982193628,0.014985607295486425,0.008782222855250595,0.0023648940997963086
sub-RID0190,LAST02-LAST03,temporal_neocortex,N3,8,0.7609471901861565,0.3265359318710205,0.11683183202788286,0.028427360421144666,0.01823191037871351,0.007128851611548931
sub-RID0190,LAST03-LAST04,temporal_neocortex,N3,8,0.8425223431212807,0.252863292887331,0.09440080351441074,0.013655386370101504,0.008036309918622822,0.002368831703141179
sub-RID0190,LG32-LG33,temporal_neocortex,N3,8,0.932841339706576,0.28104687161502845,0.037633235069225474,0.007116273466279039,0.004076710570811422,0.0014859224448990696
sub-RID0190,LG33-LG34,temporal_neocortex,N3,8,0.9687056084271983,0.29681439173900703,0.016714052230027553,0.0028709905352614596,0.003139521845278083,0.0018832040427476607
sub-RID0190,LG34-LG35,temporal_neocortex,N3,8,0.9712984131965288,0.2884977837385637,0.01519690585797637,0.002851319531349669,0.0027326222856204753,0.001678733216084118
sub-RID0190,LG35-LG36,temporal_neocortex,N3,8,0.9578759445911585,0.3368817938184331,0.023271100626349527,0.003888384262581363,0.00362252527573961,0.002127624096931565
sub-RID0190,LG36-LG37,temporal_neocortex,N3,8,0.9383154883285898,0.32120931314162493,0.03320093695928611,0.007606727460315898,0.004499689660808041,0.0019344911482725709
sub-RID0190,LG41-LG42,temporal_neocortex,N3,8,0.9475295396591572,0.38344834303120434,0.027340355928906355,0.005574719391259586,0.005233734095871442,0.002916757714236891
sub-RID0190,LG42-LG43,temporal_neocortex,N3,8,0.9566120873994629,0.34411524699233603,0.023158890478042465,0.003913689315226171,0.003831842320671773,0.002213054320227616
sub-RID0190,LG43-LG44,temporal_neocortex,N3,8,0.9557677350774545,0.32480367654167097,0.02437773974284352,0.003474569248994442,0.0037340156508723263,0.0026656363981926875
sub-RID0190,LG44-LG45,temporal_neocortex,N3,8,0.9176795137551923,0.310452963122097,0.04315143879722087,0.00856399487727379,0.007910325601560846,0.005236025663501853
sub-RID0190,LG45-LG46,temporal_neocortex,N3,8,0.9077460268019963,0.34094599581235796,0.05439286928162079,0.007444727224847588,0.006863251659400266,0.005218740597622626
sub-RID0190,LG46-LG47,temporal_neocortex,N3,8,0.8934935422563144,0.3996522878096189,0.0637391825327504,0.007595334596720161,0.008168665482454878,0.0062591149405028705
sub-RID0190,LG47-LG48,temporal_neocortex,N3,8,0.9010556412323221,0.35650575687098207,0.05443653144158864,0.009548642759245274,0.008144579760304294,0.005474544099894904
sub-RID0190,LG48-LG49,temporal_neocortex,N3,8,0.9305766354895754,0.31273935221514293,0.0399214273947434,0.006143749855198808,0.004638548650732287,0.0029242679675255427
sub-RID0190,LG49-LG50,temporal_neocortex,N3,8,0.9677100354402701,0.25060550644529866,0.017730195988751956,0.002926838649886505,0.002564837487387265,0.001345182839898225
sub-RID0190,LG50-LG51,temporal_neocortex,N3,8,0.9744672511643426,0.26628936364838807,0.014738829964355785,0.002091437458937232,0.001552283264904926,0.0008579238340855782
sub-RID0190,LG51-LG52,temporal_neocortex,N3,8,0.9664277946170978,0.30331664465792896,0.020382154746289276,0.0023458327115890975,0.00186602138230559,0.0011109064785807276
sub-RID0190,LG52-LG53,temporal_neocortex,N3,8,0.9604863692212695,0.2970194889493928,0.023113863307558824,0.0033274779246792114,0.0025057049440452735,0.0015562431270611209
sub-RID0190,LG53-LG54,temporal_neocortex,N3,8,0.9474406313557242,0.2777937299359542,0.03164746094954836,0.004241382618694499,0.0035250255874655382,0.002416850979058716
sub-RID0190,LG56-LG57,temporal_neocortex,N3,8,0.9585731934290308,0.3100029973920428,0.025042785709450822,0.0032481081891599477,0.0018928310651065332,0.0008256408325617302
sub-RID0190,LG57-LG58,temporal_neocortex,N3,8,0.8982315081412533,0.3274877913426786,0.05515078843726751,0.010510930395831331,0.0079795070829076,0.004058207001287348
sub-RID0190,LG58-LG59,temporal_neocortex,N3,8,0.8653416416602289,0.3584196486553976,0.0688764726177312,0.01357673910936662,0.010673035403761171,0.0056497106644925014
sub-RID0190,LG59-LG60,temporal_neocortex,N3,8,0.8983734200954827,0.32698442562126384,0.05259578568770841,0.010363239459222372,0.008373554149118764,0.005114813394680031
sub-RID0190,LG60-LG61,temporal_neocortex,N3,8,0.921107301719619,0.3603325898099305,0.042636182514865006,0.008027654969597094,0.0061720202825979705,0.0034538976242591544
sub-RID0190,LG61-LG62,temporal_neocortex,N3,8,0.9552571532221801,0.260857168875806,0.026602942984414985,0.003535527686843019,0.0030375047510772988,0.0016476641023542116
sub-RID0190,LG62-LG63,temporal_neocortex,N3,8,0.8562658217087259,0.40672511803947203,0.07256184524491363,0.014219623013929202,0.017780054026013174,0.013968286589962341
sub-RID0190,LG63-LG64,temporal_neocortex,N3,8,0.8628148677174954,0.40670300341777044,0.06896115941079807,0.014013114187830883,0.017451603462074826,0.013686964111077893
sub-RID0190,LMST03-LMST04,temporal_neocortex,N3,8,0.6631061970301576,0.36561814404864834,0.1125133040196197,0.053526310241129,0.059097193211370386,0.029140217172081435
sub-RID0190,LPST05-LPST06,temporal_neocortex,N3,8,0.8662579108760623,0.3439834274352346,0.053380303374921736,0.02430495534437438,0.016578470922032656,0.006769442801874854
sub-RID0190,LTP01-LTP02,temporal_neocortex,N3,8,0.9283383644504924,0.3709182743733701,0.040132821562053736,0.005763687519400927,0.006572769506146519,0.004468615613615676
sub-RID0190,LTP02-LTP03,temporal_neocortex,N3,8,0.9420894877751523,0.32775517734635873,0.031347730487107005,0.005105703840438268,0.005209418152560461,0.0038664352319665502
sub-RID0190,LTP03-LTP04,temporal_neocortex,N3,8,0.9210581867925187,0.3445797540535867,0.04089756521239543,0.008090167398578959,0.00765001777113818,0.0054066899848499205
sub-RID0193,RAT01-RAT02,temporal_neocortex,W,8,0.696292465656015,0.5136740027223721,0.1479840920854552,0.035999028022169546,0.0365655744732089,0.017289922691367178
sub-RID0193,RAT02-RAT03,temporal_neocortex,W,8,0.6618902674649064,0.5115648642766255,0.2046183341257961,0.030048917328000097,0.016763773892165795,0.006214315587637794
sub-RID0193,RAT03-RAT04,temporal_neocortex,W,8,0.7265652471954874,0.5932958283266321,0.16889926455084583,0.01945036068223885,0.020876544588458022,0.011110243140274381
sub-RID0193,RDA06-RDA07,temporal_neocortex,W,8,0.8302803629231129,0.6862614902273529,0.10328059044620155,0.01069797665962936,0.008591556460660016,0.0027791278931518434
sub-RID0193,RDA07-RDA08,temporal_neocortex,W,8,0.7653494095687632,0.600678918570438,0.12916033084412282,0.020650538776478433,0.02114927995541162,0.011604256914928456
sub-RID0193,RDHA01-RDHA02,hippocampal,W,8,0.7090880002224389,0.5197134046192573,0.14975488823290992,0.03510410389340475,0.03131535709039053,0.011150689091641654
sub-RID0193,RDHA02-RDHA03,hippocampal,W,8,0.681475191306653,0.5380528691616202,0.1662980693419149,0.03338984671334107,0.047844546754669856,0.00920679163651469
sub-RID0193,RDHA03-RDHA04,hippocampal,W,8,0.7869322297095268,0.6060464590080638,0.13297707078982401,0.015257393057075911,0.012797786663839811,0.005109923195973252
sub-RID0193,RDHA04-RDHA05,hippocampal,W,8,0.8169660554226899,0.6067743416458504,0.11185110563692158,0.01099991564368023,0.009819459605384667,0.005498981819016686
sub-RID0193,RDHA06-RDHA07,temporal_neocortex,W,8,0.9371021146810944,0.7083184385753227,0.03259418403112922,0.005746846238325267,0.005935037196175682,0.001270203851774346
sub-RID0193,RG01-RG02,temporal_neocortex,W,8,0.8959310649997183,0.6566897547312438,0.0635427057438776,0.007631756634251053,0.005334883601592554,0.004338231955655565
sub-RID0193,RG03-RG04,temporal_neocortex,W,8,0.7557963872584825,0.5985962565780085,0.14703774227543492,0.018766887475361857,0.020929154959766903,0.0059346042648073865
sub-RID0193,RG04-RG05,temporal_neocortex,W,8,0.7197818329223845,0.543566694699623,0.1507238956012208,0.026111633525681327,0.020683854735100256,0.007889186681112045
sub-RID0193,RG08-RG09,temporal_neocortex,W,8,0.767780321018624,0.4969564408528812,0.12925816008670055,0.021751727221172617,0.016093639338312708,0.007002535190929209
sub-RID0193,RG11-RG12,temporal_neocortex,W,8,0.8262417345195399,0.6076081370339803,0.0845902028944629,0.020069406882724405,0.018305147091668295,0.00556379367221147
sub-RID0193,RG16-RG17,temporal_neocortex,W,8,0.8016253731129996,0.5316649724051892,0.10228684204315505,0.021278315645099393,0.018942236023443793,0.010050653002276404
sub-RID0193,RG17-RG18,temporal_neocortex,W,8,0.7687299907617429,0.5117754976969695,0.0736312444201272,0.03061712426508737,0.05630621030884357,0.045128145272171044
sub-RID0193,RG18-RG19,temporal_neocortex,W,8,0.9377780333760164,0.6410619072925448,0.025500094618584206,0.007513577362376205,0.010565979535927207,0.006990217797762726
sub-RID0193,RG32-RG33,temporal_neocortex,W,8,0.759944797020822,0.6219233083514821,0.15158959441468572,0.015920109682777107,0.014736514817721622,0.006701466467515661
sub-RID0193,RG33-RG34,temporal_neocortex,W,8,0.658968569975557,0.5308651479819415,0.20507641796650186,0.024478828373517215,0.02215337426569979,0.012397458085880803
sub-RID0193,RG34-RG35,temporal_neocortex,W,8,0.7727271181407153,0.6653582863884994,0.1433989435410491,0.014498436121284269,0.01281565397453702,0.0058232985173911275
sub-RID0193,RG35-RG36,temporal_neocortex,W,8,0.8331828525433862,0.6456788392062444,0.09679860707908766,0.01363981054535704,0.012423521628964585,0.005392499931858582
sub-RID0193,RG36-RG37,temporal_neocortex,W,8,0.8179004340972602,0.6163111452899857,0.08908776307575697,0.018872278311223203,0.02332310693360922,0.020167185666097008
sub-RID0193,RG37-RG38,temporal_neocortex,W,8,0.904970660841221,0.6479911603362138,0.05795841687564608,0.007339213402335886,0.007049153175650804,0.002496253009624414
sub-RID0193,RG38-RG39,temporal_neocortex,W,8,0.8687249314620975,0.5298365548845364,0.05122985666247006,0.015066553554447287,0.022113871792452625,0.026796350288767846
sub-RID0193,RG39-RG40,temporal_neocortex,W,8,0.6233173938901394,0.3988514248877529,0.09705020295592283,0.057140062753881934,0.1020577403102618,0.11056986788386161
sub-RID0193,RG41-RG42,temporal_neocortex,W,8,0.8112664115726739,0.5396604968480383,0.09952412275176967,0.019808992124084907,0.020706763198416387,0.010545564516515449
sub-RID0193,RG42-RG43,temporal_neocortex,W,8,0.737691070838717,0.5705821644528378,0.14114374517333186,0.025573748086476496,0.02733161461338039,0.018932080027817298
sub-RID0193,RG43-RG44,temporal_neocortex,W,8,0.8418797469581161,0.6456479599905716,0.07337819410764432,0.01572807966933671,0.024316885485551835,0.022089703791768805
sub-RID0193,RG44-RG45,temporal_neocortex,W,8,0.8872835806262169,0.6059412248460667,0.06983718596617784,0.007310959539993205,0.006528706208693299,0.0023141257224816862
sub-RID0193,RG45-RG46,temporal_neocortex,W,8,0.896286569740121,0.6272483258038675,0.05560318982012574,0.010011826743760813,0.010531541051540038,0.0042517552671981805
sub-RID0193,RMT01-RMT02,parahippocampal,W,8,0.6198850170533019,0.4487603811117358,0.2030772850328289,0.03712141095169033,0.0450182061432247,0.019313480997852593
sub-RID0193,RMT03-RMT04,temporal_neocortex,W,8,0.760650972696635,0.5520627530364748,0.12509556168354702,0.024811704875608562,0.026921616480713957,0.015002354966488024
sub-RID0193,RG01-RG02,temporal_neocortex,N2,8,0.8589918143343127,0.6319655560857674,0.08955176967027129,0.00987019752423713,0.007297625350382692,0.0014278971626691865
sub-RID0193,RG03-RG04,temporal_neocortex,N2,8,0.7560042280966703,0.5860834726065136,0.1572458928424042,0.019822613942485065,0.011674726644198781,0.003438900827237001
sub-RID0193,RG04-RG05,temporal_neocortex,N2,8,0.736729534680008,0.5617407325208807,0.16542653292028436,0.02214141428099681,0.011474472693724081,0.002862413480381313
sub-RID0193,RG08-RG09,temporal_neocortex,N2,8,0.7060495128235768,0.5009279094333712,0.2103275064698279,0.01651397884138341,0.009958425005325804,0.004267162048968281
sub-RID0193,RG11-RG12,temporal_neocortex,N2,8,0.6812113674712015,0.505559359804912,0.17484287806046395,0.03304676722666761,0.02602815625148168,0.01186838561759187
sub-RID0193,RG16-RG17,temporal_neocortex,N2,8,0.7973687756758305,0.5319218131657822,0.14135205193711953,0.011807603373907558,0.009174581484423973,0.005475981580126754
sub-RID0193,RG17-RG18,temporal_neocortex,N2,8,0.7524418222409718,0.5225871989940112,0.14103747124809318,0.022632952590664102,0.0217531916649486,0.015118653338941386
sub-RID0193,RG18-RG19,temporal_neocortex,N2,8,0.9007037568869043,0.7375592197826106,0.06354716932545558,0.005885281053741159,0.005353881482819471,0.0035511508391356753
sub-RID0193,RG32-RG33,temporal_neocortex,N2,8,0.6426876893590585,0.5224631424528647,0.2331516718483658,0.02544444676672317,0.01768310961425063,0.006663631171261871
sub-RID0193,RG33-RG34,temporal_neocortex,N2,8,0.6441717912657678,0.5282343928978813,0.21135109270951527,0.03152671716547921,0.02374199213579363,0.009145916569287923
sub-RID0193,RG34-RG35,temporal_neocortex,N2,8,0.721725328885667,0.542031170926197,0.1788215698724565,0.019558716277289438,0.01761856841672214,0.008085581488946027
sub-RID0193,RG35-RG36,temporal_neocortex,N2,8,0.6832799728746111,0.5228193873432534,0.18256653187511002,0.029603551747533527,0.03831060809217989,0.010059428583974857
sub-RID0193,RG36-RG37,temporal_neocortex,N2,8,0.660393907215356,0.5272780904296388,0.1916156957754512,0.024410508122901565,0.04007432737763271,0.021920165817918898
sub-RID0193,RG37-RG38,temporal_neocortex,N2,8,0.78243286461535,0.560640154616282,0.13303024240674508,0.012611312177033214,0.019251207989858826,0.01193994773342396
sub-RID0193,RG38-RG39,temporal_neocortex,N2,8,0.7981628898427022,0.5187558655166478,0.12267879840133275,0.016089674061020357,0.014285832257339938,0.006603719003507628
sub-RID0193,RG39-RG40,temporal_neocortex,N2,8,0.6825586791264253,0.5042069747313132,0.17273343402878655,0.03341416183902679,0.03266965915597074,0.01681157107670496
sub-RID0193,RG41-RG42,temporal_neocortex,N2,8,0.6944746506154317,0.5287380522096778,0.21173740340003017,0.016572846196525267,0.01511724609970542,0.004855291454569982
sub-RID0193,RG42-RG43,temporal_neocortex,N2,8,0.6348296329462386,0.48894508533106484,0.2431858487629189,0.02212728349002797,0.017140120140266814,0.006387246358333918
sub-RID0193,RG43-RG44,temporal_neocortex,N2,8,0.8011819772319627,0.5167730903292205,0.12146265376364401,0.01535511309039106,0.017810910231393418,0.004214718131963145
sub-RID0193,RG44-RG45,temporal_neocortex,N2,8,0.8206743748906651,0.570940303315998,0.11483367432038707,0.011660359157122463,0.00981902367384045,0.0029235810997287224
sub-RID0193,RG45-RG46,temporal_neocortex,N2,8,0.8066885577379519,0.5120987827492511,0.11436964997189365,0.01580084067360823,0.014845781079325875,0.005481825154909978
sub-RID0193,RG01-RG02,temporal_neocortex,N3,8,0.8625242907203419,0.5309176321276586,0.09105342472753701,0.007469434310163021,0.006143888387922419,0.0015175817746376802
sub-RID0193,RG03-RG04,temporal_neocortex,N3,8,0.8351296498529065,0.5237777564668834,0.10517973945054312,0.012696953388763312,0.008319165919648819,0.0019092188189986858
sub-RID0193,RG04-RG05,temporal_neocortex,N3,8,0.8253162819815818,0.4790987133550578,0.11293986224810779,0.012321906603533987,0.007170322641615002,0.0017671239425401679
sub-RID0193,RG08-RG09,temporal_neocortex,N3,8,0.8743306662961549,0.36855665732841,0.08755572214168114,0.006303407285011234,0.00410378119813418,0.0015153625419743854
sub-RID0193,RG11-RG12,temporal_neocortex,N3,8,0.8536370553198016,0.42308827676250094,0.0826889057018364,0.015060072420130416,0.011524689810081205,0.005416552982037902
sub-RID0193,RG16-RG17,temporal_neocortex,N3,8,0.927063291810452,0.36913829958126576,0.052342006297427066,0.002964903561635799,0.002476208186968556,0.001500618466504506
sub-RID0193,RG17-RG18,temporal_neocortex,N3,8,0.8821430668412495,0.4606634208766002,0.0747819862043091,0.007013035891442907,0.006933583017869176,0.005633841929146638
sub-RID0193,RG18-RG19,temporal_neocortex,N3,8,0.9560918011644852,0.4900876624277584,0.029009375530653157,0.0020069353942050337,0.0018344178593271492,0.0013597891932133552
sub-RID0193,RG32-RG33,temporal_neocortex,N3,8,0.7290035685864369,0.5245339733072707,0.16814964809946184,0.018697256024034825,0.016237274995262743,0.006598726936550138
sub-RID0193,RG33-RG34,temporal_neocortex,N3,8,0.65360956817313,0.4705783759491491,0.20307243546595127,0.02413694425852505,0.03290537748743948,0.0138972467466523
sub-RID0193,RG34-RG35,temporal_neocortex,N3,8,0.845086949072217,0.4676730741632201,0.0895915253764301,0.013031557698787988,0.01514131381131007,0.006132545068457652
sub-RID0193,RG35-RG36,temporal_neocortex,N3,8,0.8410229180433868,0.4893741836970244,0.0844663817300779,0.011967570932187227,0.025102126267598876,0.009495998220390161
sub-RID0193,RG36-RG37,temporal_neocortex,N3,8,0.9185499691161011,0.2936014219853879,0.046027612357384576,0.007347135733325786,0.008717518884555695,0.0065889528307273
sub-RID0193,RG37-RG38,temporal_neocortex,N3,8,0.9302401605215301,0.3243468036322176,0.04151801464842467,0.006043806317993046,0.004779402652179684,0.005149549725294658
sub-RID0193,RG38-RG39,temporal_neocortex,N3,8,0.9022147030850823,0.3501847713521772,0.059193701304199695,0.007802756107113621,0.007228458073812813,0.0032684087930625314
sub-RID0193,RG39-RG40,temporal_neocortex,N3,8,0.8915474230157607,0.46905050417065874,0.06308912600133693,0.00834244386223851,0.008410504523187175,0.005096630105651537
sub-RID0193,RG41-RG42,temporal_neocortex,N3,8,0.9005396181775811,0.49219323866469433,0.06527977157067512,0.00545974555371281,0.007156933130608053,0.0019844095289154925
sub-RID0193,RG42-RG43,temporal_neocortex,N3,8,0.749506970734666,0.46047175539479507,0.1551552322722182,0.01986421624735641,0.019740311991853558,0.006665770864063332
sub-RID0193,RG43-RG44,temporal_neocortex,N3,8,0.9163006517237229,0.32255292427589977,0.044975130141611794,0.007441090655809506,0.011163632190419827,0.0029390931569276027
sub-RID0193,RG44-RG45,temporal_neocortex,N3,8,0.9016821011309739,0.4108765324955048,0.06105449002440753,0.007473843178747896,0.006249054318583561,0.001744076163866251
sub-RID0193,RG45-RG46,temporal_neocortex,N3,8,0.9111137995329998,0.36224733773165896,0.05697680739999529,0.005932573292359047,0.0042887915636885855,0.0017374928775594402
sub-RID0194,LA01-LA02,amygdala,W,6,0.6840328309609188,0.4542127332831359,0.13835811134434803,0.05753592089284119,0.0370526358818959,0.020705606766391858
sub-RID0194,LA07-LA08,temporal_neocortex,W,6,0.6145504669742557,0.4069890283414835,0.1327688250718151,0.1020302447325759,0.03853646322381117,0.01010570743418196
sub-RID0194,LB05-LB06,temporal_neocortex,W,6,0.435035518740635,0.26713415609161756,0.1753528404262843,0.13164136001370821,0.06374290297820273,0.011409744112055913
sub-RID0194,LB07-LB08,temporal_neocortex,W,6,0.3654604223300792,0.235376213709083,0.1819602219312374,0.14163781979114373,0.09669582038568848,0.018066263011577828
sub-RID0194,LB08-LB09,temporal_neocortex,W,6,0.4781410392163706,0.28493530204697753,0.1468533113582309,0.09050158867572404,0.09190844055191272,0.02695682968176324
sub-RID0194,LB09-LB10,temporal_neocortex,W,6,0.3891783530259212,0.24646031380593744,0.1724185589265492,0.17469358558272655,0.06830043671812214,0.009945623488901956
sub-RID0194,RA01-RA02,entorhinal,W,6,0.6556392232026909,0.35046531493989974,0.11375115219154296,0.05322703440999856,0.05169289674310961,0.028103071813610866
sub-RID0194,RA05-RA06,temporal_neocortex,W,6,0.5380099893147149,0.3491320389625101,0.1154465558352739,0.12992764239042665,0.050798063760418954,0.01529701979518486
sub-RID0194,RA06-RA07,temporal_neocortex,W,6,0.5497984977047887,0.36233403377432594,0.11558807997086164,0.1167274803395812,0.08596627001999119,0.03602040906573155
sub-RID0194,RA07-RA08,temporal_neocortex,W,6,0.5196389843801533,0.3071828128668796,0.10682971080802095,0.17210195436599343,0.05739742431654199,0.017936803430396865
sub-RID0194,RB01-RB02,hippocampal,W,6,0.4857506307029644,0.34243512342352167,0.14872238508286864,0.08245118564839932,0.10681249356444185,0.18900763954122882
sub-RID0194,RB02-RB03,hippocampal,W,6,0.4735869084216861,0.32800926278198816,0.13266694524009973,0.10833120424602548,0.09001522693512316,0.05592434550803336
sub-RID0194,RB07-RB08,temporal_neocortex,W,6,0.25120481099976205,0.16795329336318351,0.14322395457776882,0.30220015469963196,0.08345563623831452,0.015543584118041182
sub-RID0194,RB08-RB09,temporal_neocortex,W,6,0.14835427116923705,0.10871445724771382,0.15473900887948286,0.3625576202688532,0.053142470069838264,0.0037696030811042174
sub-RID0194,RB09-RB10,temporal_neocortex,W,6,0.1600099089605498,0.1148807445325332,0.17384362386980853,0.277713820766093,0.04609955560371148,0.0024198498291202355
sub-RID0194,RC07-RC08,temporal_neocortex,W,6,0.4511634496901495,0.3048804865300873,0.1613872317508384,0.1096665839081406,0.07849986942033844,0.020824812556403827
sub-RID0194,RC08-RC09,temporal_neocortex,W,6,0.3086135940867493,0.20004369059352248,0.19417640079778808,0.12374252873398606,0.0467898203902447,0.007619239282839437
sub-RID0194,RC09-RC10,temporal_neocortex,W,6,0.09841455983670072,0.07846461743229251,0.16866633914311432,0.2262643769684003,0.06400154716862462,0.009145115463458597
sub-RID0194,LA01-LA02,amygdala,N2,8,0.8211186466301967,0.5693446715597472,0.09643778045478499,0.016891726758832618,0.013546857691332922,0.0074103264127656394
sub-RID0194,LA07-LA08,temporal_neocortex,N2,8,0.5973331889290251,0.38789209872449,0.12278825638232953,0.11584920073295589,0.028309813270124003,0.006968465116613851
sub-RID0194,LB05-LB06,temporal_neocortex,N2,8,0.4297042119993212,0.29009217758947037,0.14004944206921283,0.18277899163441585,0.03625994561915531,0.0075212622846900995
sub-RID0194,LB07-LB08,temporal_neocortex,N2,8,0.37359602959847465,0.25828176476822734,0.13757119179824923,0.21274997732203732,0.0663244374746417,0.012342512392200652
sub-RID0194,LB08-LB09,temporal_neocortex,N2,8,0.5202428941044692,0.3374149371345592,0.10633695092090531,0.12152191112303369,0.06999804528451808,0.02125470462619436
sub-RID0194,LB09-LB10,temporal_neocortex,N2,8,0.3706759794252965,0.23347987346414895,0.1299930717100302,0.25225761103199823,0.029217466912370444,0.0037429324575389156
sub-RID0194,LB10-LB11,temporal_neocortex,N2,8,0.19440307627481052,0.16215095068818713,0.16889008033237307,0.2850887661650937,0.06234210188855205,0.011273025471846259
sub-RID0194,RA01-RA02,entorhinal,N2,8,0.8148355259868538,0.5451016575738172,0.08651051156131007,0.02102385206770162,0.021221011182222884,0.01212014296907935
sub-RID0194,RA05-RA06,temporal_neocortex,N2,8,0.6871150574707618,0.43238627861151446,0.08065817962927566,0.09257442585250214,0.026279839791185845,0.008355445763351479
sub-RID0194,RA06-RA07,temporal_neocortex,N2,8,0.7306745786608839,0.4462067170549082,0.06600401842561465,0.07235593256387322,0.04120868937414678,0.017702562733364686
sub-RID0194,RA07-RA08,temporal_neocortex,N2,8,0.6926648039584036,0.45355855307837106,0.08002318028971067,0.07934815782210831,0.034624922464666134,0.013251859793360327
sub-RID0194,RA08-RA09,temporal_neocortex,N2,8,0.6004519773238683,0.405042501273838,0.10873450439603138,0.09267360032336239,0.04897809181268795,0.017652908656022197
sub-RID0194,RA09-RA10,temporal_neocortex,N2,8,0.6918422298562978,0.5148355829951616,0.10722174654908534,0.06343816847378554,0.011948164851247473,0.004275151034825354
sub-RID0194,RB01-RB02,hippocampal,N2,8,0.7151751571288183,0.5878577668957023,0.15661769508322868,0.02774094702343133,0.024301326556294037,0.013025052937621549
sub-RID0194,RB02-RB03,hippocampal,N2,8,0.6715803625088366,0.5002533610906161,0.12772465601140287,0.05110444554341082,0.04793826562441943,0.02817515964596569
sub-RID0194,RB07-RB08,temporal_neocortex,N2,8,0.5640613316725358,0.36045896202671224,0.08634306669950727,0.1260050160945484,0.04017671228914911,0.01047826329418285
sub-RID0194,RC07-RC08,temporal_neocortex,N2,8,0.7913613319973458,0.5359140923115094,0.07275562101384173,0.035243328247914416,0.02665779499087624,0.012592403539500325
sub-RID0194,RC08-RC09,temporal_neocortex,N2,8,0.7101261333723047,0.48668110356204186,0.09329239620237952,0.04276264422522916,0.01654211631999003,0.004676403087897756
sub-RID0194,RC09-RC10,temporal_neocortex,N2,8,0.3136049852152224,0.26920766412829045,0.19863456008270652,0.1177010613190884,0.04466638311964459,0.008806739609019593
sub-RID0213,LAT03-LAT04,temporal_neocortex,N2,8,0.7159606469821131,0.4974453077796023,0.16096071411771185,0.0296186914462664,0.020230014735000863,0.005158541172668012
sub-RID0213,LDA01-LDA02,hippocampal,N2,8,0.7070128741878653,0.5415856614163129,0.17762231937875775,0.024353065404689622,0.017515898242171472,0.007106721196430569
sub-RID0213,LDA02-LDA03,hippocampal,N2,8,0.7024647976284555,0.5488065011593746,0.1798187039573655,0.02223115648786359,0.01856283226893275,0.010783055533981276
sub-RID0213,LDA03-LDA04,hippocampal,N2,8,0.7357362572072913,0.48336766641199236,0.13831068642762656,0.03283814332387846,0.028359766296937844,0.009012360478823747
sub-RID0213,LG33-LG34,temporal_neocortex,N2,8,0.7402931937056272,0.47740324639202314,0.1599789365306273,0.016861149517047935,0.010266269208115693,0.0038795394353053044
sub-RID0213,LG34-LG35,temporal_neocortex,N2,8,0.778906226278669,0.4407517886715343,0.12018610296071727,0.025521214684927008,0.017542763378489847,0.006008730732247537
sub-RID0213,LG35-LG36,temporal_neocortex,N2,8,0.8001457112616231,0.45494655848381327,0.12449115856918805,0.01601508013723937,0.00860051866221512,0.0023686284599256347
sub-RID0213,LG36-LG37,temporal_neocortex,N2,8,0.7864643578130159,0.44280760425810883,0.11953302603134713,0.024668004317133015,0.015084140587315203,0.004498901646154424
sub-RID0213,LG37-LG38,temporal_neocortex,N2,8,0.7633138200874239,0.370205432124881,0.11737890497719483,0.03327146484322345,0.022236247487496107,0.007478997636040498
sub-RID0213,LG41-LG42,temporal_neocortex,N2,8,0.766241444048375,0.4408934933198352,0.1327650523869403,0.02449367142391352,0.01750351196165606,0.00481563511843912
sub-RID0213,LG42-LG43,temporal_neocortex,N2,8,0.7006093758542071,0.40781435248278575,0.18724243272684957,0.024261035376286638,0.015557061814487473,0.005238035414699008
sub-RID0213,LG43-LG44,temporal_neocortex,N2,8,0.7609726734331299,0.4256319289855278,0.15925048513437895,0.019072098644373606,0.00944163263978954,0.0018439302626539781
sub-RID0213,LG44-LG45,temporal_neocortex,N2,8,0.8007602391953602,0.4151863036516942,0.11877574731794435,0.021491256710120393,0.011529979720474617,0.002448967761790737
sub-RID0213,LG45-LG46,temporal_neocortex,N2,8,0.8167462831453702,0.38115737810850525,0.11083451202508866,0.01721995073202264,0.010086850393330932,0.0030232156255372063
sub-RID0213,LG46-LG47,temporal_neocortex,N2,8,0.5732255222087823,0.33357940951641707,0.24713101632661805,0.05331318651898971,0.02919116113738581,0.00936892242119267
sub-RID0213,LG49-LG50,temporal_neocortex,N2,8,0.6561787690659324,0.3899863069241184,0.22163677529630751,0.027173754869459152,0.013776880704776224,0.004590704639488263
sub-RID0213,LG50-LG51,temporal_neocortex,N2,8,0.6192456977269369,0.46588847566954483,0.22543821094679184,0.03871316953165875,0.025546127576400172,0.008042185087425456
sub-RID0213,LG51-LG52,temporal_neocortex,N2,8,0.5607812934545022,0.33731267937525533,0.25641847337371704,0.052348359074449555,0.029541903198178288,0.005983140121559791
sub-RID0213,LG52-LG53,temporal_neocortex,N2,8,0.5878243016592193,0.3270572799293795,0.2850589518840658,0.033483183995266605,0.014047458369734506,0.0021144130618721596
sub-RID0213,LG53-LG54,temporal_neocortex,N2,8,0.7416979957338925,0.38439734612705784,0.13734296565894466,0.027554739018733204,0.01957445094829212,0.004065303062626759
sub-RID0213,LG54-LG55,temporal_neocortex,N2,8,0.755448271882875,0.35509591439489596,0.12590107399590997,0.028284972030749266,0.01993833102527611,0.004720556414185209
sub-RID0213,LG55-LG56,temporal_neocortex,N2,8,0.6418720544333688,0.3208785974104065,0.2239704326597147,0.031343161528565304,0.017688852648189767,0.00596584090995961
sub-RID0213,LG56-LG57,temporal_neocortex,N2,8,0.6122938772081323,0.4278491666489955,0.2525414470041537,0.026875621555253228,0.013928297591108096,0.003789566682347396
sub-RID0213,LG57-LG58,temporal_neocortex,N2,8,0.6930380364405657,0.46846132376442373,0.19639966124116842,0.02177611730418518,0.015009909961513702,0.00402681975477861
sub-RID0213,LG58-LG59,temporal_neocortex,N2,8,0.7447444544705852,0.4137942161272738,0.14369027915164087,0.03043830729123875,0.02049411604775773,0.005180458253051621
sub-RID0213,LG59-LG60,temporal_neocortex,N2,8,0.7083061546304419,0.4069075234356095,0.1547835115568773,0.04658058498472827,0.02718259454358889,0.004501964781332879
sub-RID0213,LG60-LG61,temporal_neocortex,N2,8,0.7471495883936315,0.4433011853985832,0.11853552486438176,0.044076522512108175,0.02702358921757156,0.0038764322323935883
sub-RID0213,LG61-LG62,temporal_neocortex,N2,8,0.670747201827408,0.3365378329739831,0.21545813309971024,0.02624768725665017,0.015138991994892622,0.004515941205190091
sub-RID0213,LG62-LG63,temporal_neocortex,N2,8,0.6793387607584411,0.3263021037577202,0.19747850507557016,0.031833764282961044,0.01939154324428328,0.003930450824986685
sub-RID0213,LG63-LG64,temporal_neocortex,N2,8,0.5160387628789409,0.3066745089332957,0.2829488936729757,0.05701240035208776,0.032903934445629696,0.005613638966904469
sub-RID0213,LMT03-LMT04,temporal_neocortex,N2,8,0.6766357838705139,0.42764265070329455,0.1982451475005962,0.026697366043457522,0.0184687634374673,0.008221738788038575
sub-RID0213,LPT01-LPT02,temporal_neocortex,N2,8,0.5536644108174422,0.33349184497988715,0.24821611531804094,0.05266561063197649,0.029660312238872465,0.007763864766750119
sub-RID0213,LPT02-LPT03,temporal_neocortex,N2,8,0.48373415865859876,0.29808529270352435,0.27931472446931904,0.06195097319868828,0.039236866506678014,0.010231922345241786
sub-RID0213,LPT03-LPT04,temporal_neocortex,N2,8,0.4305185775985605,0.2678212444090693,0.38728716063303154,0.03882248417305266,0.019309970946314134,0.00552506664712291
sub-RID0213,RAT01-RAT02,temporal_neocortex,N2,8,0.732877218335702,0.5023575859449018,0.13918096149614403,0.028526099293311735,0.029615594383244882,0.01957970212293425
sub-RID0213,RAT02-RAT03,temporal_neocortex,N2,8,0.7190018567225658,0.4525783240098724,0.1404140254667842,0.03419344059139334,0.030365893243613842,0.01672782265192687
sub-RID0213,RAT03-RAT04,temporal_neocortex,N2,8,0.700251012664774,0.39977828786253,0.14333009585193102,0.03991120950520813,0.03158345570446621,0.01509165282379156
sub-RID0213,RMT01-RMT02,entorhinal,N2,8,0.6791409742590431,0.5157185042916748,0.16661440873528077,0.044070190542128865,0.024675394480971995,0.006334205504534257
sub-RID0213,LAT03-LAT04,temporal_neocortex,N3,8,0.9095889350097905,0.3289221128532047,0.05058133480873164,0.00862059001477758,0.006234109632827331,0.0015596857016176328
sub-RID0213,LDA01-LDA02,hippocampal,N3,8,0.7523580872808524,0.4738303681560102,0.1627716305453918,0.015779663165782682,0.011540283260728677,0.003990696438339731
sub-RID0213,LDA02-LDA03,hippocampal,N3,8,0.717543113031285,0.45940944280750895,0.17272335813409992,0.019847733014891802,0.019086046365405604,0.007746368197431075
sub-RID0213,LDA03-LDA04,hippocampal,N3,8,0.6604019278219398,0.4263190110850436,0.1798614877633183,0.041512353368177456,0.02444632981179333,0.00883852041133817
sub-RID0213,LG33-LG34,temporal_neocortex,N3,8,0.901888081245207,0.3216668331502579,0.06601983332577482,0.006182011531928766,0.005321943072901829,0.0016830963390401413
sub-RID0213,LG34-LG35,temporal_neocortex,N3,8,0.9390518722807928,0.3156941083503129,0.03625528459315078,0.005448476798539324,0.00479414061253158,0.001962908611405503
sub-RID0213,LG35-LG36,temporal_neocortex,N3,8,0.9560176927635715,0.3151203607783071,0.026921591214190854,0.0032661144727573494,0.0024730168621161825,0.0008915120525513848
sub-RID0213,LG36-LG37,temporal_neocortex,N3,8,0.9330498191349237,0.3491814685722067,0.04114163698103443,0.004954179102197717,0.004470132539175168,0.0020439439942684656
sub-RID0213,LG37-LG38,temporal_neocortex,N3,8,0.9679087187805115,0.2659399678164995,0.01728060216439263,0.002990845544412724,0.003201739241554801,0.0020020411633597975
sub-RID0213,LG41-LG42,temporal_neocortex,N3,8,0.9243729914615808,0.23513397347619208,0.044452576310007624,0.0068623634914074215,0.005582454625432269,0.0016549212540204208
sub-RID0213,LG42-LG43,temporal_neocortex,N3,8,0.8855396305697051,0.3004404820916432,0.06956691554037911,0.008757803177633253,0.006784610132214362,0.0027286341243090767
sub-RID0213,LG43-LG44,temporal_neocortex,N3,8,0.9541496812260915,0.270201417490131,0.02864884826682202,0.003310709655235399,0.00243003186081634,0.0006809227233960389
sub-RID0213,LG44-LG45,temporal_neocortex,N3,8,0.9537566835324781,0.30701349690918217,0.026968540017117078,0.004026107700948504,0.002982691531870805,0.0010323945661325626
sub-RID0213,LG45-LG46,temporal_neocortex,N3,8,0.9638839786537265,0.279829746695228,0.020345293651845536,0.0031620398012069005,0.0026231530679917386,0.0012578703203136097
sub-RID0213,LG46-LG47,temporal_neocortex,N3,8,0.9339058132949005,0.3312515664939197,0.036976972548756315,0.005120861309594944,0.004483102317460774,0.00270070137981412
sub-RID0213,LG50-LG51,temporal_neocortex,N3,8,0.8576666870512981,0.40094075281554964,0.08251342510339396,0.013532438696804743,0.009670223198118957,0.0033746089618838177
sub-RID0213,LG51-LG52,temporal_neocortex,N3,8,0.8442090972317644,0.25918097757421144,0.08690939972701317,0.015381487326942507,0.009042753674262351,0.002540398236504891
sub-RID0213,LG52-LG53,temporal_neocortex,N3,8,0.8740440713973121,0.24334310829772907,0.07941161953656263,0.008393985170480945,0.00412777002877179,0.0008720609829690011
sub-RID0213,LG53-LG54,temporal_neocortex,N3,8,0.9538147247590851,0.24653525430561837,0.025741884220006603,0.0038034857904728084,0.0028406095876922915,0.0009394383618082837
sub-RID0213,LG54-LG55,temporal_neocortex,N3,8,0.951297241057367,0.2537724039315577,0.026839582016462735,0.0045129586759298955,0.003038662974617202,0.0012002879193926418
sub-RID0213,LG57-LG58,temporal_neocortex,N3,8,0.9040371189514236,0.3247829078185156,0.055777300372544227,0.008705076859373991,0.006971724967663602,0.0017761093899093796
sub-RID0213,LG58-LG59,temporal_neocortex,N3,8,0.8939658484399651,0.3388285782332874,0.05988648956736467,0.009855610424180556,0.007347064370443765,0.0023554756214477016
sub-RID0213,LG59-LG60,temporal_neocortex,N3,8,0.9317447547963127,0.29410759581411194,0.037523432689268964,0.006709114688890395,0.004808713323765024,0.0011463507641892312
sub-RID0213,LG60-LG61,temporal_neocortex,N3,8,0.9364422663125263,0.30581680797567035,0.0358649028585651,0.006059139104742513,0.004208997563398717,0.0011087186483619937
sub-RID0213,LG61-LG62,temporal_neocortex,N3,8,0.9253363021821984,0.2766471196327196,0.0462302944286541,0.0044139676131158614,0.004293085170664841,0.0018275860376453777
sub-RID0213,LG62-LG63,temporal_neocortex,N3,8,0.9452034962112514,0.2492842476433387,0.03330381606892787,0.003781175684126264,0.00317865844962882,0.001407729569561139
sub-RID0213,LG63-LG64,temporal_neocortex,N3,8,0.9014012990480018,0.23276701877680017,0.060589079626280413,0.0069708309888186085,0.004497988208577103,0.0025186554423177036
sub-RID0213,LMT03-LMT04,temporal_neocortex,N3,8,0.8616024085035046,0.33235003650112227,0.08189792931406412,0.011415671183035846,0.010121866451807206,0.0036560352427093103
sub-RID0213,LPT01-LPT02,temporal_neocortex,N3,8,0.8607226678584675,0.3461894131967407,0.07889045920163398,0.01102606631861465,0.006606531265556754,0.0033926871538301233
sub-RID0213,LPT02-LPT03,temporal_neocortex,N3,8,0.8162579534629597,0.3382672027719815,0.10490053487754239,0.014730546052003614,0.00898602712922087,0.0044499632645937925
sub-RID0213,LPT03-LPT04,temporal_neocortex,N3,8,0.8164145438779047,0.2723328163430302,0.11348469329404066,0.00993605109616931,0.005997573733659866,0.0029828999099630795
sub-RID0213,RAT01-RAT02,temporal_neocortex,N3,8,0.9494292543671237,0.3189765297006866,0.0301070568232207,0.003985896676329606,0.0032357680145727987,0.001858567321960417
sub-RID0213,RAT02-RAT03,temporal_neocortex,N3,8,0.9418015167422384,0.3295818520804873,0.032530130176153374,0.005521437295707149,0.005339291386683516,0.0030149751864858255
sub-RID0213,RAT03-RAT04,temporal_neocortex,N3,8,0.948506881935245,0.29930727864843043,0.02859637634158694,0.004448310158863574,0.004261514033581621,0.002201734982756467
sub-RID0213,RMT01-RMT02,entorhinal,N3,8,0.8391243651116918,0.47115096443587295,0.06512308392837216,0.029003825512622143,0.017992812561541203,0.002637207073863024
sub-RID0230,LB04-LB05,temporal_neocortex,W,8,0.8694755446549182,0.6847441444334811,0.07302473645964634,0.0132922957075654,0.008430120900274505,0.0028458744992469285
sub-RID0230,LB06-LB07,temporal_neocortex,W,8,0.7930667554292974,0.5968067271476808,0.12489399995440037,0.014239045530360248,0.009237054933355778,0.0035716905551974225
sub-RID0230,LB07-LB08,temporal_neocortex,W,8,0.6017709581677441,0.4807428728081097,0.24609565349781634,0.029538951822682374,0.01719460524987538,0.006087904923818925
sub-RID0230,LB08-LB09,temporal_neocortex,W,8,0.7669543237405656,0.5661316164707157,0.1445569053353707,0.01643173557197057,0.010751069505640653,0.0052190484556719745
sub-RID0230,LD07-LD08,temporal_neocortex,W,8,0.5897233433706992,0.4547604236936387,0.21806532403305198,0.041673007174412566,0.03462695894128688,0.02834389604053123
sub-RID0230,LE02-LE03,entorhinal,W,8,0.8543114723524566,0.5815795112971006,0.09937793319722157,0.006501862887550056,0.0038090973274472395,0.001542922043449601
sub-RID0230,LF01-LF02,temporal_neocortex,W,8,0.7312863233123638,0.5014137632736588,0.15193199893862108,0.016808851376814385,0.016025919515069986,0.006082142260749046
sub-RID0230,LF02-LF03,temporal_neocortex,W,8,0.7360467888419517,0.5107574103065936,0.144529890007784,0.019773903547882395,0.019660627902718476,0.009332931337693098
sub-RID0230,LF03-LF04,temporal_neocortex,W,8,0.6181205417746098,0.4331608718503135,0.20354821160349174,0.025953683103065908,0.023742234089241285,0.01023482214560587
sub-RID0230,LF04-LF05,temporal_neocortex,W,8,0.6778753240167534,0.3716457343430692,0.14294609860038776,0.03281836628704247,0.039521633292368796,0.0666544297157152
sub-RID0230,RA01-RA02,amygdala,W,8,0.4622502923288703,0.3317286080388595,0.18921657511080495,0.0826830172356689,0.10133623562768306,0.05680840873914336
sub-RID0230,RA02-RA03,hippocampal,W,8,0.6045167013015603,0.45868472979152186,0.16090560610664603,0.056353170685386936,0.0699106793067492,0.03650648415012893
sub-RID0230,RA03-RA04,hippocampal,W,8,0.5474317749121478,0.4288680966779362,0.17205950401656267,0.06127173451057807,0.10551848345617015,0.041329510131729925
sub-RID0230,RA04-RA05,hippocampal,W,8,0.465245849795909,0.36305509776539446,0.15366053997969636,0.08910059836402515,0.13854622920887846,0.08994895402771502
sub-RID0230,RA05-RA06,hippocampal,W,8,0.6010294867888283,0.48562603460292486,0.19386480004066683,0.04120385963262223,0.06962793623541752,0.037124275889479696
sub-RID0230,RA06-RA07,hippocampal,W,8,0.4983199686444283,0.41826149410706465,0.18850782786745826,0.06387178419441751,0.11671854864025229,0.06676636199389141
sub-RID0230,RA10-RA11,temporal_neocortex,W,8,0.38908079908140947,0.27923281170695846,0.27281222850166764,0.08170652988300459,0.07557157118086719,0.02722714504495443
sub-RID0230,RA11-RA12,temporal_neocortex,W,8,0.3906300463272727,0.2835361939501383,0.2564148731811593,0.09511891902307963,0.08774636927750286,0.03263478451087723
sub-RID0230,RB02-RB03,parahippocampal,W,8,0.7843922239927585,0.48803156341532866,0.11513446022558174,0.015571542938921771,0.025335150731694747,0.014186272889876847
sub-RID0230,RB03-RB04,parahippocampal,W,8,0.8096757307939375,0.49869803915987093,0.10542624122240692,0.012530170278508456,0.02213515984266788,0.01662048443080516
sub-RID0230,RB06-RB07,temporal_neocortex,W,8,0.3231901383797867,0.25118589934392715,0.2863698071742694,0.08762955353539752,0.08049210948546107,0.03851253122870448
sub-RID0230,RB07-RB08,temporal_neocortex,W,8,0.2541260673229554,0.18940621883201614,0.3019533867596626,0.08333045616868474,0.07798058827902563,0.03847529477437131
sub-RID0230,RC01-RC02,parahippocampal,W,8,0.5131298685160535,0.38269500499190134,0.23748557450041444,0.043474575688245136,0.03327621899546245,0.014502824257572992
sub-RID0230,LB04-LB05,temporal_neocortex,N2,8,0.9222433888731723,0.45072509342347716,0.04639353112621915,0.007111549931039582,0.004197546120750858,0.0018192526652144674
sub-RID0230,LB06-LB07,temporal_neocortex,N2,8,0.9365070502940571,0.4628133768545576,0.04349277565364522,0.003390291757760924,0.002001588992674377,0.0007127797031840331
sub-RID0230,LB07-LB08,temporal_neocortex,N2,8,0.8567696399655701,0.3557710812544358,0.08935058939948179,0.009596693510196496,0.004014691670302698,0.0010012506174697953
sub-RID0230,LB08-LB09,temporal_neocortex,N2,8,0.8607494277279185,0.3842552884834427,0.08359935633836145,0.01225288440031757,0.006947677113548559,0.0030427602353418804
sub-RID0230,LD07-LD08,temporal_neocortex,N2,8,0.8537617157769634,0.4020247050860688,0.08285073081221168,0.016481908810374306,0.010821530828267999,0.008442271247377602
sub-RID0230,LE02-LE03,entorhinal,N2,8,0.8469553996795248,0.608797982518396,0.1050899038516345,0.00788989607343869,0.003341077874746017,0.0009956415293711335
sub-RID0230,LF01-LF02,temporal_neocortex,N2,8,0.9438768757938043,0.5363111320039096,0.03743456967031889,0.0034927052936558683,0.003122909674494625,0.001087252405884725
sub-RID0230,LF02-LF03,temporal_neocortex,N2,8,0.939229375668707,0.5613253089580016,0.03867531481019647,0.004309087642332954,0.004327897809899458,0.0016428356256884128
sub-RID0230,LF03-LF04,temporal_neocortex,N2,8,0.8737605656691569,0.43596682507730233,0.07687179897669769,0.011511994044314399,0.009878473325356052,0.0037353759162132493
sub-RID0230,LF04-LF05,temporal_neocortex,N2,8,0.7512255952010791,0.4133946437709866,0.11743178850371289,0.035829164235711676,0.03267289650790779,0.012452588872879505
sub-RID0230,RA01-RA02,amygdala,N2,8,0.5777704053998388,0.43846234274081175,0.18248441701119164,0.06123065277469179,0.05482587756799383,0.028888084884019602
sub-RID0230,RA02-RA03,hippocampal,N2,8,0.6080356663361229,0.4618967789555969,0.17047926950169826,0.06203416619221705,0.05501424326959799,0.02993633080133299
sub-RID0230,RA03-RA04,hippocampal,N2,8,0.6693153977035461,0.47885977233017163,0.1547755253528711,0.046653713160779556,0.051412764285892254,0.020595350037816644
sub-RID0230,RA04-RA05,hippocampal,N2,8,0.5327514564067478,0.40574923851553935,0.16292586451240743,0.08231786314130782,0.09762786024601716,0.07117135868520495
sub-RID0230,RA05-RA06,hippocampal,N2,8,0.7019403908908268,0.5378514654561335,0.1436168970312199,0.03850540047317544,0.04194338620344369,0.022148979703245333
sub-RID0230,RA06-RA07,hippocampal,N2,8,0.6157186362380724,0.4901007533238131,0.14469653058282375,0.07294213926856861,0.07114314177863823,0.04066401224099386
sub-RID0230,RA10-RA11,temporal_neocortex,N2,8,0.6463378045827056,0.4200492527827363,0.1493664296692329,0.06399502115142688,0.034202083723292837,0.008899503115834434
sub-RID0230,RA11-RA12,temporal_neocortex,N2,8,0.655273073967511,0.39365712501717515,0.1290296466949622,0.07527086679692269,0.037577116354889126,0.010069228281030976
sub-RID0230,RB02-RB03,parahippocampal,N2,8,0.8547792232110389,0.51166130720809,0.06803414332074019,0.02521267564567186,0.016177021619255456,0.00786079244091734
sub-RID0230,RB03-RB04,parahippocampal,N2,8,0.8723429932884343,0.4938295273549892,0.057012875164731275,0.02747653926872549,0.01310963960501254,0.006986408541448463
sub-RID0230,RB06-RB07,temporal_neocortex,N2,8,0.6428182519190667,0.4042926824726679,0.1691710736407351,0.04771715687334853,0.05107937656162659,0.02448767896902091
sub-RID0230,RB07-RB08,temporal_neocortex,N2,8,0.45139870281566075,0.2881553375460343,0.3046877389563283,0.06460743372941283,0.06202713168695827,0.023216339448731686
sub-RID0230,RC01-RC02,parahippocampal,N2,8,0.6547853560011292,0.42482552916204763,0.18514780093138716,0.05264582248055969,0.029404133838559984,0.008368946327621616
sub-RID0230,LB04-LB05,temporal_neocortex,N3,8,0.9231672898899983,0.38119762070423896,0.04556470158796473,0.00690721010409619,0.003808042574091843,0.0016337294978997574
sub-RID0230,LB06-LB07,temporal_neocortex,N3,8,0.9596102922971943,0.42518200004540363,0.02777388139150349,0.0021659042942967412,0.0010999041485926038,0.0004597757734594334
sub-RID0230,LB07-LB08,temporal_neocortex,N3,8,0.9308796955472473,0.28897873446405914,0.04315799977893989,0.0038656552692192046,0.0013533406227000215,0.0004471437177740845
sub-RID0230,LB08-LB09,temporal_neocortex,N3,8,0.9377055755040198,0.289885299671386,0.03587143434905885,0.006119073622590124,0.002869864728770059,0.0012008561276524595
sub-RID0230,LD07-LD08,temporal_neocortex,N3,8,0.9064589848564811,0.33095353047242354,0.05026097919905145,0.010419575260711668,0.0068991356699611575,0.005307998336317295
sub-RID0230,LE02-LE03,entorhinal,N3,8,0.8076738353332839,0.5588532569568865,0.1308802766746501,0.009731202320186488,0.004272409547060927,0.0013105167619210955
sub-RID0230,LF01-LF02,temporal_neocortex,N3,8,0.9846517344159931,0.4392415556093875,0.009595949423429149,0.0008392389318712906,0.0007980286169478378,0.00037411345817325
sub-RID0230,LF02-LF03,temporal_neocortex,N3,8,0.983692505266153,0.4466189370875282,0.009750644748979256,0.001037846855806368,0.0010813208566936466,0.0005519583017839626
sub-RID0230,LF03-LF04,temporal_neocortex,N3,8,0.9728260658283343,0.30836639418487577,0.015301570772470468,0.0025296975139818757,0.0019799889845534997,0.0009745820347116674
sub-RID0230,LF04-LF05,temporal_neocortex,N3,8,0.906030707060562,0.38016704227049125,0.04962050606786207,0.010949997825710434,0.008611352993856021,0.004445339228778452
sub-RID0230,RA01-RA02,amygdala,N3,8,0.6842940645439513,0.5079085122435838,0.17252674333305112,0.03287090801091239,0.025661248420662666,0.013712658687191188
sub-RID0230,RA02-RA03,hippocampal,N3,8,0.7374784677636642,0.5419749118560584,0.12885326788960705,0.03525329154524569,0.02299983515574599,0.010602118694713232
sub-RID0230,RA03-RA04,hippocampal,N3,8,0.8111754304506181,0.6199899908381504,0.1093225845600258,0.021471422583218422,0.013484619258371255,0.005402108441203234
sub-RID0230,RA04-RA05,hippocampal,N3,8,0.6763353082992785,0.5118288239583995,0.13763216767596692,0.05431320192748801,0.044385858516926,0.029831584580899476
sub-RID0230,RA05-RA06,hippocampal,N3,8,0.8074717028579161,0.6354818083995581,0.11304329310654737,0.021077760560015295,0.01239028972277514,0.006254354980735458
sub-RID0230,RA06-RA07,hippocampal,N3,8,0.766918111637686,0.5645179967972871,0.10860988111929963,0.04241948792648577,0.023953239616603575,0.01176099042330522
sub-RID0230,RA10-RA11,temporal_neocortex,N3,8,0.9355004899990447,0.33202770884711214,0.035832064047934785,0.006703310091148974,0.0034316641921507394,0.0015642252559528748
sub-RID0230,RA11-RA12,temporal_neocortex,N3,8,0.9516149132690408,0.31755480761791577,0.025841780291670693,0.005514458437109227,0.002808463521308175,0.001244688833799368
sub-RID0230,RB02-RB03,parahippocampal,N3,8,0.8183110658531592,0.5259348507313862,0.10176870146594154,0.023166346510261532,0.01016482051680154,0.0036619487384389722
sub-RID0230,RB03-RB04,parahippocampal,N3,8,0.8532339779979127,0.546002449724434,0.07766685631355184,0.023573359555808367,0.008773182831890922,0.002780747166954249
sub-RID0230,RB06-RB07,temporal_neocortex,N3,8,0.9084265801409239,0.4515483751892979,0.04721434233555184,0.00973121554609747,0.010855366819344653,0.005632223256946882
sub-RID0230,RB07-RB08,temporal_neocortex,N3,8,0.8503159559811163,0.4246921594754498,0.08116476695764188,0.01627896299106424,0.013585130876686936,0.006081559072750702
sub-RID0230,RC01-RC02,parahippocampal,N3,8,0.8958982850950873,0.3882213843471271,0.06587338019776066,0.00840102853088015,0.003981662206414753,0.0012786984814825533
sub-RID0238,LA01-LA02,hippocampal,W,8,0.4877029175378616,0.3631172384412729,0.1763468691795975,0.09917063689593149,0.07571780189807716,0.02724329630710655
sub-RID0238,LA02-LA03,hippocampal,W,8,0.6414327488227252,0.46534035187702344,0.14970498662780712,0.056226767344679865,0.045560483482755224,0.017188384764993906
sub-RID0238,LA06-LA07,temporal_neocortex,W,8,0.64324597076558,0.4222754089753731,0.24529005715377528,0.033589460613826755,0.011657988036999786,0.001423672936975681
sub-RID0238,LA07-LA08,temporal_neocortex,W,8,0.6447807005516675,0.404897065310543,0.23294126535627205,0.0340512416590473,0.015408265959085243,0.0033422296235623592
sub-RID0238,LB01-LB02,hippocampal,W,8,0.23222244282567778,0.18138926719939377,0.11259739427270525,0.09831148962124801,0.237806692860849,0.5895691749509295
sub-RID0238,LB02-LB03,hippocampal,W,8,0.5850634087956433,0.4175772722162137,0.14079129226540735,0.06661740039058506,0.08634914566865486,0.03799856309520887
sub-RID0238,LB03-LB04,hippocampal,W,8,0.6018305843322966,0.44027994143904736,0.15291432528872861,0.06113841948952396,0.07317667794742506,0.02259798156548476
sub-RID0238,LB07-LB08,temporal_neocortex,W,8,0.6726379102610838,0.41948913991408515,0.21746381200288686,0.026458132615465656,0.011499769660089212,0.0016171557621116983
sub-RID0238,LC01-LC02,hippocampal,W,8,0.6033720475123788,0.408088797564486,0.13029145501451592,0.08007421038633031,0.09111293625299316,0.03233436833573505
sub-RID0238,LC02-LC03,hippocampal,W,8,0.7203886825824742,0.4021008635054692,0.09387545588038927,0.06178432991718554,0.05837225578877786,0.01323076573021776
sub-RID0238,LD05-LD06,temporal_neocortex,W,8,0.7172932683119656,0.5018542357509008,0.1624091618379498,0.037973365293212165,0.020098948441140532,0.004618547446282267
sub-RID0238,LD06-LD07,temporal_neocortex,W,8,0.4404039714624683,0.30868126308404475,0.23203399826983162,0.10213219619016263,0.06943066377552173,0.027472624672007867
sub-RID0238,RA01-RA02,hippocampal,W,8,0.752171352138069,0.4561869024578183,0.12322228205762042,0.02817668708052542,0.02164208350986367,0.022338457667044356
sub-RID0238,RA02-RA03,amygdala,W,8,0.7174876152040546,0.47889230437420016,0.12172231954345998,0.0408066931454888,0.03373712899114045,0.02561011540836313
sub-RID0238,RA06-RA07,temporal_neocortex,W,8,0.5379199635252521,0.34805764429982705,0.16607706220287027,0.11177142161776532,0.060399300335076976,0.005076838779397424
sub-RID0238,RA07-RA08,temporal_neocortex,W,8,0.4372698117433833,0.3107794108127895,0.27764776234861976,0.0942148045492879,0.0530881995421853,0.006381308900777557
sub-RID0238,RB04-RB05,temporal_neocortex,W,8,0.6145556287619298,0.4494780558774324,0.2419707048673705,0.041855634103847496,0.027411901760550257,0.004741640178153591
sub-RID0238,RB05-RB06,temporal_neocortex,W,8,0.48840439334870933,0.31684836079683754,0.2270770913700402,0.07678614318778804,0.06688029801651604,0.012804760580437202
sub-RID0238,RB06-RB07,temporal_neocortex,W,8,0.6691006183110162,0.4126199613192793,0.1611507738447835,0.0512114288781462,0.01793470984672734,0.0018337868497089144
sub-RID0238,RB07-RB08,temporal_neocortex,W,8,0.791094859313227,0.47914612400899814,0.08836557862473951,0.04212774960145137,0.01585380023262043,0.0022940169653201375
sub-RID0238,RC01-RC02,parahippocampal,W,8,0.40621978607925235,0.295796410621502,0.1798437367425957,0.15297604712869176,0.1138789900271216,0.02027173448736225
sub-RID0238,RC02-RC03,parahippocampal,W,8,0.513211028899909,0.3545311662051503,0.1942368679684665,0.10331304362633195,0.07422518466466826,0.011849850894397568
sub-RID0238,RC04-RC05,temporal_neocortex,W,8,0.4713746308211727,0.31944433372823106,0.3083549142975772,0.06590857377686796,0.031833600970448,0.003630068935016404
sub-RID0238,RC05-RC06,temporal_neocortex,W,8,0.4800367320130975,0.3278184616263632,0.30228497589315245,0.06070400702959937,0.0264359611542952,0.0041700243544417455
sub-RID0238,RC06-RC07,temporal_neocortex,W,8,0.6483651135262993,0.4301195880268823,0.2161775966976644,0.039826836477502466,0.02460005975789416,0.002392088554961867
sub-RID0238,RC07-RC08,temporal_neocortex,W,8,0.6408725695902413,0.4251320068633683,0.18481931671854415,0.055617237536874156,0.03735192552823968,0.0045943182067642915
sub-RID0238,LA01-LA02,hippocampal,N2,8,0.5963530305195192,0.43919615581184485,0.15434643170453122,0.07290676220737968,0.05549993831365835,0.024214669764404048
sub-RID0238,LA02-LA03,hippocampal,N2,8,0.6555602985879296,0.4171630656116335,0.1439718855327294,0.05672148832821535,0.050273487088886876,0.018901467802951603
sub-RID0238,LA06-LA07,temporal_neocortex,N2,8,0.7688998207558373,0.4580836577737083,0.16210005588901755,0.01650893511983706,0.0047368548131166395,0.0007833427781134625
sub-RID0238,LA07-LA08,temporal_neocortex,N2,8,0.7461745549666494,0.4169372455919183,0.1695853356729339,0.02194391810108352,0.008103980154713447,0.0021632217279105095
sub-RID0238,LB01-LB02,hippocampal,N2,8,0.5226556493282724,0.3498879674450128,0.1638394917644357,0.09989451839596461,0.08270202659289505,0.022289126347987322
sub-RID0238,LB02-LB03,hippocampal,N2,8,0.6761258081024631,0.4524734857051499,0.10633315568426421,0.06018432923484511,0.061465988016766365,0.022813645064785372
sub-RID0238,LB03-LB04,hippocampal,N2,8,0.6909470262713266,0.4751886632415092,0.1061400591376745,0.060779956633200016,0.05547542090010498,0.013837970217982429
sub-RID0238,LB07-LB08,temporal_neocortex,N2,8,0.8348738880927833,0.39255731841712727,0.11813111899131287,0.010344942194081644,0.0030655724685071588,0.0006114198649638051
sub-RID0238,LC01-LC02,hippocampal,N2,8,0.6543286328755034,0.39546489533994444,0.127979780963724,0.08535229710538055,0.05557886741302623,0.014461183533823278
sub-RID0238,LC02-LC03,hippocampal,N2,8,0.7361847115546735,0.3980145979860751,0.09261574611224081,0.0614007418547962,0.03994650898148465,0.0058940731129407025
sub-RID0238,LD05-LD06,temporal_neocortex,N2,8,0.8869030114590039,0.3994999492749919,0.07493778976857861,0.009885377405051517,0.005506643905974469,0.0013514420025057382
sub-RID0238,LD06-LD07,temporal_neocortex,N2,8,0.6473791426750113,0.3360929666140495,0.17880975602374038,0.0540853024515139,0.027875069104497167,0.008352224111426644
sub-RID0238,RA01-RA02,hippocampal,N2,8,0.7548115151002122,0.5249492194721974,0.116667659801028,0.032105503872804086,0.021549310430654337,0.023481542292438838
sub-RID0238,RA02-RA03,amygdala,N2,8,0.7564728097012536,0.460991776289269,0.0982226121465469,0.03540145616146447,0.03399450072160283,0.03128948126150701
sub-RID0238,RA06-RA07,temporal_neocortex,N2,8,0.7190196077216678,0.3431378968030362,0.10761791858834932,0.06015858147457688,0.022583159416220955,0.0025240142975564853
sub-RID0238,RA07-RA08,temporal_neocortex,N2,8,0.6508038389415036,0.34210422618770997,0.1579886782073513,0.05662127254323962,0.026346535831482255,0.0033468400572694845
sub-RID0238,RB04-RB05,temporal_neocortex,N2,8,0.7171826726416486,0.3663467794721813,0.16222526135517862,0.03029370841752828,0.025781752631406307,0.004495371111210256
sub-RID0238,RB05-RB06,temporal_neocortex,N2,8,0.62645806724134,0.3543695326178839,0.15831222140562115,0.062335492184841995,0.05715627405987702,0.011376313205399391
sub-RID0238,RB06-RB07,temporal_neocortex,N2,8,0.8727329740172618,0.376004110141565,0.07224369096663336,0.016030412745479818,0.003964076901387195,0.0005205410145682769
sub-RID0238,RB07-RB08,temporal_neocortex,N2,8,0.9155349259901207,0.38895729988759975,0.043855492422170156,0.011818178022802502,0.003605670344998331,0.0006144162194139009
sub-RID0238,RC01-RC02,parahippocampal,N2,8,0.5482407915599434,0.3648828526215417,0.1390292629987251,0.11475362505499302,0.092074704254516,0.013033577623340882
sub-RID0238,RC02-RC03,parahippocampal,N2,8,0.709188652668737,0.3842044746795238,0.11512696384586651,0.0652945044392236,0.03819771855755625,0.006253690836455495
sub-RID0238,RC04-RC05,temporal_neocortex,N2,8,0.6633926679889328,0.3647894609531304,0.20628891393262458,0.03646474535174861,0.01598209111764861,0.0023054036903777417
sub-RID0238,RC05-RC06,temporal_neocortex,N2,8,0.6528267038090185,0.37313397929390973,0.21184037298586716,0.0381715727076553,0.012334703581244335,0.0021545784724741435
sub-RID0238,RC06-RC07,temporal_neocortex,N2,8,0.8551409796409015,0.4156684003072848,0.10496291190485388,0.011594802439524798,0.004189863070871913,0.0005099614301857527
sub-RID0238,RC07-RC08,temporal_neocortex,N2,8,0.8316939889624304,0.433256952240418,0.1013296497891355,0.02248678595980367,0.009588530436965087,0.0012697436743946892
sub-RID0240,LB07-LB08,temporal_neocortex,W,8,0.31724180639278093,0.23361163942991067,0.13990957321965888,0.0996013650468273,0.1516231380053282,0.34403759876063
sub-RID0240,LB08-LB09,temporal_neocortex,W,8,0.4964973728159985,0.3782686028101923,0.16883464898783668,0.0671612120533969,0.03340263806306146,0.011300976137260292
sub-RID0240,LB09-LB10,temporal_neocortex,W,8,0.44126089339512164,0.33979393909001776,0.16277425564821538,0.08429863049046317,0.04892838265454247,0.01563682633552682
sub-RID0240,LA01-LA02,hippocampal,W,8,0.6288775863028584,0.47001471769552483,0.16498364582402983,0.04488274973426397,0.05938336549162597,0.04907717299594372
sub-RID0240,LA02-LA03,hippocampal,W,6,0.6940467234268489,0.3829319587862805,0.12143687014909237,0.041705631142336656,0.04204681083788162,0.023558262308585955
sub-RID0240,LA03-LA04,hippocampal,W,6,0.6870009212072045,0.3215170772195654,0.10431894887460337,0.04471143481615047,0.05733393982743775,0.06550807173696828
sub-RID0240,LA04-LA05,hippocampal,W,8,0.6971782134624844,0.34934807452733213,0.11181768384040523,0.04356157283589389,0.049022584504467163,0.05179737189170934
sub-RID0240,RD05-RD06,temporal_neocortex,W,8,0.5420897720108829,0.4535875015376759,0.15855155579533434,0.06839131291914433,0.033809272944399726,0.014069603012883597
sub-RID0240,RA02-RA03,hippocampal,W,8,0.6200620676509765,0.473917504151433,0.1868375633752551,0.04663325512251524,0.0436688681086821,0.02542690611526057
sub-RID0240,RA05-RA06,temporal_neocortex,W,8,0.592297963020571,0.3823090026263171,0.121729724371054,0.06666983153990923,0.07267349020730363,0.04808831295162315
sub-RID0240,RA06-RA07,temporal_neocortex,W,8,0.6774516944221363,0.4111257269388093,0.11083444787821137,0.05538272022981487,0.0497354017161134,0.016865730875131116
sub-RID0240,RA07-RA08,temporal_neocortex,W,8,0.6568782576265173,0.35248597003917526,0.08980245650444764,0.06297751391830894,0.07271572385764478,0.03773508550270092
sub-RID0267,LE02-LE03,temporal_neocortex,W,8,0.5046706514388963,0.3474512793793916,0.15493168620285394,0.07300681899668537,0.10668315822825944,0.11835274686423515
sub-RID0267,LE03-LE04,temporal_neocortex,W,8,0.513711056959392,0.38118594055261457,0.14188684599638227,0.06930267632540901,0.11546592540485218,0.09052563601187413
sub-RID0267,LE04-LE05,temporal_neocortex,W,8,0.5083667407949355,0.3475354139800475,0.15147851310290006,0.06870140871828592,0.09896062099438363,0.14127235486378092
sub-RID0267,LE05-LE06,temporal_neocortex,W,8,0.42588613933026664,0.34810435771075,0.1925471616673738,0.08446734489481533,0.11553351469081566,0.08752446507804906
sub-RID0267,LB05-LB06,temporal_neocortex,W,4,0.7386819729291885,0.5032910018058296,0.11237973666449141,0.020496942044262445,0.015579658575027994,0.0023161578589223
sub-RID0267,LB06-LB07,temporal_neocortex,W,4,0.831981805890187,0.5034588233342654,0.07456563189842833,0.01803886438211892,0.01387688713473058,0.0025978267806663208
sub-RID0267,LB07-LB08,temporal_neocortex,W,4,0.8169441173652492,0.49066017717520816,0.08324948398353756,0.02087120571883233,0.018773001097894915,0.0040271205318504755
sub-RID0267,LB08-LB09,temporal_neocortex,W,4,0.8008726966355346,0.4557939959966805,0.08348331404719014,0.017186194397629535,0.013841262177727444,0.0024204596680454764
sub-RID0267,LB09-LB10,temporal_neocortex,W,7,0.3968895447875695,0.3033710660320203,0.18317080885178932,0.0983180184278168,0.1205729752856443,0.10080211727010353
sub-RID0267,LC05-LC06,temporal_neocortex,W,4,0.7776938000812682,0.4992601870233932,0.09833659086393458,0.02384276790147425,0.020979511708957323,0.006688746173590807
sub-RID0267,LC06-LC07,temporal_neocortex,W,4,0.7377175318451312,0.48200680282207514,0.0961608232841289,0.036725132450200426,0.02713014977649466,0.010068963611821441
sub-RID0267,LC07-LC08,temporal_neocortex,W,4,0.7670112712272279,0.4536425144965579,0.11866956943078595,0.019784398349127805,0.015817522863668793,0.00500482076605382
sub-RID0267,LC08-LC09,temporal_neocortex,W,4,0.5250795624173332,0.39777219888427867,0.1785187294215146,0.040383330219983304,0.03468299081490615,0.027835769711635865
sub-RID0267,LC09-LC10,temporal_neocortex,W,7,0.5361206000823022,0.4026664637452878,0.15178441965980755,0.06518989919976392,0.09105237534208342,0.12821620130639896
sub-RID0267,LA01-LA02,hippocampal,W,8,0.44367712847658164,0.3223655044591928,0.2080320953775175,0.0856523324803215,0.10962225263830888,0.08780302302992637
sub-RID0267,LA02-LA03,hippocampal,W,4,0.7064750657449861,0.5243009001408893,0.14903411970822067,0.03254447936931874,0.03730605187270916,0.027255904556656205
sub-RID0267,LA08-LA09,temporal_neocortex,W,4,0.880522221914924,0.5762003976183595,0.056172643358915135,0.014837143238274926,0.008875768355120425,0.0019994430698457638
sub-RID0267,LA09-LA10,temporal_neocortex,W,4,0.36136658080432044,0.2614538765091977,0.10589562807256273,0.0833508912096255,0.1799132039630506,0.501149444515885
sub-RID0267,LA10-LA11,temporal_neocortex,W,4,0.6449135026530908,0.4947599088561524,0.14832820585430195,0.043913010585210924,0.042076262594725244,0.0311254703462565
sub-RID0267,RB05-RB06,temporal_neocortex,W,4,0.7284367945679459,0.47592346742569497,0.0727599782987408,0.05632783440029615,0.0665123777811586,0.012399409376258372
sub-RID0267,RB06-RB07,temporal_neocortex,W,4,0.8049283622357434,0.516334064307648,0.0583666702779861,0.03621722773582376,0.03855710456349028,0.006838979709479783
sub-RID0267,RB09-RB10,temporal_neocortex,W,4,0.8409648413994089,0.5123628112424196,0.05009929459796139,0.022962640304461768,0.02058540365202683,0.0023626402622294596
sub-RID0272,LA02-LA03,amygdala,W,8,0.6454827057341441,0.4012445351466497,0.1776304592547573,0.03930788019796558,0.03635069890367702,0.0183331085044876
sub-RID0272,LA03-LA04,amygdala,W,8,0.5488022549670364,0.42239128417411864,0.25414830244794395,0.031271692146639676,0.048190340164118814,0.02478112432621079
sub-RID0272,LB01-LB02,hippocampal,W,8,0.7439641874114565,0.26632790708694387,0.10429268194197708,0.03151638193488625,0.02737837951064115,0.011926357606077055
sub-RID0272,LB02-LB03,hippocampal,W,8,0.6286299493971904,0.30131130670567513,0.1483462545619295,0.05152337809516302,0.03686335603597489,0.01628757083623642
sub-RID0272,LC01-LC02,hippocampal,W,8,0.6451689728923051,0.4361654056862935,0.19840211410182226,0.019727267513700693,0.013003441973005049,0.005949005378233422
sub-RID0272,LC02-LC03,hippocampal,W,8,0.6953845051187602,0.4666580386935564,0.17948522672068798,0.02192748362433465,0.014312003656602219,0.0062370057297243785
sub-RID0272,LC03-LC04,hippocampal,W,8,0.599680234145796,0.41268710486324517,0.1951220280908134,0.03224520443952804,0.022733161708258953,0.00793108935316019
sub-RID0272,LY01-LY02,temporal_neocortex,W,8,0.42336725598684694,0.2808315323978964,0.15231787579441322,0.09528148579144005,0.13408130644502564,0.09813751165329723
sub-RID0272,LY02-LY03,temporal_neocortex,W,8,0.4873711076292876,0.2681989067895977,0.1263494004576424,0.09160464628861587,0.1017495624125609,0.0690510934957108
sub-RID0272,LZ04-LZ05,temporal_neocortex,W,8,0.2536758077898764,0.16604915836614675,0.21530961688561628,0.11748338412612691,0.0688426280649854,0.011001744870337383
sub-RID0272,LZ05-LZ06,temporal_neocortex,W,8,0.33653239279984515,0.22025777871236277,0.1919772243901618,0.1104234704354646,0.061745776317500854,0.014430729383314873
sub-RID0272,LZ06-LZ07,temporal_neocortex,W,8,0.34762732955901554,0.24272598750108734,0.2359369904438197,0.0926709086226318,0.0705302243983368,0.016614122933710812
sub-RID0272,LZ07-LZ08,temporal_neocortex,W,8,0.24180502298992368,0.17531723839554092,0.22391012175716093,0.09413298003494515,0.04978230647796122,0.009049846874718697
sub-RID0272,RA06-RA07,temporal_neocortex,W,8,0.5107212658485424,0.34205415420531393,0.17968095190595,0.09593230667632996,0.06616533182784073,0.008898586675762621
sub-RID0272,RA07-RA08,temporal_neocortex,W,8,0.7181333597136692,0.45743411240635223,0.1335549402003795,0.033654988262905784,0.03233434317248056,0.009042659199952565
sub-RID0272,RB01-RB02,hippocampal,W,8,0.7036444606113113,0.39758689527803115,0.12779529514755172,0.03625806700309356,0.03281737398880857,0.02405370113900219
sub-RID0272,RB02-RB03,hippocampal,W,8,0.6666960785327645,0.4183448308243187,0.14502969346390404,0.04547025399660114,0.03633745389632711,0.021797497607550422
sub-RID0272,RB05-RB06,temporal_neocortex,W,8,0.5657515066930277,0.36761231597707983,0.1511268485474819,0.07719583940583322,0.06166468007852871,0.015437096563201066
sub-RID0272,RB06-RB07,temporal_neocortex,W,8,0.20173768514150067,0.1438117948574839,0.32580665860225577,0.0916706857522627,0.04845079995846427,0.004093659197923226
sub-RID0272,RB07-RB08,temporal_neocortex,W,8,0.13673952636330272,0.09356680211566508,0.39428581117529254,0.07685140889084141,0.02891610019481814,0.0023087984825676255
sub-RID0272,RC01-RC02,hippocampal,W,8,0.6224235892774447,0.4501280663351886,0.1828481026949991,0.036265121624298374,0.03307265512662434,0.013360460212067528
sub-RID0272,RC02-RC03,hippocampal,W,8,0.5807669915196574,0.36273610870875467,0.15438010185907658,0.06377542843599239,0.051664963362450425,0.02146981929081649
sub-RID0272,RC05-RC06,temporal_neocortex,W,8,0.3930182376082013,0.21479220343091734,0.1377406596920559,0.10796468682763405,0.14697979296392216,0.03241157882289025
sub-RID0272,RC06-RC07,temporal_neocortex,W,8,0.46588702430607665,0.2626814777329157,0.1728795272970921,0.07415665150975138,0.05207885138217441,0.00620331021626527
sub-RID0272,RC07-RC08,temporal_neocortex,W,8,0.5743041397170314,0.31368105558400705,0.11601533992622684,0.07673676561868399,0.06714042292436326,0.009862937850615903
sub-RID0272,LA02-LA03,amygdala,N2,8,0.6242753638285697,0.4527621051576657,0.21365351039308125,0.035385306467638114,0.02526204853399472,0.01536600626776098
sub-RID0272,LA03-LA04,amygdala,N2,8,0.6303757350650183,0.49837891389611777,0.22950776360067895,0.03082663464189793,0.023552484670211787,0.010369478816716281
sub-RID0272,LB01-LB02,hippocampal,N2,8,0.5749561751059435,0.41459825660707805,0.28898405761386214,0.034585125302500255,0.014966626530947068,0.006903743645111611
sub-RID0272,LB02-LB03,hippocampal,N2,8,0.649117822456073,0.46873172154741244,0.23128923089288617,0.03218356036062336,0.015404022669625272,0.006790547761822944
sub-RID0272,LC01-LC02,hippocampal,N2,8,0.7787887677772832,0.30298815841848425,0.17254077387688257,0.007855532444534592,0.004292468256604004,0.001998674863321827
sub-RID0272,LC02-LC03,hippocampal,N2,8,0.7904820513354899,0.35407967200918733,0.1443792764732019,0.014630469185474452,0.006073126254796581,0.003434406727845246
sub-RID0272,LC03-LC04,hippocampal,N2,8,0.6683796233234971,0.39410653868968465,0.23393509077628788,0.02094589957240781,0.0101896674251492,0.0032803086774399557
sub-RID0272,RA06-RA07,temporal_neocortex,N2,8,0.7484166082716788,0.4629348725632046,0.18565672565735275,0.01774150533142123,0.005371659816481799,0.0007565002069884644
sub-RID0272,RA07-RA08,temporal_neocortex,N2,8,0.8373537808541456,0.4886024946580067,0.11715432682177444,0.010539690840231365,0.005908035984367718,0.001472479393301845
sub-RID0272,RB01-RB02,hippocampal,N2,8,0.7265497689201177,0.5093719578337907,0.15900370106023928,0.023171614238977074,0.019568085279857143,0.011446021729426575
sub-RID0272,RB02-RB03,hippocampal,N2,8,0.6628795416104782,0.46826996940978116,0.2218221499840404,0.028051497664520066,0.020389502336746697,0.01098675995072983
sub-RID0272,RB05-RB06,temporal_neocortex,N2,8,0.767915909720324,0.46577570667021195,0.18013673370932995,0.01487548326753681,0.005650060815452596,0.0011352644240878464
sub-RID0272,RB06-RB07,temporal_neocortex,N2,8,0.35433329437449795,0.2638130736173203,0.5060055581647044,0.04143757782949732,0.012452443312137282,0.0012208394632863607
sub-RID0272,RB07-RB08,temporal_neocortex,N2,8,0.34271092102138845,0.25316520549746024,0.5350278015136376,0.034128531019147174,0.007313655016396287,0.0003764792789384113
sub-RID0272,RC01-RC02,hippocampal,N2,8,0.6618564834838842,0.49468050871904534,0.20704790268058487,0.027597054270432388,0.022455134243245634,0.009945020542065024
sub-RID0272,RC02-RC03,hippocampal,N2,8,0.6294665356364834,0.40642221101227444,0.23119231525071782,0.03901692269469868,0.026263700934729944,0.011463873566009959
sub-RID0272,RC05-RC06,temporal_neocortex,N2,8,0.6389146517027637,0.38891665428425914,0.21778313164890423,0.046419051146835574,0.028805188026845497,0.005506226638732554
sub-RID0272,RC06-RC07,temporal_neocortex,N2,8,0.7497000485580726,0.41775820402371544,0.1973171358081092,0.018664580351024487,0.005771240030874102,0.0007189893608725799
sub-RID0272,RC07-RC08,temporal_neocortex,N2,8,0.843613795065526,0.44842421923777487,0.10770155569744583,0.01647223351112817,0.007064356732877268,0.0011033602742315388
sub-RID0272,LA02-LA03,amygdala,N3,8,0.7889103043199808,0.45928779847334916,0.12017652760997571,0.02183937572650642,0.015887288439598607,0.0063079688198677845
sub-RID0272,LA03-LA04,amygdala,N3,8,0.7688202681531052,0.5402232003637055,0.13705364140209475,0.019943463422542308,0.014731852682212655,0.005075076775277724
sub-RID0272,LB01-LB02,hippocampal,N3,8,0.9213123197738617,0.4722638694428656,0.046363299948901926,0.007551520454368171,0.003552813514048541,0.001770779422302964
sub-RID0272,LB02-LB03,hippocampal,N3,8,0.9548836862310897,0.35809852287438604,0.02580707428717426,0.004024397121942329,0.0032805246125930548,0.001455168569722228
sub-RID0272,LC01-LC02,hippocampal,N3,8,0.8498683414302741,0.3804242041326996,0.09580902164196714,0.011112139336527391,0.005707648492223148,0.0024138595319770618
sub-RID0272,LC02-LC03,hippocampal,N3,8,0.8084684267943656,0.46907500236652644,0.10560244352703105,0.023322236171723687,0.007609558886015167,0.002773148990464426
sub-RID0272,LC03-LC04,hippocampal,N3,8,0.8611349485392601,0.5224317841585692,0.07816518826723633,0.01485838491817677,0.0062311446437898835,0.001806239382602375
sub-RID0272,RA06-RA07,temporal_neocortex,N3,8,0.9489089828976311,0.335444592090788,0.03699225065437432,0.002242262531006776,0.0013124429957899388,0.0003252563988798942
sub-RID0272,RA07-RA08,temporal_neocortex,N3,8,0.95085965200709,0.3572214920090124,0.03379234647640278,0.0025642641891350996,0.0024826134558942506,0.0009253733552151101
sub-RID0272,RB01-RB02,hippocampal,N3,8,0.8470704419627278,0.4768402981857179,0.09025306407540074,0.013378892472838076,0.010770314889689964,0.004923417351022554
sub-RID0272,RB02-RB03,hippocampal,N3,8,0.8596064690988141,0.45938043951568575,0.0809642054285322,0.013549481969636118,0.010424470148308992,0.004468264789941957
sub-RID0272,RB05-RB06,temporal_neocortex,N3,8,0.9635034409540545,0.2788437555362261,0.02397983245297889,0.003045968777415127,0.0020333544549391023,0.0006026696416818706
sub-RID0272,RB06-RB07,temporal_neocortex,N3,8,0.8675939994897683,0.3584752437502281,0.08867581289859186,0.010626352528087586,0.007290960453286623,0.001065103566936159
sub-RID0272,RB07-RB08,temporal_neocortex,N3,8,0.7922074028109364,0.32767599553887944,0.15809212815120205,0.01080898343475514,0.003925916214518927,0.000530326072667378
sub-RID0272,RC01-RC02,hippocampal,N3,8,0.8271109040375731,0.5368224604343638,0.08568856597567828,0.024302706334975874,0.01476189697736755,0.005277404839554202
sub-RID0272,RC02-RC03,hippocampal,N3,8,0.8401318942589363,0.3863337454030962,0.08402369782136494,0.020924454964505842,0.01675466710663468,0.00560107172867816
sub-RID0272,RC05-RC06,temporal_neocortex,N3,8,0.928751676319044,0.37913792973536803,0.04090136413425641,0.006500840937081862,0.006105051989798323,0.0019846244487241637
sub-RID0272,RC06-RC07,temporal_neocortex,N3,8,0.9379757544313035,0.2868708235862724,0.046951166586897686,0.0032514458263705574,0.0014474970833380668,0.0003420053618768792
sub-RID0272,RC07-RC08,temporal_neocortex,N3,8,0.9499807062564303,0.32144004572676876,0.034281318144975696,0.003378229285466692,0.002377176772150873,0.0005968425070433924
sub-RID0272,LA02-LA03,amygdala,R,3,0.6891010274383441,0.47786103703428634,0.16953450237137338,0.032342477982517256,0.024211349102138097,0.016746560997427964
sub-RID0272,LA03-LA04,amygdala,R,3,0.6984789178529772,0.568166117297534,0.17742330659254166,0.024899346558798677,0.02045531109969796,0.009096020949927253
sub-RID0272,LB01-LB02,hippocampal,R,3,0.6112991333704016,0.47676150788939897,0.24744956491489,0.030543908917787178,0.02030300214160354,0.010076889130447377
sub-RID0272,LB02-LB03,hippocampal,R,3,0.6536663843753124,0.446490728870581,0.20539422351969214,0.03355817244094155,0.02416337179913842,0.012616672438673551
sub-RID0272,LC01-LC02,hippocampal,R,3,0.8443175676715243,0.30262750816184764,0.11336481716845048,0.006644396315529548,0.004130267081120293,0.0022843241275192785
sub-RID0272,LC02-LC03,hippocampal,R,3,0.8376409494706465,0.4243393602664351,0.10577646661250963,0.013533736982647267,0.006618083123826751,0.00407063806959834
sub-RID0272,LC03-LC04,hippocampal,R,3,0.7391374952105659,0.449885657295082,0.16831672679095944,0.020149577742100352,0.010564026035899572,0.0043390727054808675
sub-RID0272,RA06-RA07,temporal_neocortex,R,3,0.670196543355666,0.34750317769541045,0.227275141625196,0.027940368779031322,0.009472528864707737,0.0016589255739605628
sub-RID0272,RA07-RA08,temporal_neocortex,R,3,0.7690124517700175,0.37293435749865883,0.15935281082169184,0.015828880473521472,0.009424935309077136,0.0029815415828233424
sub-RID0272,RB01-RB02,hippocampal,R,3,0.7125040610991319,0.5188545541869103,0.1600133289734688,0.024889799868903034,0.026564203989255717,0.016268666703879425
sub-RID0272,RB02-RB03,hippocampal,R,3,0.6970224996425239,0.4904039623818817,0.1675689615981619,0.03278301797858249,0.024943379195752655,0.016152444052294185
sub-RID0272,RB05-RB06,temporal_neocortex,R,3,0.6821776269913565,0.37333969874713885,0.23114292634246272,0.022201869475579547,0.011275076373902187,0.0027619379558113575
sub-RID0272,RB06-RB07,temporal_neocortex,R,3,0.3933900171155868,0.2696246878419399,0.42596062924200667,0.04659663088443756,0.019740933763187977,0.002262447573562186
sub-RID0272,RB07-RB08,temporal_neocortex,R,3,0.2541935091531456,0.172000391483365,0.533084305292999,0.05330204048809697,0.014206655563346068,0.0008540692837240121
sub-RID0272,RC01-RC02,hippocampal,R,3,0.6233719803947246,0.5124829286359193,0.21191332333418456,0.034454812043209715,0.03113347879442535,0.01599453590589172
sub-RID0272,RC02-RC03,hippocampal,R,3,0.5958407134214806,0.4022208200343607,0.23634199723415872,0.045972856527901514,0.0338659663054296,0.01787541068515239
sub-RID0272,RC05-RC06,temporal_neocortex,R,3,0.5793695930695265,0.32335995651593513,0.25089444203712746,0.052085153146763215,0.034183808182355335,0.008921714965183718
sub-RID0272,RC06-RC07,temporal_neocortex,R,3,0.6692335110347857,0.2925842644746721,0.24546995550330888,0.03242080005370768,0.009829775369007797,0.0016139977392632045
sub-RID0272,RC07-RC08,temporal_neocortex,R,3,0.8022176717191374,0.3295261171555176,0.13523720789557744,0.021174954241206426,0.010723833716409892,0.0023782322935450083
sub-RID0278,LB07-LB08,temporal_neocortex,W,8,0.6608372565021217,0.46764730704374874,0.18326524753029383,0.018350314798440993,0.011355047955468284,0.0028496970525249787
sub-RID0278,LC02-LC03,temporal_neocortex,W,8,0.4466505509781946,0.3168131174181598,0.18548276474492048,0.08528524901190045,0.0319292909067392,0.00575261621969276
sub-RID0278,LC03-LC04,temporal_neocortex,W,8,0.6937694130693075,0.5081641428871302,0.1685584981789366,0.02502264050607631,0.023575319295615127,0.004821196884055434
sub-RID0278,LC04-LC05,temporal_neocortex,W,8,0.6402559914711572,0.4303532920717746,0.20082059440067476,0.022608947332700156,0.015270577750899563,0.0029957627334929546
sub-RID0278,LC05-LC06,temporal_neocortex,W,8,0.7003044694880372,0.4524993497709759,0.1461505701894248,0.029317649094322336,0.024555700311407448,0.006367086918762836
sub-RID0278,LC06-LC07,temporal_neocortex,W,8,0.6864626128521496,0.49273434836012986,0.1532062600423995,0.03701892240379621,0.024881386807471283,0.0049378359829711374
sub-RID0278,LC07-LC08,temporal_neocortex,W,8,0.5591422446175399,0.3743298108672814,0.20851824195982377,0.036895140509567353,0.017329475489033817,0.005334599449033471
sub-RID0278,RA01-RA02,parahippocampal,W,8,0.5980739235963473,0.40125363064427455,0.1554631189463393,0.06236086843914538,0.062406168201681045,0.0321924069830834
sub-RID0278,RA02-RA03,parahippocampal,W,8,0.6117296911830015,0.3815352476041353,0.1936915466004161,0.0524443760930945,0.04118263028778814,0.01249824010120504
sub-RID0278,RA04-RA05,temporal_neocortex,W,8,0.645387243743517,0.4021066273512567,0.17816326273223387,0.03437346762765475,0.03283820271203092,0.005476441098010614
sub-RID0278,RA06-RA07,temporal_neocortex,W,8,0.6373287829104495,0.44014820535978194,0.14699285632252768,0.041552025559727646,0.023738033722599937,0.005233734759288683
sub-RID0278,RA07-RA08,temporal_neocortex,W,8,0.8095104488389974,0.4875996545844718,0.09255027492454519,0.018111225293743025,0.01650937356637441,0.004382083309724804
sub-RID0278,RB01-RB02,parahippocampal,W,8,0.7074619013777081,0.43491642163168615,0.15296819527288757,0.030992670895010614,0.019431049621723026,0.005440266081244679
sub-RID0278,RB06-RB07,temporal_neocortex,W,8,0.5038877814060955,0.3641315686387,0.21283251635412814,0.052341776998970996,0.023204568303640517,0.004521118612306343
sub-RID0278,LB07-LB08,temporal_neocortex,N2,8,0.6917405188973067,0.40752866483754585,0.1454038699031615,0.027044617318903535,0.011891709530634143,0.001482189805371073
sub-RID0278,LC02-LC03,temporal_neocortex,N2,8,0.5793049395831571,0.28787530048424514,0.14407118265663413,0.05469261466699332,0.02147638026779851,0.004043681832628291
sub-RID0278,LC03-LC04,temporal_neocortex,N2,8,0.7581765512859224,0.36518345590872314,0.10476131769556206,0.0326506867591085,0.02763926284584588,0.005544225587865919
sub-RID0278,LC04-LC05,temporal_neocortex,N2,8,0.7366607130141705,0.34074453413642203,0.0956267764653862,0.028826574299619854,0.015537783539181636,0.002853911049399443
sub-RID0278,LC05-LC06,temporal_neocortex,N2,8,0.7329600574353303,0.41340403871018006,0.11360089694239292,0.03359144053408636,0.026520208409105586,0.007066622811134377
sub-RID0278,LC06-LC07,temporal_neocortex,N2,8,0.8054396765211438,0.4524223260195803,0.08365423291594198,0.03095484431688768,0.015798211464552642,0.0030028261808332088
sub-RID0278,LC07-LC08,temporal_neocortex,N2,8,0.5769817373303398,0.29793783899928944,0.18331970188905655,0.054621670335016304,0.01782862177784661,0.002599314256776692
sub-RID0278,RA01-RA02,parahippocampal,N2,8,0.6801411332697608,0.4553664357263071,0.1430554308668853,0.046155479038091946,0.03462616044542833,0.021689418635713956
sub-RID0278,RA02-RA03,parahippocampal,N2,8,0.721264148812889,0.4883257739048783,0.1421411112257511,0.032819407401002684,0.027001019376850947,0.010744078600943405
sub-RID0278,RA04-RA05,temporal_neocortex,N2,8,0.7704305240438292,0.4351118378774814,0.12146846221395319,0.018538989419679845,0.012858130013974378,0.002714100416933667
sub-RID0278,RA06-RA07,temporal_neocortex,N2,8,0.6746272218712216,0.38060542192140345,0.11516700214238715,0.057686399770036555,0.025310510663725957,0.006369626296627675
sub-RID0278,RA07-RA08,temporal_neocortex,N2,8,0.8126377315277763,0.41226879284281964,0.07311679107858124,0.028950330983423186,0.02165396430747698,0.006346471920293353
sub-RID0278,RB01-RB02,parahippocampal,N2,8,0.7621403612099582,0.4659878396131972,0.11765549483142344,0.03540604028423458,0.018419228879867987,0.00584507305442363
sub-RID0278,RB06-RB07,temporal_neocortex,N2,8,0.6987251611651499,0.3620777331367172,0.12344968701467984,0.03441275404661566,0.011982059294244684,0.0024298426368889615
sub-RID0278,LB07-LB08,temporal_neocortex,N3,8,0.9261573876642093,0.34671274350059567,0.041446960221851015,0.005444823082342916,0.0018158193932979376,0.0003949536508672277
sub-RID0278,LC02-LC03,temporal_neocortex,N3,8,0.8829101903605678,0.28052967825023245,0.05125988144910533,0.013851271655405957,0.004401979250392355,0.0011667593610234744
sub-RID0278,LC03-LC04,temporal_neocortex,N3,8,0.9160579462370901,0.36928730571283597,0.04616162398215132,0.00922410722397308,0.00590967678033031,0.0014618407396120047
sub-RID0278,LC04-LC05,temporal_neocortex,N3,8,0.9329646613307621,0.34060607117728037,0.03799721920207579,0.005464388810396916,0.002366666598155788,0.0006137586753289148
sub-RID0278,LC05-LC06,temporal_neocortex,N3,8,0.9236456955775157,0.3719720957886111,0.0438947958215484,0.006656550701225875,0.004596464892132184,0.0018401717623446599
sub-RID0278,LC06-LC07,temporal_neocortex,N3,8,0.9065416711051713,0.4346022314471677,0.05056287891595397,0.009025594868339568,0.00428061780964966,0.0012675687724168457
sub-RID0278,LC07-LC08,temporal_neocortex,N3,8,0.8108284749946587,0.3551340656861496,0.10543427405124753,0.013262168069337952,0.0038301320304731266,0.0009249634789395899
sub-RID0278,RA01-RA02,parahippocampal,N3,8,0.8451837992198256,0.5457609655424975,0.0824790873788522,0.021844235405393264,0.011306241512365972,0.004993719929287098
sub-RID0278,RA02-RA03,parahippocampal,N3,8,0.9072111705708978,0.49927700246645296,0.05456060860077778,0.007552550192533937,0.005813635764796981,0.002477275874531006
sub-RID0278,RA04-RA05,temporal_neocortex,N3,8,0.9538162532304828,0.40946268704115163,0.031037591653962696,0.0024145138596803556,0.0017920606252516894,0.0005786449286040349
sub-RID0278,RA06-RA07,temporal_neocortex,N3,8,0.8835080986837088,0.3611486540727807,0.07018861208028805,0.009304568009712785,0.004144542553324658,0.0016251307493576328
sub-RID0278,RA07-RA08,temporal_neocortex,N3,8,0.9486031716053833,0.34863333993991263,0.03175771845864567,0.004095260435659427,0.0023934380877136513,0.0010155571720120533
sub-RID0278,RB01-RB02,parahippocampal,N3,8,0.9470900789823415,0.3616647851463073,0.03429291817677727,0.004227361664036023,0.0020574208805737544,0.0007219445234776224
sub-RID0278,RB06-RB07,temporal_neocortex,N3,8,0.9119172843131073,0.2824365933328874,0.046704675479214065,0.007089280320336807,0.0026979041099438944,0.0008162717612909605
sub-RID0294,RA07-RA08,temporal_neocortex,W,8,0.668356903320044,0.5281924481449032,0.23759829802746335,0.015276460127327793,0.008816374251125015,0.001026132124214488
sub-RID0294,RB07-RB08,temporal_neocortex,W,8,0.5775734055840265,0.4486249971911622,0.24725753986658894,0.047287225663144875,0.030079628687930002,0.004914753060879625
sub-RID0294,RB08-RB09,temporal_neocortex,W,8,0.7156481062140434,0.5308490287537215,0.19341264654778567,0.011344434290402857,0.005515402212404754,0.0006734926786627739
sub-RID0294,RB09-RB10,temporal_neocortex,W,8,0.5584543239854735,0.42356495270904215,0.2778248238727896,0.027830667473353297,0.014728610073689533,0.005703088012994484
sub-RID0294,RB10-RB11,temporal_neocortex,W,8,0.8665438430354511,0.497693367176132,0.09630832212139412,0.0038210374089845626,0.0019006554342185771,0.002925026119751281
sub-RID0294,RA07-RA08,temporal_neocortex,N2,8,0.7202594180482358,0.5556489932093561,0.20250955730830345,0.00903218420404715,0.0036423596534930322,0.0004984301393995029
sub-RID0294,RB07-RB08,temporal_neocortex,N2,8,0.6605529019246309,0.5461896300074474,0.20536290341635993,0.03329568319772014,0.019037433277819142,0.004044848782338267
sub-RID0294,RB08-RB09,temporal_neocortex,N2,8,0.7515679024678821,0.5523181039764484,0.18224923002153665,0.007872388482685073,0.003247885302463239,0.0005231271965416606
sub-RID0294,RB09-RB10,temporal_neocortex,N2,8,0.6465197080260003,0.4941543063850602,0.23695376757084508,0.018609281023223113,0.009845555001066146,0.0018861997105485548
sub-RID0294,RB10-RB11,temporal_neocortex,N2,8,0.912156503562526,0.5282222527470555,0.06298941203502234,0.0021987223304357623,0.0012744944746556032,0.0023518635228245953
sub-RID0294,RA07-RA08,temporal_neocortex,N3,8,0.7984381208296565,0.3679710797745386,0.15533374460039506,0.005061083494182241,0.0016840870070165615,0.0002471193107266589
sub-RID0294,RB07-RB08,temporal_neocortex,N3,8,0.7879444371775397,0.47983582793857527,0.13888839541275302,0.01464717069293179,0.0077364353898172825,0.002278867900380859
sub-RID0294,RB08-RB09,temporal_neocortex,N3,8,0.8343677578410482,0.4503269673037826,0.13205134077451885,0.003399187533772572,0.000990240622212446,0.00023069288778594158
sub-RID0294,RB09-RB10,temporal_neocortex,N3,8,0.7286152742813794,0.4458776589866734,0.2080893827957986,0.010442318356227673,0.004645772253736594,0.0010592948245124623
sub-RID0294,RB10-RB11,temporal_neocortex,N3,8,0.9476775736628962,0.4765627068317779,0.03905209545672046,0.0010671836806498457,0.0006508187239489416,0.0013940823443848592
sub-RID0296,LA08-LA09,temporal_neocortex,W,8,0.5330199847550938,0.37588648005298586,0.1588289526859133,0.07026012910233972,0.080973318818643,0.06835504417160239
sub-RID0296,LA09-LA10,temporal_neocortex,W,8,0.6343938817282657,0.4185071311298591,0.10943865606210247,0.060534838199939205,0.08656225187007133,0.05979458941710891
sub-RID0296,LA10-LA11,temporal_neocortex,W,8,0.5167682654016146,0.37956357227992177,0.1359336597387179,0.09316814885370062,0.10960963311945363,0.06517712240060942
sub-RID0296,LB01-LB02,parahippocampal,W,8,0.46619409049824023,0.3207183962281492,0.20540454707151154,0.08387405659620784,0.09467593139329178,0.06453217245363391
sub-RID0296,LB09-LB10,temporal_neocortex,W,8,0.5085707165790851,0.39891984296915695,0.15758019749862523,0.07492163987022987,0.08957321980362105,0.06599284721496618
sub-RID0296,LD06-LD07,temporal_neocortex,W,8,0.4387337835609003,0.2875458431298613,0.19356362556784515,0.09223449226598233,0.11306351719903981,0.07076910795887711
sub-RID0296,LD07-LD08,temporal_neocortex,W,8,0.5339648653474593,0.35299863563432576,0.16711371432130118,0.0732997239759609,0.09474005427942217,0.06791366880732909
sub-RID0296,LJ01-LJ02,temporal_neocortex,W,8,0.49506926222949216,0.36601210330752293,0.1767355720683863,0.07719205854356617,0.10329159157620461,0.07087056107909315
sub-RID0296,LJ02-LJ03,temporal_neocortex,W,8,0.5063903000422785,0.35203708287500035,0.17467449819986086,0.07597357119348186,0.09423687598195943,0.05251428359422804
sub-RID0296,LJ03-LJ04,temporal_neocortex,W,8,0.4863165685646853,0.35302720751725863,0.14751026187642519,0.08517115493260993,0.1212260859423452,0.06943892779096848
sub-RID0296,LJ04-LJ05,temporal_neocortex,W,8,0.527574781865838,0.3773256269590468,0.15031282021370818,0.08055537244198024,0.0932675084909223,0.05435553926879868
sub-RID0296,LJ05-LJ06,temporal_neocortex,W,8,0.5941325609754105,0.4359729143868596,0.11779788319144131,0.07228571113283153,0.0927732876606086,0.06219258825382218
sub-RID0296,LJ06-LJ07,temporal_neocortex,W,8,0.6014887829797875,0.4265558696144872,0.12246506869370694,0.06726488782191556,0.0905164784571258,0.05903109897714338
sub-RID0296,LJ07-LJ08,temporal_neocortex,W,8,0.5640611726111613,0.4027394870736852,0.12417282172433752,0.08397507871165527,0.09525513810808445,0.06534906244502273
sub-RID0296,LJ08-LJ09,temporal_neocortex,W,8,0.6202416260700934,0.42186291080875177,0.10343482910687077,0.07386828636327586,0.08494711704594615,0.059738022823096044
sub-RID0296,LJ09-LJ10,temporal_neocortex,W,8,0.3780253009836115,0.27560326439576344,0.15599120652876697,0.1308483280817853,0.15231699745054178,0.08867339790657226
sub-RID0296,RA08-RA09,temporal_neocortex,W,8,0.47952377858810896,0.33569489233576966,0.13923151407524298,0.08855277380776039,0.1301663998049618,0.0756454980441548
sub-RID0296,RA09-RA10,temporal_neocortex,W,7,0.5505572359335641,0.3310358608122052,0.1278788428719278,0.07752348862924942,0.10962091238145914,0.0746072726155992
sub-RID0296,RA10-RA11,temporal_neocortex,W,7,0.43956707460990124,0.23551919639494884,0.12730184941217948,0.1190442266829299,0.15249028782806082,0.10575489133532459
sub-RID0296,RB08-RB09,temporal_neocortex,W,8,0.45363797121139127,0.3006051482014149,0.11289647039293002,0.09404761084355055,0.15142039663809542,0.23061035493444987
sub-RID0296,RB09-RB10,temporal_neocortex,W,8,0.5141177475939736,0.3438273694372085,0.13759093770910616,0.09379697707046615,0.1022148007137621,0.07309357990033781
sub-RID0296,RB10-RB11,temporal_neocortex,W,8,0.5293507761014279,0.317052671159063,0.12672209923729227,0.10064871113033899,0.10224995635626444,0.06704058312325412
sub-RID0296,RB11-RB12,temporal_neocortex,W,8,0.43006199806487994,0.244940350091837,0.1511627204510376,0.10388764904405164,0.1379004063823322,0.10939585317183548
sub-RID0296,RC02-RC03,parahippocampal,W,8,0.4123736934909244,0.2926859316364278,0.17590617349502674,0.10882167246684912,0.12739088056589695,0.10368684206934808
sub-RID0296,RC06-RC07,temporal_neocortex,W,8,0.6485725153010876,0.37603516768076095,0.11173405701321848,0.056558433838668765,0.06996189725682428,0.05412104169759498
sub-RID0296,RC07-RC08,temporal_neocortex,W,8,0.47343145181956725,0.30402248394713316,0.14694747990775558,0.09742416652629032,0.12265722160310044,0.08434938487750815
sub-RID0296,RC08-RC09,temporal_neocortex,W,8,0.597565791558821,0.33510729363804204,0.12267226838911124,0.0684016657184725,0.08320003537238962,0.06060829806320308
sub-RID0296,RC09-RC10,temporal_neocortex,W,8,0.46723027134486234,0.28271195408315847,0.12037332154079766,0.0946205068030575,0.11862784609155977,0.08765346421708238
sub-RID0296,LA08-LA09,temporal_neocortex,N2,8,0.7177523803321837,0.37415746654115345,0.1582547494718632,0.02418880760714838,0.011067133553353297,0.0031149547222123286
sub-RID0296,LA09-LA10,temporal_neocortex,N2,8,0.9010224204500078,0.39492226717054624,0.0658484290215312,0.006307302128715312,0.002737575824738269,0.0008105110286583703
sub-RID0296,LA10-LA11,temporal_neocortex,N2,8,0.6005651810364534,0.351576754535317,0.19969576130699668,0.054619988048080645,0.0228527586216115,0.004697250882689899
sub-RID0296,LB01-LB02,parahippocampal,N2,8,0.7932539745990135,0.43427958746261236,0.11934073765837705,0.0200631910331018,0.015361888475002087,0.00479881647528424
sub-RID0296,LB09-LB10,temporal_neocortex,N2,8,0.7412382464480332,0.4417683359777057,0.16380359415787032,0.016803308039370222,0.014218413585133517,0.007201996969054688
sub-RID0296,LD06-LD07,temporal_neocortex,N2,8,0.7529909246733673,0.37881556038986686,0.16540324108709406,0.0204987382319616,0.012414787093880265,0.003045604117572367
sub-RID0296,LD07-LD08,temporal_neocortex,N2,8,0.8743314615805816,0.44375981314493906,0.08148383295573176,0.01017416838119535,0.006427697845409431,0.0017451656633555828
sub-RID0296,LJ01-LJ02,temporal_neocortex,N2,8,0.7355366872561903,0.4432304752438008,0.1393628128260825,0.02934541321823511,0.02366122764728465,0.010482822034243848
sub-RID0296,LJ02-LJ03,temporal_neocortex,N2,8,0.5865156642140267,0.36336817876177535,0.24221483235232108,0.042401867116096933,0.021482050129978045,0.006644578270800025
sub-RID0296,LJ03-LJ04,temporal_neocortex,N2,8,0.625298033132035,0.423297551856313,0.1747308242727936,0.05634291778430195,0.03396441564799007,0.008025023826139371
sub-RID0296,LJ04-LJ05,temporal_neocortex,N2,8,0.5878916423467666,0.3701402906629077,0.20866992405489532,0.05703532620751192,0.024156866406039278,0.00479096995701085
sub-RID0296,LJ05-LJ06,temporal_neocortex,N2,8,0.7321044100984742,0.41360608004103183,0.1485823764296681,0.028199295010766644,0.018466702115270184,0.005558917266927639
sub-RID0296,LJ06-LJ07,temporal_neocortex,N2,8,0.8241477079554413,0.4162205992343744,0.09503766269246731,0.023213846286528807,0.013087187719244543,0.0028211373170784313
sub-RID0296,LJ07-LJ08,temporal_neocortex,N2,8,0.7713452390152554,0.4019361904971139,0.11607304122976578,0.027578177273306314,0.014851480800807485,0.004081321514346146
sub-RID0296,LJ08-LJ09,temporal_neocortex,N2,8,0.8345733019928053,0.3852387094275769,0.10173394891589818,0.013398682916239347,0.003921629741835445,0.0006484151451107414
sub-RID0296,LJ09-LJ10,temporal_neocortex,N2,8,0.6180783001856764,0.37232757123961036,0.1836554201514447,0.05363353028255319,0.022661183747233186,0.005107898795101271
sub-RID0296,RA08-RA09,temporal_neocortex,N2,8,0.6191758886377272,0.3579394286328147,0.16347534624817345,0.05972633666296431,0.04472720526782855,0.012374536737587753
sub-RID0296,RA09-RA10,temporal_neocortex,N2,8,0.7355681716554291,0.36040632110903015,0.1095584409264523,0.047517443800336234,0.03294855924015784,0.005179479459837769
sub-RID0296,RA10-RA11,temporal_neocortex,N2,8,0.6591323384876878,0.27696405277516645,0.11942130401539369,0.07246094166198234,0.03727297083045445,0.006469309026671722
sub-RID0296,RB08-RB09,temporal_neocortex,N2,8,0.6843487839294007,0.3789113600615598,0.11201829241455658,0.05158958893676709,0.044043916668966426,0.014967419365098385
sub-RID0296,RB09-RB10,temporal_neocortex,N2,8,0.6421220059782694,0.3655638396238935,0.14004236230993766,0.0462689231683335,0.029188171674681483,0.006818815368756927
sub-RID0296,RB10-RB11,temporal_neocortex,N2,8,0.8516297708811182,0.30395045388898434,0.05654543748644192,0.023048220156718164,0.013098695858257455,0.003090771710424851
sub-RID0296,RB11-RB12,temporal_neocortex,N2,8,0.826476836759922,0.25216280997010077,0.06318496606517134,0.028211743351928192,0.022464411404645383,0.005590055718215263
sub-RID0296,RC02-RC03,parahippocampal,N2,8,0.5680577561245871,0.3723906223378278,0.15786164640660455,0.07900356180738181,0.05599134579530587,0.02877256270265735
sub-RID0296,RC06-RC07,temporal_neocortex,N2,8,0.9097108057469045,0.39467102376497587,0.044072122551437894,0.0060324462600607354,0.005067430845937403,0.0017614130543779022
sub-RID0296,RC07-RC08,temporal_neocortex,N2,8,0.7662448921228378,0.376426022777836,0.09212361338100408,0.02715711038881244,0.027061707385307256,0.01742135205628067
sub-RID0296,RC08-RC09,temporal_neocortex,N2,8,0.8951766808563568,0.4057613369470886,0.047270379431902425,0.009116817476519845,0.00844175881682532,0.006368369331126342
sub-RID0296,RC09-RC10,temporal_neocortex,N2,8,0.8417487394642558,0.4053905950792368,0.05777143483791217,0.016848638029123626,0.013668952623068487,0.0048032730322999685
sub-RID0296,LA08-LA09,temporal_neocortex,N3,8,0.8812240402177101,0.4234123828096605,0.06859232145845481,0.005793540794691172,0.002322183730698355,0.0006770442976806867
sub-RID0296,LA09-LA10,temporal_neocortex,N3,8,0.9569692750638372,0.3241689718206146,0.029747377782876692,0.001227929241130678,0.0004388883727337218,0.00012498952833972613
sub-RID0296,LA10-LA11,temporal_neocortex,N3,8,0.8240464797603015,0.37523286858193483,0.1040405174471147,0.010801481592672465,0.003318526817272269,0.0008929818889203017
sub-RID0296,LB01-LB02,parahippocampal,N3,8,0.8699993379112554,0.43920062875832505,0.07030508143277342,0.01332889533773763,0.009492057866463205,0.003257005686848332
sub-RID0296,LB09-LB10,temporal_neocortex,N3,8,0.9105574440407669,0.4480634248073955,0.05777556485760469,0.004699901551809021,0.003329855894601143,0.0017930520821516477
sub-RID0296,LD06-LD07,temporal_neocortex,N3,8,0.9427307265443452,0.3548410356241674,0.0407771157838242,0.001985397586569953,0.0012919802813452846,0.0004067542263589752
sub-RID0296,LD07-LD08,temporal_neocortex,N3,8,0.962934892181303,0.34841157916936516,0.02567354244974803,0.0014911998610582801,0.001044595467032563,0.0003238799850451265
sub-RID0296,LJ01-LJ02,temporal_neocortex,N3,8,0.9111249082597463,0.4786962606412845,0.05526809232094545,0.005655987433199807,0.004258836027368276,0.0021880368315816516
sub-RID0296,LJ02-LJ03,temporal_neocortex,N3,8,0.8758552259420864,0.5027282109545382,0.07829779767592498,0.007615236424781362,0.004608965780696352,0.0019058689262523368
sub-RID0296,LJ03-LJ04,temporal_neocortex,N3,8,0.8963648330721243,0.3736713057453298,0.06123413185897979,0.007508068895513668,0.00438752926491426,0.0016530398151399447
sub-RID0296,LJ04-LJ05,temporal_neocortex,N3,8,0.9251613189702965,0.3800564910975305,0.049017493831748214,0.0038578092671131647,0.0017785399544171913,0.0006562874519016563
sub-RID0296,LJ05-LJ06,temporal_neocortex,N3,8,0.9111019431062565,0.35431813439591736,0.06010482014731486,0.004139302535299305,0.0022002417538519604,0.0007578618990010896
sub-RID0296,LJ06-LJ07,temporal_neocortex,N3,8,0.9321379252712092,0.3721369666641451,0.047488403058021114,0.002396294083135091,0.0011547810250057803,0.0003366939300127866
sub-RID0296,LJ07-LJ08,temporal_neocortex,N3,8,0.9272084211100025,0.31874281794150383,0.04127932423399784,0.0041591272055961255,0.002137334252196722,0.0006998206667465749
sub-RID0296,LJ08-LJ09,temporal_neocortex,N3,8,0.939574245463071,0.30407448294503037,0.03873941485099369,0.0017876056241758653,0.0005683370096887644,0.00011765987097672132
sub-RID0296,LJ09-LJ10,temporal_neocortex,N3,8,0.8087912677485245,0.3511579206290656,0.10715784382881632,0.013222304387740715,0.0044976133484494925,0.0012019148620978958
sub-RID0296,RA08-RA09,temporal_neocortex,N3,8,0.8127224445822508,0.44918709315148453,0.11519322132045667,0.013351196550188928,0.007759271701763319,0.002834453702850535
sub-RID0296,RA09-RA10,temporal_neocortex,N3,7,0.9018326356551125,0.37214537210029697,0.06299492962344062,0.006716021419055301,0.003511310381264495,0.0008321874024976864
sub-RID0296,RA10-RA11,temporal_neocortex,N3,7,0.9596045415086413,0.26003091026315206,0.025317917806619714,0.001835709432573018,0.0007974148363186138,0.0003472280957929781
sub-RID0296,RB08-RB09,temporal_neocortex,N3,8,0.8753878852454574,0.48121873454298025,0.06597846437372391,0.011184367655202102,0.007658685208370611,0.0031264325077550374
sub-RID0296,RB09-RB10,temporal_neocortex,N3,8,0.9002192715774899,0.3611822944061162,0.057848485377829904,0.006515364867516749,0.0036210794599923733,0.001131861809580544
sub-RID0296,RB10-RB11,temporal_neocortex,N3,8,0.9470716817476286,0.37351790784672945,0.03215684255787691,0.003225072294946737,0.0015985324443146367,0.0004928443530048915
sub-RID0296,RB11-RB12,temporal_neocortex,N3,8,0.915104894290993,0.37851465704989057,0.044922644312221524,0.007024238707661317,0.0037146926893775107,0.0012928435289573657
sub-RID0296,RC02-RC03,parahippocampal,N3,8,0.7801399771578944,0.45839312382372555,0.10939681183698843,0.026256765889387156,0.01623798921251683,0.006459671284901856
sub-RID0296,RC06-RC07,temporal_neocortex,N3,8,0.9711180217403239,0.3155487589313878,0.01898837482551661,0.0012082339854383181,0.0008609548191543216,0.00035706200892985366
sub-RID0296,RC07-RC08,temporal_neocortex,N3,8,0.9464888390948163,0.3349161987879411,0.030289253399814857,0.004639346481473734,0.0036698231025400147,0.0030405917431614773
sub-RID0296,RC08-RC09,temporal_neocortex,N3,8,0.9622631798419861,0.3454855891891421,0.024723311579420315,0.001698465401403166,0.001295197972504684,0.0013068858350404298
sub-RID0296,RC09-RC10,temporal_neocortex,N3,8,0.9598504675447392,0.3488192361707607,0.025116164793192154,0.0024997933403483846,0.001750476471749981,0.0008430710514804614
sub-RID0296,LA08-LA09,temporal_neocortex,R,8,0.7591311342125331,0.5123270158684187,0.11614923289493322,0.01952591890064824,0.012803228713810375,0.003537345760852652
sub-RID0296,LA09-LA10,temporal_neocortex,R,8,0.9194694984627784,0.587309247015206,0.05084928746559707,0.004603314254267316,0.003440582281002403,0.0011124949030903663
sub-RID0296,LA10-LA11,temporal_neocortex,R,8,0.6827802521690172,0.5343312144080743,0.15042283890136143,0.04012289687193032,0.03127419870201473,0.007624322585781161
sub-RID0296,LB01-LB02,parahippocampal,R,8,0.7521874548048438,0.47867260621281227,0.11249502323644434,0.032252685012708185,0.03181426537232525,0.015301168485496546
sub-RID0296,LB09-LB10,temporal_neocortex,R,8,0.7311477954454155,0.4798593324820558,0.13544659165644674,0.022176445494417482,0.021481064814999534,0.01397878258155148
sub-RID0296,LD06-LD07,temporal_neocortex,R,8,0.6717109594002132,0.4853617778640671,0.17387977735174726,0.031876727241298065,0.03457194559214112,0.0085003142172822
sub-RID0296,LD07-LD08,temporal_neocortex,R,8,0.8329684841401428,0.5204186873218442,0.09802139427252936,0.014813490068503233,0.014922359019738866,0.0037180778912492074
sub-RID0296,LJ01-LJ02,temporal_neocortex,R,8,0.7936874897906229,0.573769485574255,0.11541075554846347,0.01825590308873265,0.017080714734822443,0.009435423152175697
sub-RID0296,LJ02-LJ03,temporal_neocortex,R,8,0.7489476603674687,0.6062405948361664,0.14741796258605136,0.018068355581665713,0.012778997408491685,0.005249413990727854
sub-RID0296,LJ03-LJ04,temporal_neocortex,R,8,0.8104531867515619,0.6057854059945311,0.0948723192537524,0.02101011483676583,0.01827866812943465,0.005967277746571044
sub-RID0296,LJ04-LJ05,temporal_neocortex,R,8,0.7417522490015067,0.5951195836963534,0.13364997004709028,0.02368111813759853,0.014870275798994633,0.004263760488276485
sub-RID0296,LJ05-LJ06,temporal_neocortex,R,8,0.8397728578871988,0.6789282592787742,0.08424464824710118,0.015293696198251626,0.013095728151906308,0.004973055023789837
sub-RID0296,LJ06-LJ07,temporal_neocortex,R,8,0.8437848111427615,0.6445394742293578,0.09109327085682163,0.011440225842797289,0.010008102626176999,0.002833884840317256
sub-RID0296,LJ07-LJ08,temporal_neocortex,R,8,0.8760797366886505,0.6767848913672575,0.06254583896958825,0.01397306302383406,0.010491108522827895,0.0033982205390556937
sub-RID0296,LJ08-LJ09,temporal_neocortex,R,8,0.9182021536932414,0.6501787065190785,0.047414681980536014,0.007349814688529703,0.004574260166008292,0.0008391128004873689
sub-RID0296,LJ09-LJ10,temporal_neocortex,R,8,0.7299147998761879,0.5683241633975054,0.12235515150866308,0.03846379483818054,0.03126776949165645,0.007466390601691241
sub-RID0296,RA08-RA09,temporal_neocortex,R,8,0.6817322810616883,0.45829160569036753,0.11842771319827194,0.04861542690973748,0.047008861044954275,0.02276226257048272
sub-RID0296,RA09-RA10,temporal_neocortex,R,7,0.7754392927665406,0.5412568154004069,0.10148353983368537,0.027874908464253365,0.031943184468477846,0.008183128560817966
sub-RID0296,RA10-RA11,temporal_neocortex,R,7,0.6633003121927511,0.4107139000879671,0.10180436455889151,0.06442690735017985,0.07433806945917898,0.01883095906645235
sub-RID0296,RB08-RB09,temporal_neocortex,R,8,0.7136767337090006,0.45496165918627374,0.10344439123103452,0.04468948581142305,0.053786425297942156,0.020288070735971837
sub-RID0296,RB09-RB10,temporal_neocortex,R,8,0.7257137657467426,0.49580706857933005,0.11221556998604343,0.03604098382892598,0.03983329149577554,0.01155166915563868
sub-RID0296,RB10-RB11,temporal_neocortex,R,8,0.8811835134036158,0.4802370442157805,0.051505676484496346,0.015959929764169017,0.014457778386640266,0.004501615683058018
sub-RID0296,RB11-RB12,temporal_neocortex,R,8,0.8354624892132692,0.42192160789648153,0.06125549087434402,0.02496684217694822,0.026379455795033133,0.011968143385063731
sub-RID0296,RC02-RC03,parahippocampal,R,8,0.5973233575209296,0.4367362834958498,0.1160982021305855,0.06067217177328195,0.10157784719667391,0.07963647017245641
sub-RID0296,RC06-RC07,temporal_neocortex,R,8,0.9025865668235822,0.5247535985963059,0.03920684605287665,0.01166491537362558,0.011932557882726033,0.004986235758217012
sub-RID0296,RC07-RC08,temporal_neocortex,R,8,0.7744871737682115,0.32562346026589517,0.07155990731369592,0.03663830266761072,0.04247394310143605,0.03231418787859283
sub-RID0296,RC08-RC09,temporal_neocortex,R,8,0.8994717031376254,0.40302109811698117,0.038372563003095536,0.01341185180839541,0.01622625477366685,0.01412130221683365
sub-RID0296,RC09-RC10,temporal_neocortex,R,8,0.7974432474021267,0.42964146619971727,0.05307613283839171,0.031010635672086152,0.02708578787939033,0.017401812742639737
sub-RID0301,RA01-RA02,hippocampal,W,5,0.6040957492702307,0.40131997815862086,0.1243555370214859,0.06224418788989601,0.09005193265439812,0.09801571371858786
sub-RID0301,RA08-RA09,temporal_neocortex,W,5,0.595385487235932,0.38072701047972735,0.1608556448043213,0.06825445831759365,0.06304953381946016,0.023354054513333188
sub-RID0301,RA09-RA10,temporal_neocortex,W,5,0.3424270907515293,0.23386736841682138,0.15572287631037846,0.08410427060151834,0.16470339696025058,0.37683445423360656
sub-RID0301,RA10-RA11,temporal_neocortex,W,5,0.5854536602855032,0.35325217545800297,0.188129919375579,0.054684392983706545,0.03758300963114797,0.011828277705308837
sub-RID0301,RA11-RA12,temporal_neocortex,W,5,0.627307453588135,0.4488122584624688,0.2116129905404137,0.03103348333231471,0.024194774525464525,0.007931317397976107
sub-RID0301,RB01-RB02,parahippocampal,W,5,0.5156285721243419,0.32075041994908393,0.1272482273890925,0.08885681016739568,0.14258853772269792,0.09415451742272049
sub-RID0301,RB02-RB03,parahippocampal,W,5,0.6098019509302716,0.41517771907451084,0.11476796412886739,0.05559508116551465,0.10733886759681728,0.08529725612305492
sub-RID0301,RB03-RB04,parahippocampal,W,5,0.7409350525828452,0.5149563434553047,0.09446075683696745,0.049569449269130934,0.047438989471010745,0.04786365238650016
sub-RID0301,RB10-RB11,temporal_neocortex,W,5,0.7131638769069903,0.5714586812152521,0.1700875045030658,0.021206137606765187,0.015879319489579165,0.00759854983618051
sub-RID0301,RC01-RC02,temporal_neocortex,W,5,0.6161383338419834,0.3384414154824366,0.1737744889371803,0.047335866011970915,0.042832683974309504,0.02988052086144516
sub-RID0301,RC04-RC05,temporal_neocortex,W,5,0.6628955177053041,0.3423164186628692,0.1542828912932735,0.030341677968871356,0.028397595380087032,0.01163180160652238
sub-RID0301,RI11-RI12,temporal_neocortex,W,3,0.6606015539139736,0.4025533136759454,0.21222302100795853,0.026323107347602376,0.019546079777878905,0.008108926192335742
sub-RID0301,RB11-RB12,temporal_neocortex,W,4,0.584763240097038,0.4284301608067901,0.2625160462494782,0.023176533953085603,0.01866403040304947,0.007214186438583071
sub-RID0301,RA01-RA02,hippocampal,N2,8,0.6113576669066367,0.4442315841332337,0.13455301342423848,0.06149493796275536,0.07727756117648132,0.05171617102049007
sub-RID0301,RA08-RA09,temporal_neocortex,N2,8,0.7427663507729305,0.4080832466308478,0.08550466207617277,0.054593120623085,0.05201678888331844,0.01463299499187337
sub-RID0301,RA09-RA10,temporal_neocortex,N2,8,0.07624498557297103,0.06446523133228305,0.08609347895086618,0.11202700241486846,0.3034652501165481,0.9034301200708125
sub-RID0301,RA10-RA11,temporal_neocortex,N2,8,0.682705471653678,0.44799318829459434,0.10904946467376161,0.08307293121879934,0.03750496892664246,0.010124587771738228
sub-RID0301,RA11-RA12,temporal_neocortex,N2,8,0.8095798079446008,0.455583778922689,0.0834901054062347,0.04221635133578254,0.01648498873711346,0.003867635950509725
sub-RID0301,RB01-RB02,parahippocampal,N2,8,0.6133035983929942,0.35508342746870053,0.11639428267087008,0.12361802606257051,0.04775495660444214,0.039929989744629704
sub-RID0301,RB02-RB03,parahippocampal,N2,8,0.6008737854261338,0.4545499796671178,0.12172822176060068,0.10220542751680128,0.07234157207753708,0.054789549063876855
sub-RID0301,RB03-RB04,parahippocampal,N2,8,0.640344104096688,0.3745458223063657,0.0613664736790328,0.20184746369255324,0.03255021644635327,0.02080807527031976
sub-RID0301,RB10-RB11,temporal_neocortex,N2,8,0.822532489864819,0.5019787621209421,0.08325395831138377,0.025255831795492026,0.017759686248805185,0.008161197149661627
sub-RID0301,RB11-RB12,temporal_neocortex,N2,8,0.7530497488911142,0.4441415897458249,0.1142469950546445,0.0367320331627572,0.02262448429568283,0.007685625010598805
sub-RID0301,RC01-RC02,temporal_neocortex,N2,8,0.7391781793223366,0.4707278965767579,0.10500267234249419,0.03843210348902036,0.04689255605065676,0.023739416222317913
sub-RID0301,RC04-RC05,temporal_neocortex,N2,8,0.809855269288704,0.48957414792096615,0.08616538159248147,0.025232076657136067,0.02776376916559975,0.006410930994558947
sub-RID0301,RI11-RI12,temporal_neocortex,N2,8,0.8851180026300625,0.4722724927263695,0.05472616068271434,0.028457646952992216,0.006770153543554954,0.0018322321643705305
sub-RID0301,RA01-RA02,hippocampal,N3,8,0.7132285721107324,0.5225282382271876,0.13922647324125575,0.03698783569202859,0.029101294561403805,0.023258218165892075
sub-RID0301,RA08-RA09,temporal_neocortex,N3,8,0.9665101090630394,0.39924271993947696,0.020264410198417623,0.0025194688661977797,0.002143501528710909,0.000986550023231802
sub-RID0301,RA09-RA10,temporal_neocortex,N3,8,0.08199201556505856,0.0681575327493547,0.08773409399562183,0.10300558172708664,0.30881742030893417,0.9158447689242566
sub-RID0301,RA10-RA11,temporal_neocortex,N3,8,0.9465124037109043,0.49158118160437153,0.033083572631875766,0.004908527364480601,0.0021548632624816925,0.0011688609344918108
sub-RID0301,RA11-RA12,temporal_neocortex,N3,8,0.9773019560200711,0.4241839439952979,0.015498686241892897,0.0012040391306941311,0.000603960734456747,0.00027062823469663
sub-RID0301,RB01-RB02,parahippocampal,N3,8,0.7518104816540545,0.4822469472167764,0.10095610325798476,0.0554171429655832,0.021095964393682297,0.013973260793743466
sub-RID0301,RB02-RB03,parahippocampal,N3,8,0.7508498652615776,0.5077454994878724,0.10146003927429822,0.041706695393968665,0.032350452306420564,0.022620723508111104
sub-RID0301,RB03-RB04,parahippocampal,N3,8,0.7727633840663025,0.4162523376972503,0.052883643926194296,0.10026063180308413,0.01845686857061566,0.008361014179191769
sub-RID0301,RB10-RB11,temporal_neocortex,N3,8,0.9710368456043122,0.4254322859693006,0.019391568963287333,0.00158818079272143,0.0011303324598268415,0.0006488860404641781
sub-RID0301,RB11-RB12,temporal_neocortex,N3,8,0.9759513676647813,0.4337645693467652,0.016526074639313822,0.0010803021913232712,0.0007721700243978572,0.00041559093477377626
sub-RID0301,RC01-RC02,temporal_neocortex,N3,8,0.960729769378567,0.48096464806462624,0.02122767820674118,0.00526322982399992,0.0034395617530435254,0.0017427852880491001
sub-RID0301,RC04-RC05,temporal_neocortex,N3,8,0.9776971879955583,0.5284670518083899,0.015470982383308896,0.0006478669844413985,0.0004974805039425401,0.0002473803264995371
sub-RID0301,RI11-RI12,temporal_neocortex,N3,5,0.9562762199983469,0.44086757630470474,0.025113524775453543,0.0047373926251206445,0.003512194308267003,0.0020211358061638486
sub-RID0301,RA01-RA02,hippocampal,R,8,0.5457335366374021,0.3856829068959573,0.13053631606287203,0.08111507476286517,0.10003291405737838,0.071001057250725
sub-RID0301,RA08-RA09,temporal_neocortex,R,8,0.6399790388064605,0.423629514149282,0.12863229437640875,0.06178154505082928,0.07116975202380768,0.020269865920634962
sub-RID0301,RA09-RA10,temporal_neocortex,R,8,0.07307072241035065,0.0627130469514141,0.08101532246869388,0.10621704604478413,0.3107555546215442,0.8987469032067521
sub-RID0301,RA10-RA11,temporal_neocortex,R,8,0.6553891155170117,0.361707641799364,0.12446489839012856,0.0586712875686208,0.06316641702080272,0.016637510011087667
sub-RID0301,RA11-RA12,temporal_neocortex,R,8,0.7347868729972588,0.46288565041085217,0.1190151000852055,0.030189421418799635,0.03366701117382112,0.007888361719952053
sub-RID0301,RB01-RB02,parahippocampal,R,8,0.6137588342543336,0.3996962104715399,0.13674880964299757,0.08112317754980396,0.07010016475157624,0.07072188210993773
sub-RID0301,RB02-RB03,parahippocampal,R,8,0.5476658568953551,0.3640520400791095,0.11278005086012388,0.10855951918340125,0.10715933045560454,0.09898273421690118
sub-RID0301,RB03-RB04,parahippocampal,R,8,0.7695307120288263,0.4717030923506189,0.05571366603535911,0.09202921561168609,0.03503523112161224,0.03434764779731522
sub-RID0301,RB10-RB11,temporal_neocortex,R,8,0.7513076585428288,0.5331493072446151,0.1384180651992481,0.022817907364735067,0.02074058769315943,0.00962602355601242
sub-RID0301,RB11-RB12,temporal_neocortex,R,8,0.6942668931581628,0.45360698065563865,0.17391022130120157,0.026866351100975114,0.025510988548580363,0.009120169006699113
sub-RID0301,RC01-RC02,temporal_neocortex,R,8,0.622559110277748,0.414402276189745,0.157173526431598,0.03552391166170257,0.06681908361333347,0.040002103242172626
sub-RID0301,RC04-RC05,temporal_neocortex,R,8,0.7208247527847462,0.38694025719060215,0.12966953987799879,0.025517199653411742,0.040703182391483246,0.013366267364376318
sub-RID0301,RI11-RI12,temporal_neocortex,R,8,0.8505832058834499,0.5802362956744711,0.07904362855561924,0.011660265292603982,0.012180924110363114,0.0038743955117123774
sub-RID0309,LB07-LB08,temporal_neocortex,W,8,0.533552868053448,0.41628676899455463,0.27079952508891936,0.056925977746952974,0.049583102997779134,0.011024889346090127
sub-RID0309,LB08-LB09,temporal_neocortex,W,7,0.5065994391089668,0.378652418988327,0.3726565465738795,0.02656610418665061,0.023340936249705173,0.0204208187932212
sub-RID0309,LB09-LB10,temporal_neocortex,W,7,0.5139483119851241,0.39906459863548316,0.36602018921777535,0.025211322434857485,0.020561081210386387,0.0174239531973839
sub-RID0309,LB10-LB11,temporal_neocortex,W,8,0.7752101838418,0.5877246058039712,0.14458168466756433,0.018168790286478824,0.010494146997588487,0.0031920510759002535
sub-RID0309,LB11-LB12,temporal_neocortex,W,8,0.5047614096546277,0.40482532879597477,0.38918062124504144,0.02147041426206494,0.00958651661835893,0.0025803366114184436
sub-RID0309,LA01-LA02,hippocampal,W,8,0.59853819357419,0.42854025318538386,0.1827406120331631,0.05241833033507498,0.0469012269341058,0.018557299407507707
sub-RID0309,LA02-LA03,hippocampal,W,8,0.5988001963785254,0.44592523180839805,0.19358366723899473,0.04819819936119234,0.04765735408874003,0.03092103533197805
sub-RID0309,LA03-LA04,hippocampal,W,8,0.6464261325182654,0.5250015138585975,0.20237577286887007,0.029448736786324717,0.035985777576072756,0.024598720333689466
sub-RID0309,LI01-LI02,temporal_neocortex,W,8,0.7088393622241693,0.5254151283034108,0.15631841755048925,0.03850293555051215,0.024349149675906533,0.00672333293670364
sub-RID0309,LI05-LI06,temporal_neocortex,W,8,0.5887311507548498,0.4696561506637691,0.2530386980799429,0.0430839705919771,0.03343172269559927,0.00984944757799727
sub-RID0309,LI06-LI07,temporal_neocortex,W,8,0.5863703873092501,0.427168190264205,0.255532109905432,0.04217413802158779,0.03274269467842697,0.008703782984866095
sub-RID0309,LI07-LI08,temporal_neocortex,W,8,0.611565326231337,0.4797595179006638,0.23476007584351083,0.040179127847048135,0.02857178547746851,0.008689840363516655
sub-RID0309,LI08-LI09,temporal_neocortex,W,8,0.625950156010603,0.48732379788423,0.23373308903024914,0.0340298046831154,0.02360272820347253,0.007228614964110525
sub-RID0309,LI11-LI12,temporal_neocortex,W,8,0.6457337141402432,0.47742540890492136,0.2102644791780598,0.037474151967306094,0.029066982653141428,0.011990378186131433
sub-RID0309,RA01-RA02,amygdala,W,8,0.6607644032934323,0.4523751970651895,0.18646347725180012,0.036461376728196146,0.02543248429693038,0.024380236455721183
sub-RID0309,RA02-RA03,amygdala,W,8,0.7547389007115809,0.5236871072422254,0.1379438748731253,0.02350546285170955,0.018967426922324247,0.013028356393768035
sub-RID0309,RA06-RA07,temporal_neocortex,W,8,0.745926763382295,0.5667555697667844,0.1814352180606073,0.013846994313735787,0.009361571119688272,0.003368788340752448
sub-RID0309,LB07-LB08,temporal_neocortex,N2,8,0.5734079716344429,0.42217877286920774,0.2927771323432414,0.043167814833326476,0.022463554660979115,0.0035614344983435926
sub-RID0309,LB10-LB11,temporal_neocortex,N2,8,0.7598710603552119,0.5733698308552185,0.16871477800812174,0.01928719827501812,0.006921010404873575,0.0012756719275807545
sub-RID0309,LB11-LB12,temporal_neocortex,N2,8,0.47293143598954995,0.364264367762021,0.47508257567104634,0.010170399275452748,0.0025091427195948184,0.0005716521667953419
sub-RID0309,LA01-LA02,hippocampal,N2,8,0.7292031473929177,0.5803947331403019,0.15808565194142912,0.021973440966617824,0.018330899285551518,0.01159972303071643
sub-RID0309,LA02-LA03,hippocampal,N2,8,0.6982733764976964,0.5775499088491304,0.16475459851722962,0.027603589140074422,0.026876803544355087,0.01658267714260521
sub-RID0309,LA03-LA04,hippocampal,N2,8,0.7607698745471609,0.6286272082963702,0.14045370072699082,0.020422132386720637,0.0182869126993866,0.013798067453380067
sub-RID0309,LI01-LI02,temporal_neocortex,N2,8,0.7902085999116499,0.5703258056439573,0.12017445529587453,0.02123107514372121,0.012651221080465624,0.004997535120211292
sub-RID0309,LI05-LI06,temporal_neocortex,N2,8,0.6764045945764168,0.5244718229142619,0.1869977165145985,0.035074301417077985,0.020317327297351806,0.005098708930560181
sub-RID0309,LI06-LI07,temporal_neocortex,N2,8,0.6729942421924658,0.4999261732595661,0.20527369065619927,0.030769497743871943,0.017070290948549872,0.004694619643123567
sub-RID0309,LI07-LI08,temporal_neocortex,N2,8,0.6376150048059649,0.4898787135694329,0.22484560420307792,0.03290520247889693,0.019955759310534782,0.0057967079848090415
sub-RID0309,LI08-LI09,temporal_neocortex,N2,8,0.670260235856951,0.5199594817660016,0.2173556851896014,0.027132937981439335,0.014255495741747698,0.004265526691454901
sub-RID0309,LI11-LI12,temporal_neocortex,N2,8,0.6746458344904018,0.4786636964224813,0.2253562616174769,0.026684597156626275,0.017276151589412272,0.008622405240967551
sub-RID0309,RA01-RA02,amygdala,N2,8,0.6678396282390071,0.4973303459943344,0.20161840631657402,0.026055633517023388,0.01707555278471234,0.02596481462157644
sub-RID0309,RA02-RA03,amygdala,N2,8,0.8154452370064785,0.6045464750123131,0.10991756744138115,0.01520196085725564,0.014815308244109553,0.014924040345713034
sub-RID0309,RA06-RA07,temporal_neocortex,N2,8,0.8149742994667161,0.5445763913167484,0.14876937967616177,0.005208015441933516,0.0024218434303700477,0.0009088146156429556
sub-RID0309,LB07-LB08,temporal_neocortex,R,8,0.6655813411399725,0.5482521416141339,0.21722204238242135,0.03324805348863122,0.020756699120772694,0.003996157998539276
sub-RID0309,LB10-LB11,temporal_neocortex,R,8,0.8582165659267329,0.74218670053391,0.09202365946363347,0.010461432298587895,0.0054806486889170825,0.0014539929507472523
sub-RID0309,LB11-LB12,temporal_neocortex,R,8,0.5938893086159782,0.5067448299439975,0.35838740558648974,0.00848547229445598,0.0035720044310795385,0.0008670260719904453
sub-RID0309,LA01-LA02,hippocampal,R,8,0.7094383932654591,0.5558456107389222,0.16094367146609617,0.02732124923935248,0.016473470845675048,0.010853737567123515
sub-RID0309,LA02-LA03,hippocampal,R,8,0.7659073419070688,0.6219781496784756,0.11863831511328513,0.024141004679918327,0.020580353928437746,0.018039542939329627
sub-RID0309,LA03-LA04,hippocampal,R,8,0.7492809410619312,0.6375611350413801,0.1356433045820583,0.02772606697254325,0.025478359796915054,0.02007714825302366
sub-RID0309,LI01-LI02,temporal_neocortex,R,8,0.872500011587434,0.6605787930130216,0.06826626283062118,0.014253680078296454,0.0106769989337729,0.004068716208946171
sub-RID0309,LI05-LI06,temporal_neocortex,R,8,0.7563208586443059,0.5924809525681798,0.1590795921098726,0.01736899971281916,0.012546637232266265,0.004696403588513372
sub-RID0309,LI06-LI07,temporal_neocortex,R,8,0.8021356393556696,0.6577941440186581,0.11983093704427183,0.01806051467209841,0.013074205431979798,0.004601579140187382
sub-RID0309,LI07-LI08,temporal_neocortex,R,8,0.7272050771340997,0.603636707679202,0.17755762836079508,0.020071142871449267,0.015719458862372988,0.00560425168826457
sub-RID0309,LI08-LI09,temporal_neocortex,R,8,0.7939974230324285,0.6833302039206642,0.12873914083044546,0.018078883260661732,0.013218253531100071,0.004422029864814693
sub-RID0309,LI11-LI12,temporal_neocortex,R,8,0.7227682398750928,0.5700492116412048,0.18912523889817062,0.018470804896397526,0.018235316412743053,0.01028780389334347
sub-RID0309,RA01-RA02,amygdala,R,8,0.6555971239372859,0.5092334169711947,0.20300966159864994,0.03031682819125165,0.02352245678267845,0.03803045147182453
sub-RID0309,RA02-RA03,amygdala,R,8,0.8303037730651115,0.6119012827063679,0.09342178789642563,0.01428949310222756,0.012613646633595581,0.020223826180125932
sub-RID0309,RA06-RA07,temporal_neocortex,R,8,0.8127009656213682,0.6141952397368152,0.1555160561820903,0.00291705267560521,0.0023500544360698407,0.0009560213444101642
sub-RID0320,LA04-LA05,temporal_neocortex,W,8,0.5093589391521373,0.3956966068303752,0.20372164200528303,0.07630995274321242,0.07920393975767809,0.021405056604031046
sub-RID0320,LA05-LA06,temporal_neocortex,W,8,0.6158448584577758,0.42083509436872557,0.20176533393468932,0.04066718419407137,0.027229045063881886,0.00490239697772062
sub-RID0320,LA06-LA07,temporal_neocortex,W,8,0.6652528197560643,0.44562356839336587,0.16761047438294038,0.03903436716421646,0.02901161655984929,0.005824760308473611
sub-RID0320,LA07-LA08,temporal_neocortex,W,8,0.4639412137994009,0.3368062567281016,0.2045865477780922,0.06945082014154814,0.07401750665261822,0.020645198765067964
sub-RID0320,LA08-LA09,temporal_neocortex,W,7,0.5723191672955379,0.3851588610476803,0.19781454511265223,0.055848304103346576,0.04768002267020403,0.026651736964969055
sub-RID0320,LA09-LA10,temporal_neocortex,W,7,0.4006673482507372,0.2711469901086197,0.2456599752589462,0.08305627706922414,0.08026448650054471,0.1326547289810173
sub-RID0320,LB06-LB07,temporal_neocortex,W,8,0.5212108252178076,0.3318158560227362,0.1827715165604959,0.06665655793791889,0.052478459072184167,0.008148585969650339
sub-RID0320,LB07-LB08,temporal_neocortex,W,8,0.6663668406484595,0.4110802433947273,0.13865350484547376,0.04894002867855046,0.041779857465856184,0.009323334681243774
sub-RID0320,LB08-LB09,temporal_neocortex,W,7,0.7445340803060593,0.3353229572008006,0.14961481275079497,0.025941961807070008,0.013429723332859467,0.0038786752361734773
sub-RID0320,LB09-LB10,temporal_neocortex,W,7,0.8106790481419658,0.35567768923325527,0.11772028070289497,0.016726879072220386,0.006604284206856664,0.005744409005492953
sub-RID0320,LC04-LC05,temporal_neocortex,W,8,0.30901126874580653,0.22143932319998882,0.3054461312346328,0.12419148978808384,0.08626944417107436,0.019292899695927707
sub-RID0320,LC05-LC06,temporal_neocortex,W,8,0.5910529243579453,0.37437508785768236,0.20525350160980316,0.04457978391161928,0.032609140947142366,0.007714666727797554
sub-RID0320,LC06-LC07,temporal_neocortex,W,8,0.6158359925437946,0.41638720510576116,0.17817292104861768,0.05538149424908265,0.04231279935904657,0.012408647399181296
sub-RID0320,LC07-LC08,temporal_neocortex,W,8,0.3320224509499434,0.245909362290324,0.35773463584472853,0.09381060825020962,0.04849196746117043,0.010830999799818188
sub-RID0320,LD02-LD03,temporal_neocortex,W,8,0.32833605163116125,0.24478650337256244,0.27129376338900674,0.12110459151204644,0.09756403269120853,0.025895393621986916
sub-RID0320,LD03-LD04,temporal_neocortex,W,8,0.30924531375005904,0.22687014250936066,0.28314205815354543,0.11645310682651455,0.08921562386163391,0.021735862281735532
sub-RID0320,LD04-LD05,temporal_neocortex,W,8,0.2731044995519938,0.19297882768624441,0.33724180778590507,0.1385951039483853,0.06750184593067297,0.011784429186049425
sub-RID0320,LD05-LD06,temporal_neocortex,W,8,0.4407236494447897,0.2927540600207077,0.25335056224469865,0.07709227878808181,0.0727504357104545,0.015461437864451226
sub-RID0320,LD06-LD07,temporal_neocortex,W,8,0.33559723327950985,0.2371487247528836,0.2791119843629847,0.09687751217207721,0.09296541948912321,0.054404425658977615
sub-RID0320,RA01-RA02,hippocampal,W,8,0.7003120154294434,0.478452948782626,0.10142763026537802,0.05608270907414435,0.053501396917191704,0.03236401988765065
sub-RID0320,RA02-RA03,hippocampal,W,8,0.766372795756748,0.5642960479600705,0.11318193075875378,0.024401708509457463,0.03273441482528988,0.01570864553797923
sub-RID0320,RA03-RA04,hippocampal,W,8,0.6708591213121853,0.4605529445810518,0.09862820428085074,0.04648420197121257,0.09569713119772293,0.025558636166625626
sub-RID0320,RA04-RA05,hippocampal,W,8,0.6809335656724442,0.4164123778722999,0.08749208844356839,0.042050363577853814,0.12012576771755004,0.020914799623742514
sub-RID0320,RA07-RA08,temporal_neocortex,W,8,0.34544759128598945,0.24853059351191698,0.22402729527819135,0.13120613756641658,0.08339846915841051,0.013267439250701027
sub-RID0320,RB01-RB02,parahippocampal,W,3,0.4121663453663939,0.22168605623986495,0.10219848452839118,0.14184194191002328,0.2449462162856124,0.02875974534808448
sub-RID0320,RB02-RB03,parahippocampal,W,8,0.4708043314565814,0.3232046086160409,0.1742418084544172,0.09810290267589813,0.07576114654178906,0.022238339517292795
sub-RID0320,RB07-RB08,temporal_neocortex,W,8,0.33646335092762597,0.23424784232236223,0.30462720497441154,0.11291620297189081,0.053695619892383264,0.009578670533629425
sub-RID0320,RB08-RB09,temporal_neocortex,W,8,0.29600621888481793,0.20206484977832787,0.28157144657219424,0.19389048686531887,0.05407223292784058,0.007999278661707614
sub-RID0320,RB09-RB10,temporal_neocortex,W,4,0.4779597157318073,0.3183274928397033,0.27924552532974256,0.08858327726730118,0.044189636870588474,0.007525149802732094
sub-RID0320,RB10-RB11,temporal_neocortex,W,4,0.31011518934537685,0.2060007634800659,0.42373071823687797,0.08970404193632572,0.050809071358576985,0.0092116640565889
sub-RID0325,LE01-LE02,temporal_neocortex,W,8,0.5540061697876704,0.38439651085395765,0.19650605044794914,0.05673474963777812,0.09774654793167273,0.019045126690655813
sub-RID0325,LB05-LB06,hippocampal,W,8,0.684176642231157,0.4824184920606194,0.16079772682590077,0.03829458527719549,0.03347232609911323,0.02178130210990238
sub-RID0325,LB06-LB07,hippocampal,W,8,0.7504128184916252,0.4603234866630853,0.10553399383883438,0.037949614977292545,0.038377937179197685,0.023347878436745812
sub-RID0325,LB07-LB08,parahippocampal,W,8,0.6092562540175552,0.365474872401753,0.17602082301968153,0.04612618371533503,0.06686427340996462,0.024445324574252088
sub-RID0325,LB08-LB09,parahippocampal,W,8,0.5693680629318907,0.40882277800075606,0.17975779899653455,0.04601101519067534,0.05507974054852465,0.04928871934938374
sub-RID0325,LB10-LB11,temporal_neocortex,W,8,0.43417139767960744,0.2904027924578141,0.23430065960891938,0.0697839590530421,0.0593976848894905,0.013677297041462371
sub-RID0325,LC01-LC02,parahippocampal,W,8,0.5011078648094145,0.34637773546260986,0.15118422928864111,0.11808886606225433,0.050026687500525,0.012956470191248994
sub-RID0325,LC02-LC03,parahippocampal,W,8,0.4456927441803402,0.2911068882339354,0.19735124057361703,0.09395425731249765,0.043660628308688054,0.008598050647076111
sub-RID0325,LC03-LC04,parahippocampal,W,8,0.43263415798191107,0.2982718072912234,0.23406244385874486,0.0976777845144039,0.07341182600573379,0.01835713400334667
sub-RID0325,LC07-LC08,temporal_neocortex,W,8,0.4534891261495738,0.30516306583024505,0.24136543362405294,0.04246950267123953,0.036484745399681176,0.003949886174710899
sub-RID0325,LC08-LC09,temporal_neocortex,W,8,0.34839372307812433,0.2240628155435167,0.30351419744040375,0.061642272663399986,0.03717122208282565,0.004637371168854706
sub-RID0325,LC09-LC10,temporal_neocortex,W,8,0.40177352517512616,0.22792011358136235,0.2659421184027383,0.041702466361256296,0.03346774371851192,0.00889098562121097
sub-RID0325,LC10-LC11,temporal_neocortex,W,8,0.23836318165579404,0.19320878923944962,0.32804068671369635,0.09750317413828456,0.10609677682623478,0.02161445394627601
sub-RID0325,LA01-LA02,entorhinal,W,8,0.6100025821055076,0.41031680113396296,0.1593965243220742,0.06447211572570065,0.05170306964347734,0.05862062863399633
sub-RID0325,LA06-LA07,temporal_neocortex,W,8,0.4451284031136255,0.2739211932863532,0.1795637284810888,0.07538500581547494,0.05620556127125865,0.006675223011227622
sub-RID0325,LA07-LA08,temporal_neocortex,W,8,0.6195529404640248,0.343175231042261,0.15366418663860829,0.040270272493973955,0.04333180119356263,0.00527179639396551
sub-RID0325,LA08-LA09,temporal_neocortex,W,8,0.6558953284962136,0.3724683008798013,0.12889300226924133,0.05645350517765911,0.04380313974839392,0.005597109027756894
sub-RID0325,RE01-RE02,temporal_neocortex,W,8,0.7277170170853937,0.47585359942050676,0.12629216918773972,0.031275147154522905,0.05383863932380327,0.020435678715036733
sub-RID0325,RA08-RA09,temporal_neocortex,W,8,0.5207863162093284,0.3213770487285865,0.20379919852574196,0.06307283938303715,0.05705093738039374,0.021257810336535298
sub-RID0325,RA09-RA10,temporal_neocortex,W,8,0.47689732174311017,0.28709758988512135,0.2107283333018235,0.07020948393292767,0.072956405240999,0.014965613738372173
sub-RID0325,RA10-RA11,temporal_neocortex,W,8,0.5552485450158833,0.3034760415141514,0.1568497990821816,0.045483980933382295,0.030648060088097465,0.005115197134654673
sub-RID0325,RA11-RA12,temporal_neocortex,W,8,0.3790667110989313,0.2503007335219713,0.19320490692525216,0.10538710531671536,0.05463486299133011,0.008817021058243198
sub-RID0325,RB01-RB02,parahippocampal,W,8,0.6772762077894836,0.4877920004021267,0.1806850938356572,0.02956515393392714,0.024412851216621238,0.01541514164424053
sub-RID0325,RB08-RB09,temporal_neocortex,W,8,0.47431282616198533,0.32324494373741375,0.27464491769391575,0.06928856216964549,0.05187715682326636,0.008764958986316343
sub-RID0325,RB09-RB10,temporal_neocortex,W,8,0.38016890514925405,0.25875810928963133,0.31643726188722276,0.05469770627417268,0.023375725300936158,0.0025508313650126997
sub-RID0325,RB10-RB11,temporal_neocortex,W,8,0.5934591216958871,0.3576323851617762,0.17934622282830545,0.039057634699852815,0.03408364267070296,0.0047813932272090095
sub-RID0325,RB11-RB12,temporal_neocortex,W,8,0.5312474072204627,0.3423888659769534,0.21547646212332575,0.039012565221510954,0.030154818233078362,0.009838029340917334
sub-RID0325,RC07-RC08,temporal_neocortex,W,8,0.5506335972984318,0.3488019570806129,0.20441108654686813,0.061272029517747906,0.050243710798724237,0.008961243592540193
sub-RID0325,RC08-RC09,temporal_neocortex,W,8,0.4029180291722725,0.2687928144062357,0.3289574118225592,0.058148678854507724,0.03804176432971686,0.008692867155165259
sub-RID0325,RC09-RC10,temporal_neocortex,W,8,0.31729273563961163,0.21900901703532666,0.31793699594698877,0.05175346079917979,0.02145970478017458,0.0032855438936864986
sub-RID0325,RC10-RC11,temporal_neocortex,W,8,0.43189062170783676,0.26326848141759196,0.2630231575106328,0.06776749959784129,0.06411502120224523,0.04328177081008442
sub-RID0325,RC11-RC12,temporal_neocortex,W,8,0.4309410270260408,0.31782993375733504,0.27750362380580923,0.057558024712091996,0.028349669290942757,0.006250430033890802
sub-RID0325,RK02-RK03,temporal_neocortex,W,8,0.7999962406522242,0.5008023722942028,0.10193279479976258,0.01535609067791947,0.03158192770144937,0.018138260147520943
sub-RID0325,RK03-RK04,temporal_neocortex,W,8,0.7955717148346612,0.5298322561780283,0.08792886672358063,0.016947633728657707,0.03915624376445978,0.028698542963574297
sub-RID0325,LE01-LE02,temporal_neocortex,N2,8,0.5863191970474102,0.3548780621863259,0.12618862470926379,0.11914651719835288,0.07329724182975611,0.01161828296648906
sub-RID0325,LB05-LB06,hippocampal,N2,8,0.7878031474890316,0.5477166714510711,0.11345491097630264,0.02258817058219099,0.02020288168811408,0.009845837264879687
sub-RID0325,LB06-LB07,hippocampal,N2,8,0.7659439944017642,0.4417597262147959,0.11517852860560614,0.0273375157656215,0.02392340596547923,0.021549279032240097
sub-RID0325,LB07-LB08,parahippocampal,N2,8,0.766902504469216,0.47603622696863,0.1241168564577953,0.02414823337911774,0.02313277492725451,0.01180081660375317
sub-RID0325,LB08-LB09,parahippocampal,N2,8,0.6064890807985456,0.4491788419991235,0.19527708284654038,0.054502767046994166,0.043333158606535985,0.029644781905898795
sub-RID0325,LB10-LB11,temporal_neocortex,N2,8,0.6530445590402779,0.39087716633267144,0.1594697735179754,0.04993952177661923,0.03809718092933165,0.009597428046149707
sub-RID0325,LC01-LC02,parahippocampal,N2,8,0.5726177981084893,0.3377352545790039,0.1759357191721323,0.08057344834757871,0.034401717329863274,0.009674146917989688
sub-RID0325,LC02-LC03,parahippocampal,N2,8,0.579385304770728,0.3385574390112246,0.18131338499181424,0.07176301730193693,0.027395050895497236,0.007113592267049967
sub-RID0325,LC03-LC04,parahippocampal,N2,8,0.6516627039477956,0.38467360710867415,0.13869959297849896,0.06985996017109741,0.039435853881154656,0.011652369185579055
sub-RID0325,LC07-LC08,temporal_neocortex,N2,8,0.7241741552707598,0.37977025606474235,0.15990966709001064,0.021305035038935362,0.011143159176134825,0.0017351999404038526
sub-RID0325,LC08-LC09,temporal_neocortex,N2,8,0.6058752050173959,0.3084179682205409,0.21367675116054097,0.0411111237655267,0.015043415904279206,0.0025504754600747686
sub-RID0325,LC09-LC10,temporal_neocortex,N2,8,0.7374351347924009,0.35245544187712463,0.13880256868324484,0.027914275554123354,0.013769090130644741,0.0029260857073891843
sub-RID0325,LC10-LC11,temporal_neocortex,N2,8,0.4133792361045193,0.30093177200519333,0.23156697213771468,0.11366925098278871,0.05984523145749421,0.009903707975219275
sub-RID0325,LA01-LA02,entorhinal,N2,8,0.746991943417798,0.5038677219738106,0.11082875785944533,0.033733376334160875,0.034508521275062064,0.02970970775591588
sub-RID0325,LA06-LA07,temporal_neocortex,N2,8,0.657156366349261,0.36864484016983073,0.1469371974518887,0.04202285255690731,0.027195792413848126,0.004121204415395123
sub-RID0325,LA07-LA08,temporal_neocortex,N2,8,0.849663643557482,0.5576896779057052,0.07795638432978044,0.015853110631899505,0.014245990806426752,0.001934318677242981
sub-RID0325,LA08-LA09,temporal_neocortex,N2,8,0.8283211380004565,0.5217365877974083,0.07240311113637225,0.02496718869097778,0.01648941663602367,0.002089432481841333
sub-RID0325,RE01-RE02,temporal_neocortex,N2,8,0.745915744991666,0.38101755484972744,0.0717699014447176,0.0957071950594306,0.029475623076166736,0.012399977621076442
sub-RID0325,RA08-RA09,temporal_neocortex,N2,8,0.7998264866612591,0.4227827649336061,0.08629094484911981,0.02912733834783412,0.027989319180688303,0.009453433427331653
sub-RID0325,RA09-RA10,temporal_neocortex,N2,8,0.7264038152076313,0.4045963018912643,0.10596491730865581,0.042052412833731026,0.03290780847602771,0.009081114655671218
sub-RID0325,RA10-RA11,temporal_neocortex,N2,8,0.7804827326288752,0.40632685154415316,0.0891302288060231,0.020342991237616993,0.015925213768986902,0.0032286119529494244
sub-RID0325,RA11-RA12,temporal_neocortex,N2,8,0.5313774892844538,0.30501224756134937,0.14184720707805065,0.06518438156260842,0.029371516016730236,0.005360948887844866
sub-RID0325,RB01-RB02,parahippocampal,N2,8,0.8742118368519358,0.5097092671417968,0.0706756432875244,0.016630572254896628,0.007474723326095591,0.0037292280718590276
sub-RID0325,RB08-RB09,temporal_neocortex,N2,8,0.7572590049695841,0.44555870299781736,0.1130960359897539,0.03208543369617992,0.020434434155299556,0.004430175298050632
sub-RID0325,RB09-RB10,temporal_neocortex,N2,8,0.7145305388287986,0.33768968837534963,0.14435317132892672,0.024443859304910432,0.00893723945266009,0.0009957269435422215
sub-RID0325,RB10-RB11,temporal_neocortex,N2,8,0.8026498104781457,0.43569739408503616,0.09252178831961996,0.023063438164333788,0.016493373985750244,0.0026787966798616485
sub-RID0325,RB11-RB12,temporal_neocortex,N2,8,0.7599289415961452,0.4012954845804117,0.12488148963116252,0.021053363771976783,0.015093342398966203,0.003300170772260037
sub-RID0325,RC07-RC08,temporal_neocortex,N2,8,0.7908119888685096,0.4529291264783316,0.09558784359480071,0.028023970279750468,0.017028110641701975,0.0032502500583235115
sub-RID0325,RC08-RC09,temporal_neocortex,N2,8,0.6933165576261079,0.3984245149419946,0.1722272350279644,0.029639293819436092,0.014545820280143987,0.003614304891289646
sub-RID0325,RC09-RC10,temporal_neocortex,N2,8,0.6395825097790913,0.33068670018421314,0.20067608251587815,0.03376680326788399,0.009766692648175816,0.0015910798779572278
sub-RID0325,RC10-RC11,temporal_neocortex,N2,8,0.7209043750819522,0.3625353793626938,0.14092087528493846,0.036007596805188904,0.023180104755330583,0.005873343016831248
sub-RID0325,RC11-RC12,temporal_neocortex,N2,8,0.6405785302596443,0.41841474371375587,0.20350634700980275,0.046642845792160756,0.017131741578087535,0.002474272487850991
sub-RID0325,RK02-RK03,temporal_neocortex,N2,8,0.850938730849275,0.5326151072036924,0.08414113544773867,0.012500631074676067,0.0161638669460197,0.005998291248615428
sub-RID0325,RK03-RK04,temporal_neocortex,N2,8,0.8299207335826008,0.59737725477885,0.10468805915285458,0.010736293871765189,0.012969091430626686,0.007018635056480933
sub-RID0325,LE01-LE02,temporal_neocortex,N3,8,0.6932657663896041,0.4265776803285224,0.12599295097981997,0.06735041143194143,0.03173021619779557,0.006194352296180327
sub-RID0325,LB05-LB06,hippocampal,N3,8,0.7937155558956397,0.5161078219093571,0.11583281052429052,0.023680469168110296,0.017098405462125835,0.00598445285806114
sub-RID0325,LB06-LB07,hippocampal,N3,8,0.8028556668523896,0.4857843695710626,0.09752894565122296,0.02526375114263539,0.016123494028792915,0.01100218158018395
sub-RID0325,LB07-LB08,parahippocampal,N3,8,0.8233646078429414,0.48783814851378043,0.09970094846826169,0.016912757963727876,0.012166619586745763,0.005333544215561179
sub-RID0325,LB08-LB09,parahippocampal,N3,8,0.6438961245970048,0.44767012771043085,0.16966626586497957,0.06292483636995228,0.03409670609128326,0.018990496243813076
sub-RID0325,LB10-LB11,temporal_neocortex,N3,8,0.7840737221607426,0.4013653916352331,0.09822525684187065,0.03130230207580959,0.023039609618164127,0.004957328804144694
sub-RID0325,LC01-LC02,parahippocampal,N3,8,0.7065806433269781,0.41111403435378374,0.14156011757423548,0.04017132871063794,0.015500476095690243,0.004361091416681982
sub-RID0325,LC02-LC03,parahippocampal,N3,8,0.6831011131066834,0.34523055268371394,0.16653112091456684,0.0434360169837045,0.014288570257386207,0.003640121892527249
sub-RID0325,LC03-LC04,parahippocampal,N3,8,0.7464113523780473,0.3967067253266703,0.10436989853644268,0.05472477581718913,0.023397509770925393,0.006288459730712535
sub-RID0325,LC07-LC08,temporal_neocortex,N3,8,0.8145710591532938,0.3796594407349812,0.1181602563753944,0.011055173993304855,0.004906167457512837,0.0007756370450674984
sub-RID0325,LC08-LC09,temporal_neocortex,N3,8,0.7472258183682099,0.30706196621482185,0.137898642703419,0.025414503379354705,0.006561386163629621,0.0012733725842662572
sub-RID0325,LC09-LC10,temporal_neocortex,N3,8,0.8387462774440216,0.3233072461949674,0.09292074985562929,0.01567481527617011,0.006223593094910017,0.0015115259610366063
sub-RID0325,LC10-LC11,temporal_neocortex,N3,8,0.5563297301993289,0.3734626152232805,0.17920265280917738,0.09405117022694182,0.03611496918846112,0.006590429488327857
sub-RID0325,LA01-LA02,entorhinal,N3,8,0.7936971353915575,0.5085299187081384,0.1006746739455524,0.03255181483705279,0.018655587110135385,0.014102263022805948
sub-RID0325,LA06-LA07,temporal_neocortex,N3,8,0.8066367848117086,0.41569780912974985,0.08005104523894524,0.026440778208921777,0.014559478136675604,0.002226188923791035
sub-RID0325,LA07-LA08,temporal_neocortex,N3,8,0.8878533329706272,0.4745757420084568,0.06468617872846012,0.01051509914636516,0.008217629037373737,0.0012993649238138387
sub-RID0325,LA08-LA09,temporal_neocortex,N3,8,0.8906948696761796,0.44672287123663157,0.04796711606375492,0.015126872758617436,0.009020693610696132,0.0012201535658318773
sub-RID0325,RE01-RE02,temporal_neocortex,N3,8,0.8201909013737959,0.34762848472747837,0.0712756337889106,0.04306338010343064,0.018732624044199665,0.009926776273244961
sub-RID0325,RA08-RA09,temporal_neocortex,N3,8,0.8511337215189223,0.3991740679044421,0.0646042627921704,0.019758023360091845,0.01728685647267019,0.006186429004806114
sub-RID0325,RA09-RA10,temporal_neocortex,N3,8,0.8390685396787827,0.4576907330556098,0.07282112419107545,0.021697929876004336,0.01626444581542032,0.00563096175592036
sub-RID0325,RA10-RA11,temporal_neocortex,N3,8,0.8685451607966395,0.4275312978325196,0.06227946607611286,0.011114874964292858,0.007567152237647604,0.0019955585544300745
sub-RID0325,RA11-RA12,temporal_neocortex,N3,8,0.7058795100840121,0.3871453497245302,0.09785473670435708,0.04343259965242749,0.018642079850720684,0.004163602240753039
sub-RID0325,RB01-RB02,parahippocampal,N3,8,0.8566120215355266,0.5508367769226576,0.0776801503014731,0.02049722665213865,0.011126815823573364,0.003534827644155634
sub-RID0325,RB08-RB09,temporal_neocortex,N3,8,0.8215678839902361,0.4264576406627634,0.08021089938512897,0.023682493135749418,0.014156629227975628,0.002980758058044056
sub-RID0325,RB09-RB10,temporal_neocortex,N3,8,0.7338570498912731,0.34667472210292566,0.13915218573819452,0.021845251238419842,0.0058758768282245934,0.0007529368657447581
sub-RID0325,RB10-RB11,temporal_neocortex,N3,8,0.8655841116251477,0.40505328993388495,0.07015734454324735,0.012694282932949077,0.007921948372005709,0.0014267851546342606
sub-RID0325,RB11-RB12,temporal_neocortex,N3,8,0.8343578392843725,0.44511078012374705,0.08917030593524254,0.01574956508002794,0.009284227536201294,0.002386338068148918
sub-RID0325,RC07-RC08,temporal_neocortex,N3,8,0.8381136886830655,0.4529044145982729,0.0805358564032813,0.01901099970366294,0.010612517508822708,0.0022101021722817776
sub-RID0325,RC08-RC09,temporal_neocortex,N3,8,0.77405166017898,0.4498443361477902,0.1290064638185239,0.0222159130590791,0.010430217531653737,0.0025680460536003243
sub-RID0325,RC09-RC10,temporal_neocortex,N3,8,0.7459127078282308,0.34758250512110744,0.1376176562283155,0.024857310223485723,0.006313640048623623,0.0010290400336897803
sub-RID0325,RC10-RC11,temporal_neocortex,N3,8,0.7926423955052855,0.3542240313331521,0.10970810465154354,0.026026887924289723,0.013886962031701769,0.0036005846156131095
sub-RID0325,RC11-RC12,temporal_neocortex,N3,8,0.7129733321404974,0.48056067621786425,0.15726876243034216,0.040371627450660974,0.012004083698964774,0.0019127366661730845
sub-RID0325,RK02-RK03,temporal_neocortex,N3,8,0.8533467167053014,0.45385681035955383,0.08129950830427943,0.013543116362922946,0.01560325645671103,0.005192196041351626
sub-RID0325,RK03-RK04,temporal_neocortex,N3,8,0.8278392074764738,0.5772177072043769,0.10256192909164791,0.013771122945044827,0.013409172767558757,0.006275651458319252
sub-RID0328,LD05-LD06,temporal_neocortex,W,8,0.29240475547842437,0.2252262563245409,0.2181456412945313,0.09607952447155851,0.10814760027187595,0.09353704589069883
sub-RID0328,LD06-LD07,temporal_neocortex,W,8,0.3644112334217523,0.2713877460852716,0.1860482115099174,0.08106219066389406,0.08424256025847764,0.15298617517895205
sub-RID0328,LD07-LD08,temporal_neocortex,W,8,0.32746257510710836,0.2558829891874951,0.1747467440508733,0.10359367057860697,0.10478547168269917,0.06289402692883951
sub-RID0328,LD08-LD09,temporal_neocortex,W,8,0.3791457355491697,0.2838487002039718,0.17343425329055812,0.09566432755933896,0.10254260404061649,0.0802528820698005
sub-RID0328,LD09-LD10,temporal_neocortex,W,8,0.20668777738745947,0.17522334999933192,0.21824412255165665,0.12660185868179427,0.12569389994866806,0.10803682266948382
sub-RID0328,LB01-LB02,hippocampal,W,8,0.4274763033825759,0.32401161097218567,0.28263612543713457,0.06590508851298255,0.08313255888475238,0.062488013538993324
sub-RID0328,LB02-LB03,hippocampal,W,8,0.5480017695228785,0.3522719770647801,0.1975843207423762,0.05481024067351033,0.07084487001336555,0.05027974595797375
sub-RID0328,LC07-LC08,temporal_neocortex,W,8,0.25975037454304384,0.20717181594357686,0.27578901107752596,0.093853440415017,0.09701204573071577,0.059588375440101135
sub-RID0328,LC08-LC09,temporal_neocortex,W,8,0.3133911196512811,0.24231705635242937,0.2185321596938454,0.10296813166261538,0.10339040161085306,0.049320217694387186
sub-RID0328,LC09-LC10,temporal_neocortex,W,8,0.32423152387463006,0.26357574089068403,0.2672510302754474,0.06139984195439914,0.0661470784950822,0.04432314074201474
sub-RID0328,LC10-LC11,temporal_neocortex,W,8,0.3022572476776226,0.24712544127186353,0.24798474121450734,0.09390376407861002,0.09366895189874325,0.042526117425345455
sub-RID0328,LJ11-LJ12,temporal_neocortex,W,8,0.45721560071291256,0.3133416591599514,0.16682688225118555,0.07435771837214389,0.11594323061768708,0.0818858933298274
sub-RID0328,RD06-RD07,temporal_neocortex,W,8,0.49172162581010337,0.37533396045605033,0.14559808835193755,0.08529397063915206,0.09640868829332315,0.04932844935839345
sub-RID0328,RD09-RD10,temporal_neocortex,W,8,0.2404634591930282,0.19955657797291937,0.186151201080287,0.12447402777909297,0.12726003451593326,0.06809457214031747
sub-RID0328,RD10-RD11,temporal_neocortex,W,8,0.3421749123489788,0.2866271971645726,0.22076688132501626,0.08449222210153468,0.07288543479640269,0.05678908862642824
sub-RID0328,RA01-RA02,hippocampal,W,8,0.3223257094580875,0.2532908633688451,0.2621737937702188,0.11102817724264102,0.10812408405088458,0.06680658904542039
sub-RID0328,RJ01-RJ02,temporal_neocortex,W,8,0.3311568679480921,0.24031216047202045,0.27069612123201725,0.11337486974427091,0.10701084081151876,0.08614300070487596
sub-RID0328,RJ05-RJ06,temporal_neocortex,W,8,0.3609964981870633,0.29304793942258245,0.3062259488915575,0.08963512655757475,0.07191539557841023,0.042699964254480645
sub-RID0328,RJ06-RJ07,temporal_neocortex,W,8,0.47989266168261746,0.37768636880701845,0.2532012981229613,0.0709583653260001,0.05867235899916288,0.03805330308440895
sub-RID0328,RJ07-RJ08,temporal_neocortex,W,8,0.4614298301513441,0.3547892704956759,0.20428742674812359,0.09427061037477484,0.08354288850227398,0.04417390670196991
sub-RID0328,RJ08-RJ09,temporal_neocortex,W,8,0.4997354005794623,0.38044373660821307,0.21247463711275083,0.07891453806037929,0.06972794815341993,0.044884713815710964
sub-RID0328,RJ09-RJ10,temporal_neocortex,W,8,0.45479718774673306,0.3533105105795884,0.20974830583809517,0.09154924250434147,0.09450541288619196,0.06589595401271972
sub-RID0328,RJ10-RJ11,temporal_neocortex,W,8,0.4555188841559342,0.3566940478852757,0.2173777929576871,0.08129448419243339,0.08618683620788815,0.05425281010336361
sub-RID0328,LD05-LD06,temporal_neocortex,N2,8,0.8185044684606855,0.5675432665988001,0.11766052398741259,0.016323506619896663,0.00680893207924088,0.0014221053400660837
sub-RID0328,LD06-LD07,temporal_neocortex,N2,8,0.8369581452179535,0.5760899410907012,0.1289153207957927,0.008247251648745998,0.0025062942066569017,0.0004783585267270215
sub-RID0328,LD07-LD08,temporal_neocortex,N2,8,0.8757561562546887,0.5979832302827368,0.08671084379955862,0.00903264331694463,0.004258712980834974,0.0012388278453916422
sub-RID0328,LD08-LD09,temporal_neocortex,N2,8,0.820919557066496,0.535775092919309,0.13179135893719363,0.012112977453336591,0.004861746460856227,0.001439192222318303
sub-RID0328,LD09-LD10,temporal_neocortex,N2,8,0.5854142093245955,0.4540284855748703,0.28382927763103927,0.033865204270281314,0.01254842798560068,0.0024267833793960437
sub-RID0328,LB01-LB02,hippocampal,N2,8,0.6774067468997718,0.44808899647973294,0.21133223067308038,0.03431822793072083,0.022425706235278044,0.007748903722550103
sub-RID0328,LB02-LB03,hippocampal,N2,8,0.7710567900335048,0.40034282275402394,0.10671491610281357,0.044138080795478075,0.02616691876561283,0.009374776268310996
sub-RID0328,LC07-LC08,temporal_neocortex,N2,8,0.7200382203022291,0.4376809638884007,0.20836970892353945,0.017624775545254014,0.008091906432826784,0.0014594465795645449
sub-RID0328,LC08-LC09,temporal_neocortex,N2,8,0.6881247464996711,0.4163475554149575,0.21545329989160722,0.028353620510168598,0.01188609532356787,0.001790681825828584
sub-RID0328,LC09-LC10,temporal_neocortex,N2,8,0.7306669660048845,0.4744398997163334,0.23182177958784012,0.0070837240229145535,0.0019639672602346993,0.000401568334949829
sub-RID0328,LC10-LC11,temporal_neocortex,N2,8,0.5624480582697038,0.44810722067396364,0.3230874831513262,0.028041865010473933,0.011234956452519089,0.0022729040625117424
sub-RID0328,LJ11-LJ12,temporal_neocortex,N2,8,0.903755402289476,0.4924579526072291,0.06533986967064814,0.00692875531890857,0.004771191002493366,0.0023191566678465716
sub-RID0328,RD06-RD07,temporal_neocortex,N2,8,0.7383643053956639,0.6181841028310906,0.14339203785404206,0.03532704772866137,0.020890945017136883,0.003349701744007611
sub-RID0328,RD09-RD10,temporal_neocortex,N2,8,0.48832776961825963,0.4038567490181863,0.30423139205948807,0.055250071456492494,0.024428456755578847,0.00510756371903629
sub-RID0328,RD10-RD11,temporal_neocortex,N2,8,0.8559963404473423,0.6152839660916337,0.10886302123841254,0.004854951287512248,0.0010403559717269409,0.0001631707736637937
sub-RID0328,RA01-RA02,hippocampal,N2,8,0.6198349783563611,0.34614897307799564,0.16910426868585576,0.06032015715276258,0.04062039131952738,0.014693361443700332
sub-RID0328,RJ01-RJ02,temporal_neocortex,N2,8,0.669844202889007,0.35758880186898645,0.19049704389294106,0.03897091558429033,0.018861974360482724,0.004257436812179689
sub-RID0328,RJ05-RJ06,temporal_neocortex,N2,8,0.7564760829372172,0.4911894641339318,0.1633923508855914,0.01944888889278492,0.007749128037189218,0.00245447067989362
sub-RID0328,RJ06-RJ07,temporal_neocortex,N2,8,0.8651996695018891,0.5243996790473702,0.09973970466745871,0.006580825612661309,0.0030568715365406713,0.0011020323881271534
sub-RID0328,RJ07-RJ08,temporal_neocortex,N2,8,0.8487213980037298,0.5650823226739266,0.09160025628809881,0.01529435790667416,0.007809666900092493,0.002704913691007004
sub-RID0328,RJ08-RJ09,temporal_neocortex,N2,8,0.853410322827842,0.47844474833771594,0.09629097236769421,0.011511487289739119,0.00600764539204607,0.002034662509779051
sub-RID0328,RJ09-RJ10,temporal_neocortex,N2,8,0.863739416612926,0.4800383324027221,0.08992276796447726,0.010771366991724611,0.006334215827902855,0.0024865375843294915
sub-RID0328,RJ10-RJ11,temporal_neocortex,N2,8,0.8214961096664153,0.47894618167387437,0.12271970392914042,0.01351904672977558,0.006120524248535642,0.0018292305309906482
sub-RID0329,LA01-LA02,amygdala,W,6,0.8079569884038816,0.4465664607527016,0.09872733597547179,0.01808098538936759,0.021390118366276606,0.013939061692825353
sub-RID0329,LA02-LA03,amygdala,W,6,0.8182447748565932,0.43717155256067214,0.08329988628569746,0.02034874295825374,0.015297705856738364,0.011588549476293057
sub-RID0329,LA03-LA04,amygdala,W,6,0.8348827155728462,0.4745538241119447,0.09258325515811565,0.015428780165646252,0.01123001567751139,0.005735706707458092
sub-RID0329,LH01-LH02,temporal_neocortex,W,6,0.7559074375188936,0.3567394959738092,0.08214489253435986,0.04761688134477238,0.04172543685099939,0.02041644037444721
sub-RID0329,RE01-RE02,temporal_neocortex,W,6,0.5764213813930359,0.3650128280022556,0.13623126495479346,0.06941638598266721,0.0887326585013255,0.07291969318674654
sub-RID0329,RE02-RE03,temporal_neocortex,W,6,0.7428365630902919,0.4596846213415257,0.08127850120109374,0.03939606196674727,0.05430036401280141,0.03918313616522814
sub-RID0329,RE03-RE04,temporal_neocortex,W,6,0.8072985709418812,0.5255349796236998,0.07171791095694798,0.028123340871466968,0.037121886635268615,0.0300609956410324
sub-RID0329,LA01-LA02,amygdala,N2,8,0.7996985998328379,0.4829043933572111,0.1053530789822209,0.020417749751011696,0.021224575199320993,0.016976987006406773
sub-RID0329,LA02-LA03,amygdala,N2,8,0.765000962455946,0.47764449834218514,0.10209230351037919,0.03195657531896959,0.024706738350705526,0.02366916983310701
sub-RID0329,LA03-LA04,amygdala,N2,8,0.7850986657320687,0.4884695925574801,0.1285426958472713,0.018992015902367234,0.012845472690318082,0.007422239673634595
sub-RID0329,LH01-LH02,temporal_neocortex,N2,8,0.7036673371683196,0.3890905671105831,0.09467853815847474,0.06031383679291594,0.05859018074437715,0.02750571738432836
sub-RID0329,RE01-RE02,temporal_neocortex,N2,8,0.5121944068508675,0.3335289419634384,0.10697055808018867,0.0827114034657464,0.14154852001998425,0.105447357817557
sub-RID0329,RE02-RE03,temporal_neocortex,N2,8,0.6545495862540013,0.4042095064442729,0.09082661730306135,0.05453191187930448,0.09429948529610718,0.06333722881782071
sub-RID0329,RE03-RE04,temporal_neocortex,N2,8,0.728055288894857,0.4014521482173976,0.07751488782609703,0.040833987928303145,0.06992061499976608,0.05074975704215679
sub-RID0329,LA01-LA02,amygdala,N3,8,0.8185181974464474,0.47744172490101455,0.10281856581060578,0.018842356099930346,0.012611093846613962,0.006525570892954432
sub-RID0329,LA02-LA03,amygdala,N3,8,0.8888278698382627,0.458736053269553,0.052971343731451834,0.014829885832455252,0.008170667907547547,0.004262172800513514
sub-RID0329,LA03-LA04,amygdala,N3,8,0.8440179491068589,0.44428310152019435,0.10153720783039547,0.011333310075853982,0.005387386545198588,0.0015103677528942646
sub-RID0329,LH01-LH02,temporal_neocortex,N3,8,0.9482497035786748,0.4280747676224793,0.024277329142144505,0.007772208969896791,0.005410397828455376,0.0024898162185406
sub-RID0329,RE01-RE02,temporal_neocortex,N3,8,0.8359147838106334,0.46979439999314976,0.06902658207003326,0.02007634548915771,0.027226268332922857,0.020895986567489484
sub-RID0329,RE02-RE03,temporal_neocortex,N3,8,0.9295404736291996,0.5117705735230178,0.03167844486150153,0.006907876276038043,0.012226256973589391,0.006267624990417308
sub-RID0329,RE03-RE04,temporal_neocortex,N3,8,0.946742196667236,0.4474537962675129,0.024538956642939695,0.004949438045539724,0.008948733057063165,0.005068605989888498
sub-RID0329,LA01-LA02,amygdala,R,8,0.8427900212976458,0.5256510205101093,0.07083560751547416,0.016837865344667857,0.024169679100562957,0.015249838594394811
sub-RID0329,LA02-LA03,amygdala,R,8,0.71114166938177,0.47749716710697543,0.10452203044032916,0.0466866065660972,0.04215046988823871,0.033236758804613825
sub-RID0329,LA03-LA04,amygdala,R,8,0.7747169081910956,0.48885793239107056,0.0986776363145972,0.031211311236111743,0.022339437990801052,0.011740797361223227
sub-RID0329,LH01-LH02,temporal_neocortex,R,8,0.5709056220715051,0.3953317227206,0.15065348844124046,0.05885054921395336,0.10840927595439058,0.05430013692935702
sub-RID0329,RE01-RE02,temporal_neocortex,R,8,0.4835260576576623,0.3329752680329655,0.15668322505416082,0.07579881325718962,0.12645964996616615,0.11304451637372923
sub-RID0329,RE02-RE03,temporal_neocortex,R,8,0.6553925262291204,0.4067506224842915,0.11492927495890023,0.042542618234760014,0.07990355012884554,0.07324872741156385
sub-RID0329,RE03-RE04,temporal_neocortex,R,8,0.6978118051918869,0.4272609723482261,0.10090908914306476,0.038146983479843674,0.07031194191198248,0.0653246464318483
sub-RID0330,LB01-LB02,hippocampal,W,8,0.7350216944662133,0.3504240192142054,0.10023494557604977,0.03891227344702334,0.043032377792233,0.02237078542159844
sub-RID0330,LB02-LB03,hippocampal,W,8,0.5598279218646615,0.2987332880764206,0.1210524647837142,0.06686272837069718,0.09236855430353827,0.09326508948109609
sub-RID0330,LB03-LB04,hippocampal,W,8,0.6939541630264112,0.42616388680217165,0.11644663065955688,0.042661132534584714,0.0546014174789429,0.03091374353242206
sub-RID0330,LB07-LB08,temporal_neocortex,W,8,0.346538958297686,0.20973605761603722,0.18396356272468387,0.08372438758604539,0.0772242218374494,0.01263512509727534
sub-RID0330,LA01-LA02,amygdala,W,5,0.6085872528682238,0.3486357637033424,0.19911853245654695,0.042872708687821455,0.045670216097547664,0.041453999883198825
sub-RID0330,LA02-LA03,amygdala,W,8,0.729923270872677,0.3767335773261261,0.13048015861843126,0.031502829173729596,0.02636775726329376,0.016604688326132502
sub-RID0330,LA05-LA06,temporal_neocortex,W,8,0.45729481790952786,0.26419238069943696,0.14343014151645755,0.0886268041855085,0.04111138173424275,0.013267873026089186
sub-RID0330,LA06-LA07,temporal_neocortex,W,8,0.4318506177820963,0.2689200618128499,0.1341945352383035,0.10612541055575164,0.08187685777833398,0.016612271718673674
sub-RID0330,LA07-LA08,temporal_neocortex,W,8,0.4898870049517539,0.23940089558719996,0.10332272045701305,0.12055378478939395,0.096003544208988,0.0270014109778455
sub-RID0330,RA01-RA02,hippocampal,W,8,0.6861755276503649,0.5190382023735327,0.1733748630467229,0.027675394113478052,0.023929058535244192,0.010312149838645014
sub-RID0330,RA02-RA03,hippocampal,W,8,0.6719810141138762,0.36343249225850616,0.12497486804323465,0.04725816346014816,0.056271682242922096,0.029388166127649683
sub-RID0330,RA03-RA04,hippocampal,W,8,0.6448247306414436,0.3891004180674331,0.14305759778975874,0.04581447455660921,0.053904667822513644,0.04267857455714183
sub-RID0330,RA04-RA05,hippocampal,W,8,0.664653401722691,0.4665198555725737,0.14139024039592596,0.040654749041960536,0.05091922376699863,0.033067811983911705
sub-RID0330,RA05-RA06,hippocampal,W,8,0.6494287955163258,0.4024191839896294,0.11680029080480311,0.0575002399681232,0.059249552241269786,0.03511431501149438
sub-RID0330,RA09-RA10,temporal_neocortex,W,8,0.6653505093624973,0.44542968233547786,0.15670816853769173,0.04009641335761952,0.03812146176594275,0.008057544374663717
sub-RID0330,RA10-RA11,temporal_neocortex,W,8,0.5571848678587485,0.3473874274305684,0.15898435074228978,0.049825075456367135,0.07277653382112827,0.05736953289832492
sub-RID0330,RA11-RA12,temporal_neocortex,W,8,0.6541351375210485,0.2637650438792303,0.09373111060758818,0.038659705630568336,0.08013326187521286,0.11065100025948925
sub-RID0330,RB01-RB02,parahippocampal,W,8,0.5613074151960522,0.3829809133568825,0.19042089294394915,0.04007729958123493,0.0711089460807485,0.04004418955493162
sub-RID0330,RB02-RB03,parahippocampal,W,8,0.6175237548533665,0.3511883605201318,0.11737706749719126,0.06592318191695538,0.08368074964242259,0.036740130882785334
sub-RID0330,RB08-RB09,temporal_neocortex,W,8,0.1598370634787793,0.12177692943279464,0.20219787130138292,0.13802387956430068,0.07208518818772296,0.008757034864015825
sub-RID0330,RB09-RB10,temporal_neocortex,W,8,0.4334119477059495,0.23834005641092254,0.18465868443918682,0.08660418286700464,0.10368655144658201,0.026132544187752075
sub-RID0330,RB10-RB11,temporal_neocortex,W,8,0.36171819030092933,0.21753927257855926,0.17147537422139497,0.1043380010991119,0.09296599323633467,0.02045998657322854
sub-RID0330,RB11-RB12,temporal_neocortex,W,8,0.3462240400345388,0.2183105547701512,0.18710769323743362,0.1163110693691434,0.08458891304215638,0.02882112979513004
sub-RID0330,LB01-LB02,hippocampal,N2,8,0.6495030583474147,0.37266987347309294,0.16209193210601128,0.056578777933537515,0.037452491941072044,0.018516008294475462
sub-RID0330,LB02-LB03,hippocampal,N2,8,0.5099429895588055,0.30958129112352545,0.16001070659913996,0.09308377550039312,0.09521164370274385,0.07162003279026792
sub-RID0330,LB03-LB04,hippocampal,N2,8,0.670854025482147,0.43231873094097717,0.130648705830988,0.06515184630605404,0.0441827159980996,0.01916729931136701
sub-RID0330,LB07-LB08,temporal_neocortex,N2,8,0.6642093278128655,0.3313792795698861,0.19528244884898782,0.04702712321992712,0.01721399764721377,0.002774730905672009
sub-RID0330,LA02-LA03,amygdala,N2,8,0.6905174229514832,0.45891122377664156,0.1606159791623243,0.036997577885572716,0.0252820989256482,0.01099450346167874
sub-RID0330,LA05-LA06,temporal_neocortex,N2,8,0.5730022003868998,0.28989640203793793,0.21692788261610424,0.046070496579323425,0.023041660332888843,0.00746169859804758
sub-RID0330,LA06-LA07,temporal_neocortex,N2,8,0.44296645873228685,0.22174136082182108,0.31028979389497724,0.06542597401138864,0.022935623345552058,0.003779989800939485
sub-RID0330,LA07-LA08,temporal_neocortex,N2,8,0.6106975885084862,0.29304880818787427,0.1783868808328161,0.052469646232664494,0.03184844758732925,0.007236344892524661
sub-RID0330,RA01-RA02,hippocampal,N2,8,0.7188266099298573,0.5422331274096804,0.1504124164268761,0.0281238351983392,0.020928817852938746,0.008018083924737728
sub-RID0330,RA02-RA03,hippocampal,N2,8,0.5698759295003412,0.3661285158002475,0.16818080217915013,0.06931975404371754,0.06058730927005706,0.03063804214985926
sub-RID0330,RA03-RA04,hippocampal,N2,8,0.6321818347587382,0.4247660669997845,0.15511469136950756,0.056894854003034054,0.04829572118991737,0.02826064740639828
sub-RID0330,RA04-RA05,hippocampal,N2,8,0.6742539685201074,0.4711148908273993,0.12003495610436651,0.07325695376951424,0.04682531424185152,0.021076473367819735
sub-RID0330,RA05-RA06,hippocampal,N2,8,0.662184858328998,0.3908840001923918,0.12718808511292695,0.06685482424361125,0.04264662741351634,0.018520800060065692
sub-RID0330,RA09-RA10,temporal_neocortex,N2,8,0.811864009899456,0.4355954675893139,0.11430451448905576,0.02007248179467083,0.008029123020957464,0.0019392361671651567
sub-RID0330,RB01-RB02,parahippocampal,N2,8,0.5967317794095672,0.39128292276640486,0.1547701303019913,0.0746838103437695,0.0669663770743455,0.018334543011296507
sub-RID0330,RB02-RB03,parahippocampal,N2,8,0.6252337978815528,0.3389457437917118,0.1294754493793472,0.10794671646470441,0.04967836539842227,0.016051659567978216
sub-RID0330,RB08-RB09,temporal_neocortex,N2,8,0.24538485831630477,0.14723041239888607,0.42821082169628333,0.09623907641419638,0.02619718800206572,0.002508093249719293
sub-RID0330,RB09-RB10,temporal_neocortex,N2,8,0.5897841041053834,0.27769343262819157,0.24145375367570093,0.049137359672511774,0.03235404540652111,0.006960200519361993
sub-RID0330,RB10-RB11,temporal_neocortex,N2,8,0.6255990340411444,0.2700820625742456,0.20529032062676275,0.0544479657748149,0.02758406191117673,0.005101437099630348
sub-RID0330,RB11-RB12,temporal_neocortex,N2,8,0.5597499854119917,0.28433124106610796,0.27972554463427307,0.046758556882842986,0.02028672841916581,0.005794548230014666
sub-RID0330,LA01-LA02,amygdala,N2,2,0.6146356455254556,0.3777252573963784,0.20349404506191204,0.037451695724250826,0.039983141806425565,0.05985510528229686
sub-RID0330,LB01-LB02,hippocampal,N3,8,0.6786813639807511,0.48155039324021076,0.1676621213129283,0.04823815770769755,0.025019783668240182,0.010530120771128748
sub-RID0330,LB02-LB03,hippocampal,N3,8,0.5947825281599635,0.38778265964306924,0.15598458452223563,0.07947179841624549,0.05901989292211499,0.04110097207357957
sub-RID0330,LB03-LB04,hippocampal,N3,8,0.7237327095666306,0.5293266398907269,0.12974299815459406,0.05264874939955343,0.022744880848441493,0.00870772173878467
sub-RID0330,LB07-LB08,temporal_neocortex,N3,8,0.7600072989265441,0.3038005465607154,0.15941126477430245,0.02479331481124953,0.00933014473611524,0.0022419890109510498
sub-RID0330,LA02-LA03,amygdala,N3,8,0.7338203742972556,0.5152552752383763,0.14392519528680744,0.029562170450592243,0.016567886691636374,0.007769121938553265
sub-RID0330,LA05-LA06,temporal_neocortex,N3,8,0.7036039680762658,0.4054915673691417,0.15773570190931202,0.027892923240334072,0.013896472713518944,0.0049954993833749226
sub-RID0330,LA06-LA07,temporal_neocortex,N3,8,0.6187391503523458,0.26908174429507653,0.24746503414786586,0.03199628358639464,0.011788022612721102,0.0024124502859103033
sub-RID0330,LA07-LA08,temporal_neocortex,N3,8,0.7765022012985434,0.3452689636593551,0.10996591634562924,0.028364635762776425,0.01568776007570357,0.004679246883372152
sub-RID0330,RA01-RA02,hippocampal,N3,8,0.7262115441528365,0.6069668207812984,0.165641684257511,0.021606605778556987,0.013979725324708387,0.004719079425760262
sub-RID0330,RA02-RA03,hippocampal,N3,8,0.6766322325183269,0.4451965992213853,0.1511030740364495,0.047115623815308684,0.033415426860283606,0.016612557976277115
sub-RID0330,RA03-RA04,hippocampal,N3,8,0.6971612681327581,0.5066195544681577,0.14809844300401215,0.04269398866649835,0.02684583399134445,0.014658891267849394
sub-RID0330,RA04-RA05,hippocampal,N3,8,0.7268248153264653,0.5564242088714331,0.11986903763571352,0.05677306586928614,0.02605221630352683,0.010077392549294021
sub-RID0330,RA05-RA06,hippocampal,N3,8,0.7336066003929353,0.43509279746555374,0.119991815469313,0.04787059447447062,0.025771191854601173,0.009540324226983456
sub-RID0330,RA09-RA10,temporal_neocortex,N3,8,0.8673678054404417,0.357452679011551,0.07962456086143414,0.015131664980019558,0.006264733557666513,0.0010957833410458365
sub-RID0330,RB01-RB02,parahippocampal,N3,8,0.6964844693344381,0.4626633237469331,0.11810271442070745,0.06628048801242559,0.03877889640728498,0.00941786314673336
sub-RID0330,RB02-RB03,parahippocampal,N3,8,0.714411217951209,0.4727809859740523,0.1153772693001889,0.0718162042998691,0.024503088594883395,0.008051299594829813
sub-RID0330,RB08-RB09,temporal_neocortex,N3,8,0.5528787616083184,0.2718775533010381,0.25193735382806304,0.05292368700487696,0.01671825543400433,0.0019205383953769407
sub-RID0330,RB09-RB10,temporal_neocortex,N3,8,0.7508647089361602,0.35699156081773953,0.15712106753965493,0.02220613201472155,0.017213635355578488,0.004570362917974367
sub-RID0330,RB10-RB11,temporal_neocortex,N3,8,0.8090912510268919,0.3431845843377721,0.10203859716448907,0.025173180631620308,0.016161089811799638,0.0034350350631339086
sub-RID0330,RB11-RB12,temporal_neocortex,N3,8,0.7287005938128084,0.3247187891336676,0.17621781799484285,0.02197743254110241,0.011609667049746515,0.003386036847658249
sub-RID0330,LB01-LB02,hippocampal,R,8,0.5836243221967736,0.3817835791474945,0.16505299767765713,0.06897466736059721,0.05332594747286213,0.02618922209206808
sub-RID0330,LB02-LB03,hippocampal,R,8,0.4697476909355986,0.3175963159563088,0.15238627509957356,0.08436798809149355,0.11523925726903894,0.08756444725355245
sub-RID0330,LB03-LB04,hippocampal,R,8,0.6060283388852045,0.399521670044063,0.12931383425168377,0.0801791929245147,0.05550505561127312,0.024723336719359924
sub-RID0330,LB07-LB08,temporal_neocortex,R,8,0.6523731908415293,0.41118813938107085,0.18579074916661578,0.043516507702970234,0.021345552895311433,0.0035399774178387355
sub-RID0330,LA02-LA03,amygdala,R,8,0.68929860670053,0.46737020069838553,0.16911524504814102,0.03173479908779134,0.029366197767307443,0.01310953070324065
sub-RID0330,LA05-LA06,temporal_neocortex,R,8,0.5165479733911121,0.3138438362534371,0.18585896450580897,0.06772317090156496,0.04403635224615553,0.012054213836493365
sub-RID0330,LA06-LA07,temporal_neocortex,R,8,0.546443582646098,0.36716245677152826,0.24530315134179875,0.048834134454157734,0.030327462939886207,0.004828752900162228
sub-RID0330,LA07-LA08,temporal_neocortex,R,8,0.594800030892631,0.359686586945794,0.18353740296604587,0.058410136458176304,0.05168701418729777,0.010327437961549162
sub-RID0330,RA01-RA02,hippocampal,R,8,0.7049101764758208,0.5740124020001074,0.16213338611689454,0.022740268770792885,0.027978563525135086,0.011140050788283163
sub-RID0330,RA02-RA03,hippocampal,R,8,0.6096675814631765,0.42877408521975935,0.15601274962750283,0.05192655213116093,0.061856595650947276,0.03219510707486861
sub-RID0330,RA03-RA04,hippocampal,R,8,0.6104937995427315,0.45524872924103477,0.15516084493047785,0.049795894836800296,0.06163904816145306,0.03841304731599832
sub-RID0330,RA04-RA05,hippocampal,R,8,0.6569279937238358,0.490619584479907,0.1326511324510603,0.05835058393381973,0.04941906219102357,0.02408790887096962
sub-RID0330,RA05-RA06,hippocampal,R,8,0.664565823768415,0.48831657380729576,0.1250098954288812,0.050432537939202896,0.051310514699164346,0.02302871611169097
sub-RID0330,RA09-RA10,temporal_neocortex,R,8,0.8759265037974465,0.5972348123959247,0.08449862747375522,0.007300685404103486,0.0051751438512330624,0.0014568530919021221
sub-RID0330,RB01-RB02,parahippocampal,R,8,0.5541035905585779,0.38901325267907993,0.1724469951484544,0.06921013872481471,0.09800930799563043,0.02460802900696189
sub-RID0330,RB02-RB03,parahippocampal,R,8,0.5974833894321081,0.35528323032782544,0.1275203505586877,0.1298436770538009,0.052662444744011515,0.01727425181455476
sub-RID0330,RB08-RB09,temporal_neocortex,R,8,0.41585406230457905,0.3210525814926356,0.37172499613216603,0.06733465413536921,0.022717399804560404,0.002452167455070559
sub-RID0330,RB09-RB10,temporal_neocortex,R,8,0.6388724048182899,0.4550503749168292,0.19908293202271055,0.04375011105779033,0.02946181361730771,0.006921787259420251
sub-RID0330,RB10-RB11,temporal_neocortex,R,8,0.6771033675836187,0.450892786860998,0.18857924652501815,0.04199887573482137,0.023321051705493853,0.004820781318613875
sub-RID0330,RB11-RB12,temporal_neocortex,R,8,0.5837529381002158,0.41786277441120157,0.2831589869418401,0.03627880070665792,0.020422107711440995,0.008290607798626937
sub-RID0332,LA07-LA08,temporal_neocortex,W,8,0.4834193716062658,0.38279541403271666,0.25225551287939263,0.056276011957374986,0.0736125047449962,0.03348371073665243
sub-RID0332,LA08-LA09,temporal_neocortex,W,8,0.5989650788362634,0.4073331073279889,0.2503302889535173,0.02993001237839679,0.02424320571533237,0.007953581699621477
sub-RID0332,LA09-LA10,temporal_neocortex,W,8,0.5312338089698684,0.39193315482994306,0.24168962089882393,0.058064434103407336,0.05334088288148053,0.014212332754470881
sub-RID0332,LA10-LA11,temporal_neocortex,W,8,0.8117129795260416,0.423041773451755,0.1376113822263118,0.006828387943593207,0.002124420361663309,0.0011029340995176175
sub-RID0332,LB06-LB07,temporal_neocortex,W,8,0.7156541731591752,0.543842714634005,0.13692794953803042,0.03445156483420847,0.04380938216181331,0.01258595271252973
sub-RID0332,LB07-LB08,temporal_neocortex,W,8,0.57945354193138,0.43950214282583533,0.14203682908393914,0.08826038754396155,0.09288635383962597,0.015327586962015369
sub-RID0332,LB08-LB09,temporal_neocortex,W,8,0.42727793806472086,0.3219017635900382,0.1404237401786867,0.13811240824397025,0.14283109610378467,0.01591211990900436
sub-RID0332,LB09-LB10,temporal_neocortex,W,8,0.562032673287667,0.33924761561841765,0.14690576642179404,0.09688247955675838,0.07712321372949761,0.0020348495391122557
sub-RID0332,LB10-LB11,temporal_neocortex,W,8,0.6065871204201144,0.3729637433462574,0.16097609979212704,0.06702995199358286,0.07528826289377069,0.019191332629421742
sub-RID0332,LC01-LC02,hippocampal,W,8,0.5556447529507589,0.3797552635826276,0.1801626599880609,0.0594681577686377,0.08447947563582164,0.03163070539178592
sub-RID0332,LC02-LC03,parahippocampal,W,8,0.6694810285601112,0.5156054380742915,0.1891198842710427,0.03181565703564422,0.026881158441505466,0.008029759587049445
sub-RID0332,LC03-LC04,parahippocampal,W,8,0.5918087537259419,0.41740050203421397,0.2569458891388372,0.03500285984242517,0.03266452759266453,0.012572806852218095
sub-RID0332,LC05-LC06,temporal_neocortex,W,8,0.5282349908700306,0.34625488073749533,0.21533814402692691,0.06523644130131388,0.06319736237075621,0.028483752237406595
sub-RID0332,LC06-LC07,temporal_neocortex,W,8,0.4581359053597763,0.29877228158769364,0.24844185374063635,0.08786512546842473,0.05844259923399522,0.0058175779198429605
sub-RID0332,LC08-LC09,temporal_neocortex,W,8,0.3948806207821305,0.236525150434418,0.3384460013061183,0.07212966703626328,0.044295183758432985,0.0018304057988337511
sub-RID0332,LC09-LC10,temporal_neocortex,W,8,0.26209366912085863,0.16823461567499678,0.21289147121531965,0.15440941010649722,0.1641506081717655,0.06974061092050511
sub-RID0332,RA01-RA02,hippocampal,W,8,0.7474130096693001,0.5215032281322689,0.10499160197549104,0.04100666493819423,0.039895602047892095,0.00856063971400003
sub-RID0332,RA02-RA03,hippocampal,W,8,0.5163470290678651,0.36984890730311903,0.1411734850226012,0.07078918573843607,0.15816138264479915,0.0521328106747279
sub-RID0332,RA03-RA04,hippocampal,W,8,0.6390503183824177,0.46221059821490373,0.12348144378920246,0.048683006473199134,0.10901928875530598,0.026869192517138443
sub-RID0332,RA04-RA05,hippocampal,W,8,0.5377693279506488,0.3852369315068805,0.18330582191652045,0.06087294290371434,0.10075764860566777,0.04466558796182364
sub-RID0332,RA08-RA09,temporal_neocortex,W,8,0.6044629296397269,0.3485934204714885,0.19252670128133065,0.06603867347747588,0.059471938372304786,0.004280291206938961
sub-RID0332,RA09-RA10,temporal_neocortex,W,8,0.5021642639415411,0.29306856474930165,0.19314238288270164,0.09601710718198758,0.09896576948010094,0.022586847997626114
sub-RID0332,RB01-RB02,parahippocampal,W,8,0.6721139282437945,0.47124134664561634,0.13567508504599518,0.046798462894349996,0.06353978931411335,0.021665867480572597
sub-RID0332,RB02-RB03,parahippocampal,W,8,0.6144260787200083,0.3953801242955597,0.17817626303384798,0.04775122864366994,0.06067303775485838,0.018749812349596922
sub-RID0332,RB06-RB07,temporal_neocortex,W,8,0.612439271311356,0.3722315765489465,0.1652484084276644,0.057836460819679664,0.05500196899568406,0.006004422410173606
sub-RID0332,RB07-RB08,temporal_neocortex,W,8,0.5777474833294849,0.34880023563144436,0.16277406082768192,0.06958543280358984,0.08202872365687103,0.014662415954530484
sub-RID0332,RB08-RB09,temporal_neocortex,W,8,0.4058578745112853,0.25150889592789716,0.24172868941454634,0.08590671121775231,0.08690729643025938,0.025604969954535425
sub-RID0332,RB09-RB10,temporal_neocortex,W,8,0.26559613126674986,0.20493192217452869,0.30616314192072625,0.10865261548362004,0.07902437792336076,0.0076646585455351374
sub-RID0332,LA07-LA08,temporal_neocortex,N2,8,0.5486063350271057,0.3885715146629088,0.14973253605894418,0.061386395282227744,0.13780915906626484,0.0359044251692425
sub-RID0332,LA08-LA09,temporal_neocortex,N2,8,0.7347220606829143,0.5122796565229282,0.132489780094433,0.030461788851589313,0.048702130505973745,0.0072105534093104395
sub-RID0332,LA09-LA10,temporal_neocortex,N2,8,0.5792385859569927,0.4186089749509524,0.1965185470700218,0.05658942778090628,0.08606576846355804,0.023996820378772512
sub-RID0332,LA10-LA11,temporal_neocortex,N2,8,0.8377186526955664,0.49240537111948024,0.11844497353224416,0.008465118860948417,0.00504867677220282,0.0036749609756785056
sub-RID0332,LB06-LB07,temporal_neocortex,N2,8,0.6852465310531125,0.45469810297670576,0.12865715608375788,0.04723722415109227,0.06433501251283845,0.01638866740760595
sub-RID0332,LB07-LB08,temporal_neocortex,N2,8,0.5828677346907309,0.4006806539413766,0.1526929800175152,0.09366834064292151,0.08439053618946216,0.013257477726938045
sub-RID0332,LB08-LB09,temporal_neocortex,N2,8,0.3921743195183059,0.2902812148829512,0.17326743849784554,0.15583471711861963,0.12122892419660476,0.011371886819934975
sub-RID0332,LB09-LB10,temporal_neocortex,N2,8,0.5411947508239551,0.3614451463602003,0.16939647350243187,0.11111383667733468,0.06833179811743854,0.001844733283159264
sub-RID0332,LB10-LB11,temporal_neocortex,N2,8,0.6002163739516939,0.3842174773698383,0.14285667534784127,0.07590886712248551,0.09022464998792343,0.031576931059535254
sub-RID0332,LC01-LC02,hippocampal,N2,8,0.5085907831041458,0.33674270040778703,0.18114340281370805,0.05821133338932897,0.1543193887106082,0.041580959136954046
sub-RID0332,LC02-LC03,parahippocampal,N2,8,0.6950807573654106,0.5098024528813749,0.16422250633861923,0.039774536393850486,0.031517028593221724,0.0067813892064979755
sub-RID0332,LC03-LC04,parahippocampal,N2,8,0.5149145622624552,0.35068622070547395,0.2755971773163429,0.0524381390004226,0.041103898783518965,0.01002083266213227
sub-RID0332,LC05-LC06,temporal_neocortex,N2,8,0.5764409216236157,0.3930540087557738,0.17755137595771758,0.0723705869627477,0.07481002793935079,0.02702263748310573
sub-RID0332,LC06-LC07,temporal_neocortex,N2,8,0.6133593236163222,0.41444195243807763,0.1971646593889507,0.07002356151946962,0.03861452999643783,0.0031166296870650556
sub-RID0332,LC08-LC09,temporal_neocortex,N2,8,0.5463056550450417,0.37188792290275663,0.3012567220454687,0.049708539916955174,0.02313943317600084,0.0008888882390792698
sub-RID0332,LC09-LC10,temporal_neocortex,N2,8,0.2729936566613511,0.1846209670905768,0.19657615911053095,0.17074659504464715,0.1642115169039878,0.06683345539446321
sub-RID0332,RA01-RA02,hippocampal,N2,8,0.7004521072538922,0.46397491854402434,0.10580546358233439,0.051506265461369286,0.06588215933552995,0.014993583909709198
sub-RID0332,RA02-RA03,hippocampal,N2,8,0.4769442977065197,0.3534274376379089,0.115233060708096,0.06029683521147786,0.23526513522663609,0.06772392089590193
sub-RID0332,RA03-RA04,hippocampal,N2,8,0.558228108569593,0.3598775789013838,0.10038665054401608,0.05384035742850177,0.20382951029605156,0.02954971200221053
sub-RID0332,RA04-RA05,hippocampal,N2,8,0.42458990867529184,0.3248420783754666,0.15365987500644196,0.08944070272079252,0.17531796375303116,0.059607922584862735
sub-RID0332,RA08-RA09,temporal_neocortex,N2,8,0.5392307551110286,0.3814486042914616,0.1532145726850001,0.12167888031846122,0.08977844403690738,0.00815927633129084
sub-RID0332,RA09-RA10,temporal_neocortex,N2,8,0.5304307931765082,0.3330726113899872,0.16890214925104258,0.10200998693107988,0.08856389897017052,0.021669646756895207
sub-RID0332,RB01-RB02,parahippocampal,N2,8,0.6565533427559251,0.4424271269968665,0.12944765251079574,0.049387749068923605,0.08976478617684785,0.024960255689398976
sub-RID0332,RB02-RB03,parahippocampal,N2,8,0.5021339357236587,0.3553506952787566,0.19025069568987932,0.06953805963689047,0.12168856821627629,0.025820854096285463
sub-RID0332,RB06-RB07,temporal_neocortex,N2,8,0.7396681984474422,0.43772872830402293,0.1564197910463757,0.02789566908767388,0.024323222729554443,0.0030251141599757546
sub-RID0332,RB07-RB08,temporal_neocortex,N2,8,0.6886539323209196,0.42097533816150184,0.15269884743077872,0.046983615854790786,0.04828197185138504,0.00814907308941761
sub-RID0332,RB08-RB09,temporal_neocortex,N2,8,0.4080140673746768,0.2651629881212557,0.2640268414822528,0.10252510639884735,0.0968388784711334,0.01996344775791332
sub-RID0332,RB09-RB10,temporal_neocortex,N2,8,0.21039830723644506,0.15347578462513592,0.36421381640260775,0.14663305892633205,0.08995534368138264,0.0079513514010921
sub-RID0337,LC01-LC02,hippocampal,W,5,0.5696152923296385,0.369763349602266,0.23867418894565792,0.04216530915776986,0.04765776420877087,0.025519142234046284
sub-RID0337,LC05-LC06,temporal_neocortex,W,5,0.5056200441085308,0.4448146043151314,0.2620901082627114,0.043269211223816204,0.020886849746012903,0.002551903226856544
sub-RID0337,LC06-LC07,temporal_neocortex,W,5,0.44033534157151266,0.37423824413410645,0.3073647406632286,0.056247625088073926,0.03049774103220737,0.004243677841777458
sub-RID0337,LC07-LC08,temporal_neocortex,W,5,0.43187954635432624,0.3743173984192688,0.3467505650175255,0.041077362661096586,0.022184835348472792,0.002073958394659224
sub-RID0337,LD04-LD05,temporal_neocortex,W,5,0.41514255255758564,0.344216417126241,0.2438670783291094,0.057195350929459696,0.04687330401425272,0.006513134205387979
sub-RID0337,LD05-LD06,temporal_neocortex,W,5,0.3010597046920441,0.2539498331556814,0.41907844234117925,0.04114187845268722,0.01777537706820405,0.0018463578309868781
sub-RID0337,LF02-LF03,temporal_neocortex,W,5,0.5533644690317139,0.4557685434397868,0.18434626374360885,0.11851479174838087,0.05313211880204516,0.011202043654310233
sub-RID0337,LF03-LF04,temporal_neocortex,W,5,0.4523590285221203,0.3313830615070671,0.20644520101867495,0.10770350089691487,0.11311421725730586,0.019981058160464103
sub-RID0337,LF04-LF05,temporal_neocortex,W,5,0.2389818701010084,0.17847021817900047,0.3505572176964228,0.1451416057271977,0.137075513417525,0.014712708496069796
sub-RID0337,RD04-RD05,temporal_neocortex,W,5,0.7825134557929599,0.5657128060490446,0.1400039797995551,0.019951568520735326,0.009364524881048168,0.0016142159535989299
sub-RID0337,RD05-RD06,temporal_neocortex,W,5,0.8158368506790203,0.5480244872170353,0.1276714321930146,0.009876009925009569,0.0038601286344246088,0.000530749338521161
sub-RID0337,RD06-RD07,temporal_neocortex,W,5,0.669406882706378,0.49752006045752334,0.25002228656187564,0.011042768990233636,0.004091923337509492,0.0003660570948422573
sub-RID0337,RD07-RD08,temporal_neocortex,W,5,0.5511856920534617,0.4009381316170681,0.26991528476519017,0.035713971518233335,0.018376362293011837,0.004322018209249523
sub-RID0337,RD08-RD09,temporal_neocortex,W,5,0.795227352975098,0.44839930280454904,0.14539720927642916,0.009130537573584221,0.0021925595678616142,0.0004339423440500842
sub-RID0337,RD09-RD10,temporal_neocortex,W,5,0.5915040622860667,0.46404688689153656,0.2694970762684138,0.024430303212727603,0.0072674649125966965,0.0011746402994149883
sub-RID0337,RE01-RE02,temporal_neocortex,W,5,0.5988093619644032,0.4697179357617639,0.23622116092429035,0.03457124797600045,0.016287437728779382,0.003311735771009567
sub-RID0337,RE02-RE03,temporal_neocortex,W,5,0.46270785112997653,0.3507175982877495,0.3243189618949634,0.048543094355082556,0.024393495105447787,0.0039491335865006905
sub-RID0337,RE03-RE04,temporal_neocortex,W,5,0.5307600910521784,0.4135341854152775,0.2439147008905771,0.05162146142359007,0.019816937119163013,0.0021903278886348065
sub-RID0337,RE04-RE05,temporal_neocortex,W,5,0.5243869121978142,0.38461013369097924,0.24976722231969184,0.05500603892397735,0.026453247662353012,0.004406916721815893
sub-RID0337,RE05-RE06,temporal_neocortex,W,5,0.4932661161910941,0.3861314503479122,0.2559096869891965,0.06030715476751315,0.04071848216195269,0.00853457238502998
sub-RID0337,RE06-RE07,temporal_neocortex,W,5,0.6224350796425829,0.46271576712222817,0.1943058490565222,0.04128988183578471,0.02309245222697345,0.0035565588346931154
sub-RID0337,RE07-RE08,temporal_neocortex,W,5,0.5803325742137292,0.4428339375126651,0.2169009384917621,0.03605106806359128,0.0187294455554823,0.0030804650011758378
sub-RID0337,RE08-RE09,temporal_neocortex,W,5,0.502382183402889,0.37242266105277366,0.22189990595589312,0.05485475683950959,0.034034064023516414,0.0046906370127916715
sub-RID0337,LC01-LC02,hippocampal,N2,8,0.6219435317215793,0.3868817644468988,0.2622632273939992,0.029495982709515752,0.022879065352634124,0.008286401349230211
sub-RID0337,LC05-LC06,temporal_neocortex,N2,8,0.5938520947679391,0.44818300508508213,0.30390993941824773,0.022688738675135944,0.007131227531202991,0.0010132524679375826
sub-RID0337,LC06-LC07,temporal_neocortex,N2,8,0.5129620747659388,0.3405474232109481,0.34586668787164776,0.039895277775924984,0.014476777127834208,0.0014661056820187415
sub-RID0337,LC07-LC08,temporal_neocortex,N2,8,0.4111225714050594,0.28939948459468606,0.49464996213678825,0.022169067233749073,0.00662517540654878,0.0005163032451172959
sub-RID0337,LC08-LC09,temporal_neocortex,N2,8,0.5024377613922836,0.35418868804974046,0.40128224006788366,0.023310362889688782,0.00919590283468275,0.0015739365260209056
sub-RID0337,LD04-LD05,temporal_neocortex,N2,8,0.6599626106897003,0.37845750984385557,0.24489816703888487,0.02613154991361697,0.008947101998428828,0.0012147402190820903
sub-RID0337,LD05-LD06,temporal_neocortex,N2,8,0.5439101745119548,0.30422345456018623,0.39759882888820997,0.012856996514822368,0.003378773609624591,0.00034562014697864
sub-RID0337,LF02-LF03,temporal_neocortex,N2,8,0.5797783994214125,0.4285448911135544,0.2602671318237194,0.044573934174267436,0.014901421753456812,0.0035896791649210405
sub-RID0337,LF03-LF04,temporal_neocortex,N2,8,0.42221801592121716,0.25779473922608925,0.287631083935761,0.1351236060773352,0.03537943256296826,0.005232437901442292
sub-RID0337,LF04-LF05,temporal_neocortex,N2,8,0.3441338042106124,0.22954270709590663,0.41642050473417025,0.09434189159097915,0.031224507285062646,0.004192429424792776
sub-RID0337,RD04-RD05,temporal_neocortex,N2,8,0.7674846543560212,0.3487891023023257,0.14556441230622805,0.027812270572919663,0.008921566534761085,0.0011059414047518896
sub-RID0337,RD05-RD06,temporal_neocortex,N2,8,0.8045673794193418,0.3497484030026731,0.15807805387097607,0.009231108635348028,0.002239225765841442,0.00021951720313813602
sub-RID0337,RD06-RD07,temporal_neocortex,N2,8,0.6517628554752555,0.3218091525054557,0.30529633956966523,0.008824337004910828,0.0018176917437835918,0.00012100966968542194
sub-RID0337,RD07-RD08,temporal_neocortex,N2,8,0.4828572027657626,0.3154475580612846,0.3981175528879387,0.03381306725342741,0.00977359856104906,0.0008121696789158102
sub-RID0337,RD08-RD09,temporal_neocortex,N2,8,0.8083294548100797,0.36233656896690963,0.15485861938150497,0.007245173170953651,0.00118669799166371,0.0002781186349203156
sub-RID0337,RD09-RD10,temporal_neocortex,N2,8,0.5720248722333428,0.3792692966327269,0.3323880062350971,0.022680312040041464,0.004353029576514251,0.0009488972684033455
sub-RID0337,RE01-RE02,temporal_neocortex,N2,8,0.6352310202001696,0.38838332379893925,0.2808703195143022,0.020795280516595342,0.006704581635941825,0.0010116114163278556
sub-RID0337,RE02-RE03,temporal_neocortex,N2,8,0.4514518712417997,0.29762818152213155,0.43111677994224584,0.03229005164857697,0.011798998539599273,0.001460612368978562
sub-RID0337,RE03-RE04,temporal_neocortex,N2,8,0.6364737767567452,0.3290303203406594,0.30228609084971286,0.016447502787051947,0.004506542449407812,0.00040447568503850287
sub-RID0337,RE04-RE05,temporal_neocortex,N2,8,0.763527143778771,0.4068472867878755,0.1796099143926767,0.014951104352075448,0.006056774745093879,0.0009243763908728562
sub-RID0337,RE05-RE06,temporal_neocortex,N2,8,0.6685206629156427,0.3679428399800264,0.24958928227980548,0.023445947943023508,0.01132797111482546,0.001736853792721855
sub-RID0337,RE06-RE07,temporal_neocortex,N2,8,0.7308038056694959,0.4243296168013399,0.20685771689706817,0.017941588728584423,0.006574048104619043,0.0007897840240560103
sub-RID0337,RE07-RE08,temporal_neocortex,N2,8,0.7167263293319575,0.43168190262227246,0.22242917053972727,0.018139637847231327,0.005254980823255975,0.0007394296428463789
sub-RID0337,RE08-RE09,temporal_neocortex,N2,8,0.7146813777857415,0.4088667850212284,0.21873707439232637,0.020594017154131825,0.006994398007238115,0.0007877996748464075
sub-RID0337,LC01-LC02,hippocampal,N3,8,0.8206401523128275,0.3652526909361373,0.11124356199285818,0.014390952375928471,0.01120998166107275,0.004978271194995033
sub-RID0337,LC05-LC06,temporal_neocortex,N3,8,0.8360068843429697,0.421718996922555,0.11544332660672103,0.009192718388593256,0.0036300525246968827,0.0010887718506757853
sub-RID0337,LC06-LC07,temporal_neocortex,N3,8,0.7906136338144597,0.3372929874003023,0.14375103548742535,0.015545828853923718,0.005778449679326762,0.0010585863904919637
sub-RID0337,LC07-LC08,temporal_neocortex,N3,8,0.7789552175604453,0.3060297624054036,0.16735634792952578,0.009798024238137358,0.0026150745516929927,0.00034606044729583755
sub-RID0337,LC08-LC09,temporal_neocortex,N3,8,0.7886902372386707,0.34121804744888884,0.1600649906800497,0.01017274950594698,0.003419627499230451,0.0006413000431312508
sub-RID0337,LD04-LD05,temporal_neocortex,N3,8,0.9053926043473355,0.2915532040862952,0.06326119686124562,0.0071338410608567104,0.0029007837823381713,0.0006949214589176548
sub-RID0337,LD05-LD06,temporal_neocortex,N3,8,0.8778315334872546,0.26047494655780845,0.09753757264757656,0.004249869032403875,0.001244939630624432,0.00021812769319979
sub-RID0337,LF02-LF03,temporal_neocortex,N3,8,0.8574985998243569,0.5785221612022474,0.08902881560517623,0.00979645707418694,0.004753034481518895,0.001517403124612372
sub-RID0337,LF03-LF04,temporal_neocortex,N3,8,0.7479139794913241,0.4459986752663554,0.12703011081407556,0.03574928591661401,0.011596272909116122,0.0024597283587742937
sub-RID0337,LF04-LF05,temporal_neocortex,N3,8,0.699820097821702,0.3739187111821132,0.17352179729173076,0.03376055856852665,0.016481281817870952,0.004025294018995712
sub-RID0337,RD04-RD05,temporal_neocortex,N3,8,0.8512805392942842,0.29637189191737767,0.09543931186516937,0.015498847059282641,0.004934421874364828,0.0008037403012547278
sub-RID0337,RD05-RD06,temporal_neocortex,N3,8,0.8945329722456312,0.2298027117407515,0.07914676458177866,0.005481273644785447,0.0012154243463445812,0.00015804083179325824
sub-RID0337,RD06-RD07,temporal_neocortex,N3,8,0.7658024407951733,0.2301926544186258,0.18833553431511613,0.00694069534299104,0.0012350841901499908,0.00011496750441996616
sub-RID0337,RD07-RD08,temporal_neocortex,N3,8,0.619024272709706,0.28854153513776637,0.27148485850969073,0.02508521733188556,0.006450451845997603,0.0008475870526191566
sub-RID0337,RD08-RD09,temporal_neocortex,N3,8,0.8961453781327329,0.3018351178651414,0.07594795752629599,0.004290172180559293,0.0006699860802920279,0.0002700454263678456
sub-RID0337,RD09-RD10,temporal_neocortex,N3,8,0.6967838942840698,0.3873878955858481,0.21166184777499528,0.017267021421482162,0.0031736893653293245,0.001147428824191115
sub-RID0337,RE01-RE02,temporal_neocortex,N3,8,0.805847602945851,0.3504609766377493,0.14210405857415734,0.010496106043969944,0.003943146335721291,0.0009856560626594786
sub-RID0337,RE02-RE03,temporal_neocortex,N3,8,0.6879538395382372,0.3340305136506436,0.22737698640091086,0.018176011603721818,0.006621211396624124,0.0014436356985280709
sub-RID0337,RE03-RE04,temporal_neocortex,N3,8,0.8431585415558692,0.25875652534230287,0.12048384742594062,0.007685995713133678,0.0022124701849138544,0.00033213896732983786
sub-RID0337,RE04-RE05,temporal_neocortex,N3,8,0.9071781454835072,0.3095225677741373,0.06234985434861989,0.006590890563310761,0.002996632421102541,0.0008206233315620932
sub-RID0337,RE05-RE06,temporal_neocortex,N3,8,0.8482630961021353,0.34106994010768144,0.10174713557787021,0.01319413814811401,0.006203706300626952,0.001785915338403193
sub-RID0337,RE06-RE07,temporal_neocortex,N3,8,0.8746370378148842,0.3279971014811895,0.09049493211676254,0.007801002526638843,0.0032018040732933574,0.0007624421606057077
sub-RID0337,RE07-RE08,temporal_neocortex,N3,8,0.8363426887274619,0.29365439412613925,0.12232758021134287,0.009835828346620085,0.0031298813365686065,0.0007467130905597238
sub-RID0337,RE08-RE09,temporal_neocortex,N3,8,0.8715570938408734,0.31646349886430275,0.08551534424039267,0.011317758890418621,0.004200188892720828,0.0007267251227747101
sub-RID0356,LA01-LA02,hippocampal,W,8,0.6260622207860276,0.4715270533040865,0.1675928114355381,0.060424168819452395,0.047549019410879495,0.023487801795873155
sub-RID0356,LA02-LA03,hippocampal,W,8,0.5987991125344885,0.4166804261600704,0.1455252027669893,0.06837074911248016,0.07140092953699814,0.03551841566070514
sub-RID0356,LA03-LA04,hippocampal,W,8,0.6523930419518278,0.4675152795918392,0.15013260609902618,0.04369233726954187,0.04972004488050774,0.038601737110208895
sub-RID0356,LA04-LA05,hippocampal,W,8,0.7150465167300897,0.5511616968705237,0.12688363948358525,0.03419893655733865,0.03821317147259191,0.035654736410979285
sub-RID0356,LA07-LA08,temporal_neocortex,W,8,0.8829741111302625,0.7359150410925581,0.05498668781834336,0.013916115411619382,0.01557793444797747,0.015310939680272948
sub-RID0356,LA08-LA09,temporal_neocortex,W,8,0.8559596292274887,0.7164476667603776,0.07830932034656476,0.014734764807883008,0.015136912339410877,0.011742593289097006
sub-RID0356,LA09-LA10,temporal_neocortex,W,8,0.8869049865364658,0.7487814682555147,0.04364221583346181,0.014160068656315895,0.025884467645370432,0.012353387739962382
sub-RID0356,LB01-LB02,hippocampal,W,8,0.6156643946104564,0.5076077412589035,0.21143649386392624,0.031091490037839245,0.03910043470277066,0.039692558105070455
sub-RID0356,LB02-LB03,hippocampal,W,8,0.6707216206720243,0.48903867607598034,0.13495644429640663,0.035377277213077554,0.06216706038973237,0.047829152131707735
sub-RID0356,LB03-LB04,hippocampal,W,8,0.6082228869563162,0.4778304075958887,0.2139022879793796,0.030414636545015996,0.046559713634620525,0.03974937720074383
sub-RID0356,LB04-LB05,hippocampal,W,8,0.6764513427568665,0.5126757333885258,0.1578348128208019,0.03604724219370205,0.04415061029109624,0.04015475317665793
sub-RID0356,LB09-LB10,temporal_neocortex,W,8,0.8779150490771201,0.7372137262816343,0.04601342077648734,0.016449402945167984,0.020417133098121026,0.013968639625446675
sub-RID0356,LB10-LB11,temporal_neocortex,W,8,0.6597055265644218,0.555990908991879,0.1524792054088092,0.04424106967746182,0.04690094756115464,0.03331953464553687
sub-RID0356,LC01-LC02,temporal_neocortex,W,8,0.7930491395750431,0.5836802169897012,0.07834768627321854,0.025702361109053884,0.03832710456362333,0.022700405697343065
sub-RID0356,LC03-LC04,temporal_neocortex,W,8,0.8552095291552284,0.5884923768504785,0.06423742104898428,0.017879236184756012,0.02104341547031959,0.017213370672635266
sub-RID0356,LC04-LC05,temporal_neocortex,W,8,0.8708135083343174,0.5797565435213073,0.059892285482550225,0.014114593161628209,0.01894508490717725,0.014563269889180065
sub-RID0356,LE04-LE05,temporal_neocortex,W,8,0.5504223728271617,0.34357894841803915,0.2856756290070217,0.030926291043912816,0.03660915194953818,0.023915505883849747
sub-RID0356,LE05-LE06,temporal_neocortex,W,8,0.5798113343885998,0.3919228497551722,0.22765480113701164,0.04156727240143351,0.047213337968988627,0.027637503447806328
sub-RID0356,LE06-LE07,temporal_neocortex,W,8,0.5889637584079883,0.4084583772028433,0.20756870911146358,0.05178246447932559,0.058766789289702956,0.030198339384629198
sub-RID0356,RA01-RA02,hippocampal,W,8,0.6177207573489812,0.4574360881437191,0.14595873345302046,0.060138870605059375,0.05953675107691209,0.03136604753491216
sub-RID0356,RA02-RA03,hippocampal,W,8,0.5829942410529773,0.38863075568915795,0.149063196126338,0.05989591315698173,0.08799854719742883,0.07312815443764105
sub-RID0356,RA03-RA04,hippocampal,W,8,0.687438774967392,0.42462200386331367,0.12177890226670869,0.04275744454766675,0.059011504351793885,0.04818182809582529
sub-RID0356,RA05-RA06,temporal_neocortex,W,8,0.6438049248354283,0.4531492712851808,0.16455959988770955,0.0531604380673885,0.03773021118579939,0.02059182532243617
sub-RID0356,RA06-RA07,temporal_neocortex,W,8,0.49854814938549064,0.3488857011287071,0.2624281428393751,0.06885924544586572,0.03518582320625673,0.01670498803012368
sub-RID0356,RA07-RA08,temporal_neocortex,W,8,0.7905620624151384,0.5349505670307746,0.10707455898882579,0.02679947272796772,0.018494563817352424,0.011556215534495517
sub-RID0356,RA08-RA09,temporal_neocortex,W,8,0.47114886168995657,0.3656429511234691,0.4062122717133998,0.022483787590688004,0.011268892403633666,0.003039291045799898
sub-RID0356,RA09-RA10,temporal_neocortex,W,8,0.6477339789800258,0.46021867219845813,0.19357123349290314,0.04943542202950657,0.022548597309407774,0.006991982013313211
sub-RID0356,RB06-RB07,temporal_neocortex,W,8,0.4767656533465726,0.34566712995298154,0.3266320987924453,0.0504144240755547,0.03153256636089906,0.015189205289717796
sub-RID0356,RB07-RB08,temporal_neocortex,W,8,0.5089649421391964,0.3727391103080763,0.27289086923365435,0.05930566129093781,0.04597935140366324,0.017466277185178212
sub-RID0356,RB08-RB09,temporal_neocortex,W,8,0.628689799079656,0.4602047169528651,0.1957063551189342,0.04800995383722695,0.033284628203748376,0.015360970589494887
sub-RID0356,RB09-RB10,temporal_neocortex,W,8,0.699107802140968,0.48197131511173463,0.1674311671405886,0.034187669634948965,0.02667489026269114,0.013654258447174591
sub-RID0356,RC01-RC02,temporal_neocortex,W,8,0.7581386338714855,0.626154991064241,0.11710293033670453,0.029475985613312015,0.025263155490874763,0.015651767139876514
sub-RID0356,RC02-RC03,temporal_neocortex,W,8,0.7331211136947691,0.6079687556267837,0.1362487716562465,0.029008912552080067,0.032520183176235166,0.019520559053107196
sub-RID0356,RC03-RC04,temporal_neocortex,W,8,0.7912715235186798,0.5753286420998671,0.09945338036985517,0.02103854024014821,0.022517441849692774,0.016658776013469028
sub-RID0356,RC04-RC05,temporal_neocortex,W,8,0.8020267296393532,0.5535277618247432,0.08165820784286539,0.024580399980700173,0.02518948947000673,0.02524050615343896
sub-RID0356,RD04-RD05,temporal_neocortex,W,8,0.7357558525630645,0.5540217210352729,0.12675401227251984,0.029640966646126022,0.03679879535705446,0.02307067021120517
sub-RID0356,RD05-RD06,temporal_neocortex,W,8,0.6165747038057752,0.4472096685165596,0.21219604077741616,0.03552656836733604,0.03891162902843675,0.019936638958771822
sub-RID0356,RD06-RD07,temporal_neocortex,W,8,0.7750697873273106,0.5639597216512263,0.12275003212949602,0.021193394232032474,0.025069826119186973,0.013217362217392576
sub-RID0356,RD07-RD08,temporal_neocortex,W,8,0.7293846355788757,0.6039327308508764,0.14811214392497654,0.026104102457242383,0.0315823315679774,0.015512626399604754
sub-RID0356,RE01-RE02,temporal_neocortex,W,8,0.5059879698740892,0.34045298516889044,0.21506915715959316,0.07048393440828371,0.07837794232450368,0.028481154550650936
sub-RID0356,RE02-RE03,temporal_neocortex,W,8,0.6253353805295839,0.37730376243916436,0.19495636215336734,0.04618671516505589,0.045674577379126474,0.01965162982840309
sub-RID0356,RE03-RE04,temporal_neocortex,W,8,0.4758369950158243,0.36113294492986947,0.2759343120759364,0.055760187905303044,0.06316947013270978,0.023635434009594062
sub-RID0356,RE04-RE05,temporal_neocortex,W,8,0.5963468093746593,0.38073607754588557,0.19244601365173197,0.04599274657554315,0.05933602411936871,0.024678819802909244
sub-RID0356,RE05-RE06,temporal_neocortex,W,8,0.33559494816260915,0.27623805601083784,0.26160339000088895,0.09345422746589047,0.12087218010423817,0.03135131659120337
sub-RID0356,RG05-RG06,temporal_neocortex,W,8,0.501031556272742,0.3449916952862219,0.24942616252138242,0.06825605924934565,0.07530763104522123,0.02864262389392498
sub-RID0356,RG06-RG07,temporal_neocortex,W,8,0.5883779152040562,0.3988133863330921,0.27453266343370325,0.027045688878505184,0.02863987985283773,0.014514729733781172
sub-RID0356,RG07-RG08,temporal_neocortex,W,8,0.562676724372275,0.40226963015721035,0.24438089198247795,0.04839280131388311,0.042212775254307916,0.01841744906117846
sub-RID0356,RI02-RI03,temporal_neocortex,W,8,0.5335812325534119,0.3335631900953544,0.15399936436449296,0.07394079625270607,0.12440175878940662,0.04509664449726809
sub-RID0356,RI03-RI04,temporal_neocortex,W,8,0.5616864683691883,0.36829738481862306,0.1561517217087532,0.06633736537346313,0.09256441137113723,0.06354345543501669
sub-RID0356,RI04-RI05,temporal_neocortex,W,8,0.3431782959253825,0.25968336180472174,0.19728643521961275,0.11271148905079517,0.1574004978660288,0.10402720600723618
sub-RID0356,RJ07-RJ08,parahippocampal,W,8,0.7520214262253108,0.4647540075708959,0.11777770076134139,0.027745399304474998,0.03245247761249133,0.023133695803362043
sub-RID0356,RJ08-RJ09,parahippocampal,W,8,0.5915885957629303,0.42043681418144074,0.1956862198722093,0.054725613079464046,0.052300177451649936,0.05506917437136049
sub-RID0356,LD05-LD06,temporal_neocortex,W,7,0.859827989747387,0.568401715975808,0.07633333110068694,0.013071090261623902,0.015053730023963612,0.0033598704337895633
sub-RID0356,LD06-LD07,temporal_neocortex,W,7,0.9023129393252693,0.608323484152887,0.05894112935013827,0.007372845553460772,0.00758324616260441,0.0023363079313205542
sub-RID0356,LA01-LA02,hippocampal,N2,8,0.698062418969847,0.5577049901230342,0.16788537344117754,0.030265765207679464,0.021032197312881036,0.006405132554707966
sub-RID0356,LA02-LA03,hippocampal,N2,8,0.6614584523988332,0.4872988284626189,0.14885176255075477,0.04912250596108643,0.0574210267084313,0.01087405181990555
sub-RID0356,LA03-LA04,hippocampal,N2,8,0.72964245734818,0.5199312150762806,0.12774940091775347,0.03338256118316285,0.0319311365700089,0.01242163423772422
sub-RID0356,LA04-LA05,hippocampal,N2,8,0.7549915393836744,0.514880076474767,0.11753842969477267,0.03087848877555506,0.024958126639206595,0.01326761343317209
sub-RID0356,LA07-LA08,temporal_neocortex,N2,8,0.9763666705063138,0.5765701749145464,0.015094110539351982,0.0012679635213196359,0.0013507384363362616,0.00044676874326886524
sub-RID0356,LA08-LA09,temporal_neocortex,N2,8,0.9532192761364615,0.5520840412890233,0.03374898039454886,0.0022201444297311663,0.0015579806413410324,0.0005937813655359262
sub-RID0356,LA09-LA10,temporal_neocortex,N2,8,0.9794458673050167,0.54733780602362,0.0136096880172253,0.001064748423685548,0.0006030632771429252,0.0001226126008216644
sub-RID0356,LB01-LB02,hippocampal,N2,8,0.7486736427812835,0.6020122200988625,0.1449814113617388,0.021690005181440628,0.02177868664186281,0.009290525534686695
sub-RID0356,LB02-LB03,hippocampal,N2,8,0.8093139101089514,0.5122942396063548,0.10075145673732461,0.020221258717083294,0.014283005322880913,0.008988951787458017
sub-RID0356,LB03-LB04,hippocampal,N2,8,0.7588711768700809,0.5535271298247598,0.1393188724012544,0.01640284580956382,0.019717853734678412,0.012474101384679592
sub-RID0356,LB04-LB05,hippocampal,N2,8,0.7974150618395683,0.5372807634935817,0.1002687595941395,0.023630989149679458,0.02296298878153926,0.012414916888854165
sub-RID0356,LB09-LB10,temporal_neocortex,N2,8,0.9715546895377174,0.5092457135095725,0.018890363314210217,0.0015561712124006668,0.0007686361086342818,0.0001420390156200588
sub-RID0356,LB10-LB11,temporal_neocortex,N2,8,0.8396577155384957,0.4829271898144947,0.08784181799969278,0.017866794765032237,0.014007100805621418,0.0036699406022473375
sub-RID0356,LC01-LC02,temporal_neocortex,N2,8,0.9363346399536877,0.46231554020748583,0.03532076781392969,0.0064734119987294725,0.0058428907537248905,0.0021478510147165154
sub-RID0356,LC03-LC04,temporal_neocortex,N2,8,0.9675715777954855,0.4853806581294761,0.022609499595612932,0.0015755818761328268,0.0013367063554330348,0.0004968494441572788
sub-RID0356,LC04-LC05,temporal_neocortex,N2,8,0.9687776333949183,0.4882851686457826,0.021558289160286515,0.0015375906284629938,0.0011701511736960618,0.00038054145276700024
sub-RID0356,LD05-LD06,temporal_neocortex,N2,8,0.938739870139846,0.459499532035286,0.04237669686835236,0.0037116221060111186,0.0035342525034844285,0.000852143804484761
sub-RID0356,LD06-LD07,temporal_neocortex,N2,8,0.9566112175647109,0.5106406508754247,0.030278182668432286,0.0021593435438090353,0.0017934456511378052,0.0005710923548335233
sub-RID0356,LE04-LE05,temporal_neocortex,N2,8,0.8193067281166161,0.4662785702372267,0.1350118080396539,0.00979095594226498,0.009695832652554704,0.0023488052139645985
sub-RID0356,LE05-LE06,temporal_neocortex,N2,8,0.8335152987830402,0.5505287265553025,0.12283636125333336,0.008723548802264516,0.008743058317665767,0.0028923852492172253
sub-RID0356,LE06-LE07,temporal_neocortex,N2,8,0.8462967067464181,0.5354578818645406,0.09079871144320587,0.013498460314519973,0.014604616404815824,0.005165894734429589
sub-RID0356,RA01-RA02,hippocampal,N2,8,0.7211857273832547,0.564558412995587,0.150880210518001,0.029614222019858177,0.02303521066993467,0.007577899028686621
sub-RID0356,RA02-RA03,hippocampal,N2,8,0.6055489818949662,0.409162849077366,0.18057360801205757,0.04876128143537652,0.05618992742219153,0.0348048811863945
sub-RID0356,RA03-RA04,hippocampal,N2,8,0.7353103771624785,0.41563164649640016,0.12272664724852278,0.039723392533053806,0.03291171222070079,0.014007917001140556
sub-RID0356,RA05-RA06,temporal_neocortex,N2,8,0.7737371851159863,0.4746132025842823,0.12603062124019515,0.02523073408542987,0.014550063333274852,0.0036715931258191102
sub-RID0356,RA06-RA07,temporal_neocortex,N2,8,0.7539693959976814,0.47381781979425786,0.15007206238874538,0.02431900305020518,0.013177332695579528,0.003224857023658846
sub-RID0356,RA07-RA08,temporal_neocortex,N2,8,0.9333157512429407,0.5060655622321597,0.04743660256660305,0.0032713574765623533,0.0016212620683394665,0.0004075113813492117
sub-RID0356,RA08-RA09,temporal_neocortex,N2,8,0.7519085394384943,0.49400104616627727,0.18251008563497906,0.012352960398453397,0.0079239257065318,0.0025009989064085263
sub-RID0356,RA09-RA10,temporal_neocortex,N2,8,0.7775997626829105,0.5390530243155817,0.13525818661268835,0.023284254933656923,0.011626454211676185,0.0026066082818558796
sub-RID0356,RB06-RB07,temporal_neocortex,N2,8,0.7374704672406485,0.41322048984973264,0.18472983054685282,0.01806915356767759,0.010032258741287681,0.0025909608112935413
sub-RID0356,RB07-RB08,temporal_neocortex,N2,8,0.7924350154510713,0.44328424266996813,0.13521776758760462,0.018864873824613562,0.013306832517946773,0.002818105695824899
sub-RID0356,RB08-RB09,temporal_neocortex,N2,8,0.8524548913375083,0.556254143644187,0.09390904106968953,0.012545528090741576,0.007577073982371275,0.001972805187409013
sub-RID0356,RB09-RB10,temporal_neocortex,N2,8,0.9105710501613458,0.4981543558259748,0.06665697350626829,0.004701634143574436,0.0022934182731211023,0.00028480526602414586
sub-RID0356,RC01-RC02,temporal_neocortex,N2,8,0.9070719004945937,0.6995158666505613,0.056419366988985115,0.0071457723378286885,0.0053359543517330025,0.0018110501608766781
sub-RID0356,RC02-RC03,temporal_neocortex,N2,8,0.8855084160952822,0.6649406415058849,0.07431442575207593,0.007322937906524334,0.005662527593696159,0.0018558996999787222
sub-RID0356,RC03-RC04,temporal_neocortex,N2,8,0.9333291138853872,0.5478898437999913,0.04833252377990682,0.002097941921002146,0.0012779589075042218,0.00028616369246233864
sub-RID0356,RC04-RC05,temporal_neocortex,N2,8,0.9222795359096463,0.5271389874990227,0.052339574691185754,0.004175465463876329,0.003192473465982734,0.0008269941219293881
sub-RID0356,RD04-RD05,temporal_neocortex,N2,8,0.9382711494846928,0.5337175816373492,0.0376768531303146,0.00461813265524027,0.0045487393286243885,0.001981498759204431
sub-RID0356,RD05-RD06,temporal_neocortex,N2,8,0.8700692295533501,0.5339196131393009,0.08499841208934003,0.007037288225229381,0.00644974223727958,0.0020712784823676104
sub-RID0356,RD06-RD07,temporal_neocortex,N2,8,0.9294044190456028,0.49230391809980434,0.047291878961691375,0.003934598407054342,0.0034164377911525324,0.0011127721435442214
sub-RID0356,RD07-RD08,temporal_neocortex,N2,8,0.8684495953503015,0.6314186223679766,0.08907587792899274,0.007021156806236294,0.005258398426710732,0.0017410484005634524
sub-RID0356,RE01-RE02,temporal_neocortex,N2,8,0.7566272006659254,0.4679586080671523,0.1333307539000901,0.02807706246107592,0.027675620265223175,0.007806658860716466
sub-RID0356,RE02-RE03,temporal_neocortex,N2,8,0.8572650027782762,0.5262253317137141,0.08243073184373474,0.015162066921303438,0.013843800400918817,0.0036410814173594543
sub-RID0356,RE03-RE04,temporal_neocortex,N2,8,0.7763146222398605,0.4922288977548861,0.12845183786649844,0.024942472696782923,0.02314032080543374,0.00572808138986643
sub-RID0356,RE04-RE05,temporal_neocortex,N2,8,0.8025474619564198,0.4388527870599742,0.12939703143089976,0.014436305497450404,0.016746026553616584,0.005604095749988852
sub-RID0356,RE05-RE06,temporal_neocortex,N2,8,0.5479133135428319,0.41771941922421535,0.22823689712013523,0.06329274995166242,0.057659109071642164,0.011051141639530516
sub-RID0356,RG05-RG06,temporal_neocortex,N2,8,0.7629638265944442,0.49328122783635986,0.1357484379784504,0.029907743876955398,0.02119724578357021,0.0047195499697201
sub-RID0356,RG06-RG07,temporal_neocortex,N2,8,0.8160174153106265,0.5437167522056271,0.1471417018045344,0.006079902891853463,0.0034884097465401687,0.0008974225604163428
sub-RID0356,RG07-RG08,temporal_neocortex,N2,8,0.817317254028732,0.562955059346235,0.12922682413383602,0.012006276809507705,0.006992419507207031,0.0018397304294324958
sub-RID0356,RI02-RI03,temporal_neocortex,N2,8,0.8042320666141372,0.48495450050999744,0.08839657568865562,0.031286872813646296,0.026305520351869928,0.00880281179068709
sub-RID0356,RI03-RI04,temporal_neocortex,N2,8,0.7658042358181467,0.47427147803373,0.1092471296242236,0.0313141599013378,0.037954503806075165,0.013815267017911616
sub-RID0356,RI04-RI05,temporal_neocortex,N2,8,0.5135027322636554,0.3601722779253953,0.18541533627154846,0.0804554551322979,0.10035842384938864,0.03178558435991456
sub-RID0356,RJ07-RJ08,parahippocampal,N2,8,0.7383156261179113,0.43292497488021287,0.1386998636638541,0.03243855673887881,0.022373122180849553,0.006982509895132147
sub-RID0356,RJ08-RJ09,parahippocampal,N2,8,0.7879045776955133,0.525489617510138,0.11466701473862378,0.02213327941222582,0.020717235422225363,0.008141860737042227
sub-RID0356,LA01-LA02,hippocampal,N3,8,0.642436616646298,0.4981782098884545,0.2278678503464223,0.030580376037586926,0.018983960159203835,0.004389840583624339
sub-RID0356,LA02-LA03,hippocampal,N3,8,0.6426137104711859,0.47131778630938836,0.16500720023589263,0.04946050368456006,0.06159571461574243,0.00747540171680114
sub-RID0356,LA03-LA04,hippocampal,N3,8,0.7520687964047452,0.5124010444631184,0.12623366244108852,0.02607985617139516,0.03483901020127814,0.00848401243377737
sub-RID0356,LA04-LA05,hippocampal,N3,8,0.7863955017134796,0.48265419602140547,0.1073166291728912,0.02454561592887601,0.0229543340245346,0.01281245961927509
sub-RID0356,LA07-LA08,temporal_neocortex,N3,8,0.9726446241445743,0.3919913208395105,0.018047207748911696,0.0013442046578294867,0.001274244862603474,0.0004948691389177688
sub-RID0356,LA08-LA09,temporal_neocortex,N3,8,0.961204515296842,0.44723675271365704,0.026908112977957387,0.0018106743740873604,0.0015350747390600987,0.0006436418787214697
sub-RID0356,LA09-LA10,temporal_neocortex,N3,8,0.9840391663810137,0.32099771500879204,0.010941660542099687,0.0007180074941757341,0.00038959745482667273,8.78334607336928e-05
sub-RID0356,LB01-LB02,hippocampal,N3,8,0.7407523159165128,0.5383877214258586,0.13517523257916014,0.03209315319725037,0.038801062499627864,0.010301951036233393
sub-RID0356,LB02-LB03,hippocampal,N3,8,0.8109523165176851,0.47537192900076547,0.10535192067137002,0.021543627627993403,0.0113253391562103,0.0061749753832933095
sub-RID0356,LB03-LB04,hippocampal,N3,8,0.7603054405586734,0.5174247290773921,0.1315824532560239,0.020711890052524176,0.0344682422431886,0.012179541488850617
sub-RID0356,LB04-LB05,hippocampal,N3,8,0.8002815665832477,0.4546524545760635,0.09726964068625632,0.02548842567068709,0.028699691591491678,0.008739572016422233
sub-RID0356,LB09-LB10,temporal_neocortex,N3,8,0.9780627223787408,0.3216229753573367,0.015526327179664772,0.001012664459302427,0.00048352056202557395,0.00010074424231433556
sub-RID0356,LB10-LB11,temporal_neocortex,N3,8,0.8906175492635019,0.32009918291798306,0.06690823839547214,0.009824487371452608,0.006359685003424306,0.00224902207875885
sub-RID0356,LC01-LC02,temporal_neocortex,N3,8,0.9772440309755915,0.3375576783906056,0.014443296022909391,0.0013090130919882503,0.0015097029354727187,0.0007291483869045871
sub-RID0356,LC03-LC04,temporal_neocortex,N3,8,0.988823030661087,0.291373930229784,0.007415572844255697,0.00046782465667516166,0.00042331215469812764,0.00018877428326920964
sub-RID0356,LC04-LC05,temporal_neocortex,N3,8,0.9864380826965952,0.35012563021140475,0.009141798167549736,0.0005076687536406554,0.00042274468967379243,0.00018645371115133847
sub-RID0356,LD05-LD06,temporal_neocortex,N3,8,0.9863567844181529,0.26699490392525405,0.008725062047440084,0.0008082080840367686,0.0007558220790221484,0.0002060674635128538
sub-RID0356,LD06-LD07,temporal_neocortex,N3,8,0.9829184722752855,0.3796277096964683,0.011444561992547045,0.0006313967123200043,0.0005390083887026948,0.00023451455362543639
sub-RID0356,LE04-LE05,temporal_neocortex,N3,8,0.9757836839016176,0.3748056972012482,0.01730995531673926,0.0009697904818192666,0.0006938312123400077,0.00034019047162979125
sub-RID0356,LE05-LE06,temporal_neocortex,N3,8,0.9698736069582874,0.43573482156945537,0.021200835464333885,0.0010487467470293153,0.001126130073557241,0.0005565844679284197
sub-RID0356,LE06-LE07,temporal_neocortex,N3,8,0.9549268086769855,0.46418021532575143,0.027288471782782285,0.002960263497116395,0.0029729113660306554,0.0017499054923159727
sub-RID0356,RA01-RA02,hippocampal,N3,8,0.7771419513845068,0.5822570278028499,0.1256744283210725,0.021387788472334347,0.01632160588225868,0.003382369801042285
sub-RID0356,RA02-RA03,hippocampal,N3,8,0.6205382794981691,0.3938037481217334,0.20078935142689686,0.03862197375127374,0.04459250669318779,0.018645604395581494
sub-RID0356,RA03-RA04,hippocampal,N3,8,0.7761728802722745,0.4729618241191669,0.12474071575423955,0.021148292102114018,0.022248930877196205,0.005514041054436211
sub-RID0356,RA05-RA06,temporal_neocortex,N3,8,0.9195466971584018,0.3779520939287623,0.048405841624997684,0.006514936457557288,0.005256454950645904,0.0013709870691730381
sub-RID0356,RA06-RA07,temporal_neocortex,N3,8,0.941626875924839,0.32088537284427837,0.03967449956039572,0.0031591297691961713,0.0027579784289054428,0.0009799159487557112
sub-RID0356,RA07-RA08,temporal_neocortex,N3,8,0.9682692394591377,0.20492972205859106,0.022937789192937104,0.0010858527409670009,0.0005295044999350878,0.00013576093291958356
sub-RID0356,RA08-RA09,temporal_neocortex,N3,8,0.9049967802181857,0.3674454980639852,0.06623595736983764,0.0038602195703795936,0.002315180765605649,0.0010572100645633113
sub-RID0356,RA09-RA10,temporal_neocortex,N3,8,0.8800870484707932,0.3305771335346791,0.07384925277351899,0.00863381150109915,0.004988268866212658,0.0011927823226180949
sub-RID0356,RB06-RB07,temporal_neocortex,N3,8,0.918429671540596,0.34988965046955534,0.05124513529263699,0.004867733330363151,0.0028744289070583313,0.0011626602320131225
sub-RID0356,RB07-RB08,temporal_neocortex,N3,8,0.9320512247400615,0.3746896298412211,0.038765368788680206,0.00576025672039779,0.005042141261153348,0.001346615011306973
sub-RID0356,RB08-RB09,temporal_neocortex,N3,8,0.9369065725935537,0.3372444281819284,0.037086026446212936,0.00536440237617716,0.0027912579964610136,0.0011612148734488508
sub-RID0356,RB09-RB10,temporal_neocortex,N3,8,0.9587208346418203,0.2568301154564001,0.02885268746046013,0.0019607459307057,0.0007736647444706564,0.0001132541613005847
sub-RID0356,RC01-RC02,temporal_neocortex,N3,8,0.9501303135888688,0.44737818111075883,0.03247192189073007,0.0028353129872884662,0.0022595420789510816,0.001026217426879461
sub-RID0356,RC02-RC03,temporal_neocortex,N3,8,0.9537499730393001,0.4960721366192504,0.029872076492823224,0.002449896910113929,0.0017661004695505187,0.0007381438852183302
sub-RID0356,RC03-RC04,temporal_neocortex,N3,8,0.9799348057964118,0.23297958876609767,0.014683186362537895,0.0006469050991034255,0.00029947639251232745,0.00010143707142879781
sub-RID0356,RC04-RC05,temporal_neocortex,N3,8,0.9796156922413327,0.24903887994171034,0.013850401246133827,0.0009819943970126592,0.0006067247178161072,0.00021885583117857302
sub-RID0356,RD04-RD05,temporal_neocortex,N3,8,0.9706722862297759,0.3604850091520374,0.018232754682944857,0.0016846770738573446,0.001633211278935572,0.0009773156058923889
sub-RID0356,RD05-RD06,temporal_neocortex,N3,8,0.9740647173170561,0.28589447700363035,0.01760510748704766,0.0013499276703581328,0.0010722477885197696,0.0004827579824596257
sub-RID0356,RD06-RD07,temporal_neocortex,N3,8,0.969881258187716,0.3105709147258243,0.020975677750154832,0.0013607334631794213,0.0010600686481698053,0.00044411743189027826
sub-RID0356,RD07-RD08,temporal_neocortex,N3,8,0.9467097766852082,0.33913473833891683,0.0352285054199978,0.0029878889699178875,0.0017064785781751384,0.0007993050116349674
sub-RID0356,RE01-RE02,temporal_neocortex,N3,8,0.9429636411718149,0.41990182840708973,0.03571337731875115,0.004028298277219792,0.0038936976718072103,0.001687801583681238
sub-RID0356,RE02-RE03,temporal_neocortex,N3,8,0.9582457997686658,0.40366493362633804,0.026699281033553436,0.002669984771181119,0.0026866399384063095,0.0010257740403781703
sub-RID0356,RE03-RE04,temporal_neocortex,N3,8,0.9435110836781035,0.3756260187672344,0.034735406364663705,0.0042208507099321755,0.0033602551944703525,0.0015588666040204356
sub-RID0356,RE04-RE05,temporal_neocortex,N3,8,0.9525684086810906,0.3762521677555426,0.03014663548816116,0.0027708010385769487,0.0022323842617167876,0.0013507730260067974
sub-RID0356,RE05-RE06,temporal_neocortex,N3,8,0.8107362465076182,0.4904064691391084,0.11551593664769759,0.01657814720288483,0.011660445195146958,0.004215357275586253
sub-RID0356,RG05-RG06,temporal_neocortex,N3,8,0.9490051566085236,0.37875997751685575,0.029812981129110072,0.004343611087039604,0.0027265612630206805,0.0008220886237781443
sub-RID0356,RG06-RG07,temporal_neocortex,N3,8,0.9734924981485118,0.3708762677920187,0.019389882219048055,0.0007822444918633116,0.0004802962608739098,0.00016946919635473732
sub-RID0356,RG07-RG08,temporal_neocortex,N3,8,0.9613458237716054,0.48502192259417587,0.02568514375493565,0.0017982631972101606,0.0011482060656401024,0.0004394466552132952
sub-RID0356,RI02-RI03,temporal_neocortex,N3,8,0.9480462091349607,0.3951015056999741,0.028806873081033742,0.005213231331234093,0.004272585267778074,0.002418221384099763
sub-RID0356,RI03-RI04,temporal_neocortex,N3,8,0.9558843964416206,0.30788176023697167,0.022740380650486534,0.004422602018398114,0.004498444642222049,0.002725363587303761
sub-RID0356,RI04-RI05,temporal_neocortex,N3,8,0.7777061981029065,0.4741745573864197,0.10808365160128458,0.02700556912314378,0.024063159825557713,0.013962570215875991
sub-RID0356,RJ07-RJ08,parahippocampal,N3,8,0.7952160178364547,0.4388115385082386,0.13012028368936762,0.016886117785998394,0.01055039876303792,0.0020234980674847993
sub-RID0356,RJ08-RJ09,parahippocampal,N3,8,0.941861054575797,0.44778303922180324,0.03242802529828512,0.005480520681514852,0.005901742456429624,0.001787401911011568
sub-RID0356,LA01-LA02,hippocampal,R,8,0.7346448581602321,0.49893547433318,0.11688057833369572,0.0376663234556084,0.031757558039458615,0.013679559714971087
sub-RID0356,LA02-LA03,hippocampal,R,8,0.7573792818222671,0.4909432977194137,0.11412209195051952,0.02681798528270645,0.027802646529859976,0.020129936963042928
sub-RID0356,LA03-LA04,hippocampal,R,8,0.8103931477231627,0.5396805094336067,0.08699454133809695,0.02103280264256499,0.02180622917329187,0.020053087939889455
sub-RID0356,LA04-LA05,hippocampal,R,8,0.9113648018240308,0.617961022045576,0.03803456322633565,0.009745319632160469,0.013277450042767563,0.011782597367431261
sub-RID0356,LA07-LA08,temporal_neocortex,R,8,0.9824580204614162,0.560044290150898,0.011093597817659069,0.0009910458279917026,0.0009750960407258709,0.00037788510279228977
sub-RID0356,LA08-LA09,temporal_neocortex,R,8,0.9747678572963623,0.5800230656704959,0.01649000076383301,0.0014468516232033354,0.0011214268405141524,0.0004477697894359083
sub-RID0356,LA09-LA10,temporal_neocortex,R,8,0.9861467556316068,0.6639725254376431,0.008483555605123951,0.0006030701232581106,0.0003523524184007947,7.681948689521739e-05
sub-RID0356,LB01-LB02,hippocampal,R,8,0.7611302955460231,0.6256317668537491,0.12685330308781095,0.022597927598480776,0.017463794241781374,0.01300205359082357
sub-RID0356,LB02-LB03,hippocampal,R,8,0.7212136553373754,0.5039230697934546,0.13142439724156396,0.03319339311741121,0.027794327682771326,0.030229590579494394
sub-RID0356,LB03-LB04,hippocampal,R,8,0.7443686756262273,0.5857562103021521,0.13510936395881012,0.026234647363182543,0.02073850147241542,0.017058443306290257
sub-RID0356,LB04-LB05,hippocampal,R,8,0.9020255634371331,0.648585297141676,0.04793563141012215,0.009690458868406148,0.012130959905625951,0.012488279515671535
sub-RID0356,LB09-LB10,temporal_neocortex,R,8,0.9778170274131441,0.6559640206261946,0.013899235030815237,0.0013180884633336681,0.0007644558159301054,0.00012281956841121353
sub-RID0356,LB10-LB11,temporal_neocortex,R,8,0.8920856216531683,0.5960317122880334,0.054885029708805384,0.011086417871041223,0.015949993674497457,0.0034884838358760955
sub-RID0356,LC01-LC02,temporal_neocortex,R,8,0.9578039891637457,0.6468995451170388,0.021441340117749678,0.004368079152946113,0.005736303788288098,0.001960232076123368
sub-RID0356,LC03-LC04,temporal_neocortex,R,8,0.9692937282360486,0.6012027744550121,0.02002919888326373,0.0013533871085772092,0.001965238721881462,0.000704059454312893
sub-RID0356,LC04-LC05,temporal_neocortex,R,8,0.9699590947973664,0.6475086200629565,0.02024542400513805,0.001387121898234214,0.0016752473726908182,0.0005400453424742708
sub-RID0356,LD05-LD06,temporal_neocortex,R,8,0.9547462306499979,0.5588058321715164,0.027213371711149847,0.002662633128766382,0.005483300086902596,0.0013295032042920805
sub-RID0356,LD06-LD07,temporal_neocortex,R,8,0.9644151776086852,0.6990307192672582,0.02382327444938601,0.0015656447772504451,0.0024378597109729473,0.0008403150712218226
sub-RID0356,LE04-LE05,temporal_neocortex,R,8,0.7513541706988177,0.4947007624238306,0.15346714972004488,0.016838961460813345,0.03296586595430753,0.005654650086052666
sub-RID0356,LE05-LE06,temporal_neocortex,R,8,0.7550926589528553,0.5696761703410949,0.14612234476848635,0.017871056138141883,0.029890842395009047,0.007519107881983556
sub-RID0356,LE06-LE07,temporal_neocortex,R,8,0.8149453896099156,0.611457657244575,0.09252218915055979,0.018912991801192613,0.03101888712129937,0.011526038118457118
sub-RID0356,RA01-RA02,hippocampal,R,8,0.7074752478482003,0.43872848458409464,0.11149043671082781,0.04455051851687433,0.03542193748549826,0.01904402059472319
sub-RID0356,RA02-RA03,hippocampal,R,8,0.6872381787986886,0.47008661904010146,0.10177553000584821,0.04804190573592697,0.06658387358453965,0.055176615951944105
sub-RID0356,RA03-RA04,hippocampal,R,8,0.7374405472578944,0.4758589209019557,0.08999061891577895,0.039872811708441855,0.056572635515383086,0.0397847148899641
sub-RID0356,RA05-RA06,temporal_neocortex,R,8,0.8888199988035742,0.6369636713661286,0.060851799699547134,0.01335494641938372,0.008990903040811928,0.002974643510866395
sub-RID0356,RA06-RA07,temporal_neocortex,R,8,0.8214096625693967,0.5781434500921945,0.10204056708595574,0.01887269264246905,0.012495224365277353,0.0034367371111657446
sub-RID0356,RA07-RA08,temporal_neocortex,R,8,0.9673489024448931,0.6784979612247949,0.023085624180660357,0.0016450714387662457,0.0009374871084133011,0.0002853701627673334
sub-RID0356,RA08-RA09,temporal_neocortex,R,8,0.8161446816322382,0.6211653087888294,0.13519211749023877,0.007610547395354308,0.007113455518292892,0.0020511459911776685
sub-RID0356,RA09-RA10,temporal_neocortex,R,8,0.8772460415522818,0.6533639954639168,0.07711715197667598,0.010170862114813887,0.008190700316380188,0.001981294574890901
sub-RID0356,RB06-RB07,temporal_neocortex,R,8,0.8240187542852534,0.6018504879633129,0.10720353354792748,0.014359242351111284,0.014970544286543517,0.003005705619990193
sub-RID0356,RB07-RB08,temporal_neocortex,R,8,0.7856500245740238,0.5878435272893525,0.12464334692199544,0.02054989205442688,0.021312750873608816,0.003716242671098516
sub-RID0356,RB08-RB09,temporal_neocortex,R,8,0.9027742722898173,0.7069223669191816,0.05630545624254671,0.008748376880600327,0.008941956163272648,0.001653274481049755
sub-RID0356,RB09-RB10,temporal_neocortex,R,8,0.9375241624159296,0.6925424646254112,0.041773957603067985,0.004154739438758709,0.004811646632189376,0.00030823716057726237
sub-RID0356,RC01-RC02,temporal_neocortex,R,8,0.952036905520145,0.7273188937274904,0.028713304614697073,0.0036814654773029386,0.003601753183535359,0.001115560288492784
sub-RID0356,RC02-RC03,temporal_neocortex,R,8,0.9313559896238786,0.7610899621119986,0.039385077614027875,0.005172701817902034,0.00700234329689233,0.0018907561776744524
sub-RID0356,RC03-RC04,temporal_neocortex,R,8,0.9747553288479025,0.7725730815588396,0.017801273281431367,0.0008817987464585438,0.00102321758902373,0.00019635900899860403
sub-RID0356,RC04-RC05,temporal_neocortex,R,8,0.9664869313401401,0.7355015781273286,0.020064403651185336,0.002218607331133756,0.00348477934680354,0.0006413526272781823
sub-RID0356,RD04-RD05,temporal_neocortex,R,8,0.928508528497862,0.709270136485798,0.044414571901246674,0.00393190172320736,0.005373041299763423,0.001908571781094447
sub-RID0356,RD05-RD06,temporal_neocortex,R,8,0.8905772176992548,0.7367750236370487,0.07191768727297448,0.006278205328161221,0.007267925248318664,0.0019363809047820172
sub-RID0356,RD06-RD07,temporal_neocortex,R,8,0.9336978532109844,0.6914216217142732,0.044842611646453104,0.0035083259964345283,0.00326683193033703,0.0010509181082712258
sub-RID0356,RD07-RD08,temporal_neocortex,R,8,0.93001867574751,0.7100149721343375,0.045179479850593465,0.004578039147763804,0.0042298605598667955,0.0014731968377523536
sub-RID0356,RE01-RE02,temporal_neocortex,R,8,0.6320100839867973,0.455766741836384,0.1671771644876932,0.04094773409196356,0.0721860911220629,0.019116468757634564
sub-RID0356,RE02-RE03,temporal_neocortex,R,8,0.8117453513566333,0.5989974012165331,0.0994831648630657,0.018697711120214115,0.02844661502735969,0.007535293622721765
sub-RID0356,RE03-RE04,temporal_neocortex,R,8,0.6987226100229259,0.5542812679642961,0.15486226838193431,0.03453586358024395,0.050905461566495364,0.009712260130452264
sub-RID0356,RE04-RE05,temporal_neocortex,R,8,0.7670945971827814,0.5485324128201082,0.11843146334965066,0.020856238392583992,0.04172330637187821,0.017764314501580336
sub-RID0356,RE05-RE06,temporal_neocortex,R,8,0.6453525629916885,0.5186179998072769,0.1720376631762162,0.040046498799829765,0.055797025691599965,0.009075154354807219
sub-RID0356,RG05-RG06,temporal_neocortex,R,8,0.7349357346597746,0.539089554556203,0.1370208001269828,0.034794352387264825,0.03485926656947609,0.00950997628711542
sub-RID0356,RG06-RG07,temporal_neocortex,R,8,0.8347180743176204,0.5972296768372967,0.11024358802428239,0.009796960543852169,0.009205801244077178,0.002059792371943947
sub-RID0356,RG07-RG08,temporal_neocortex,R,8,0.8055466839688399,0.5921567043710259,0.11266915965903118,0.015480143901161057,0.02101298742345338,0.0032815915429009646
sub-RID0356,RI02-RI03,temporal_neocortex,R,8,0.5987537846293687,0.4008154425111049,0.11400232418684482,0.06087333981506162,0.14150023434813888,0.02834976460510221
sub-RID0356,RI03-RI04,temporal_neocortex,R,8,0.7771944208696708,0.5746556689647769,0.07058430340546878,0.03418979104931775,0.06387070086867341,0.01925617225894273
sub-RID0356,RI04-RI05,temporal_neocortex,R,8,0.5145102647158137,0.4013777562577806,0.13369737981912722,0.0746646452459838,0.16272388999694065,0.045503389759137106
sub-RID0356,RJ07-RJ08,parahippocampal,R,8,0.8481230359960433,0.5079259040688492,0.0810686208211832,0.015846354818782462,0.01560696554533526,0.009087369695740229
sub-RID0356,RJ08-RJ09,parahippocampal,R,8,0.7889200014194344,0.5763731578781877,0.11074924394236563,0.02433797200573198,0.022606438901093567,0.009898165773145545
sub-RID0365,LA07-LA08,temporal_neocortex,W,8,0.753014537369809,0.5751215738084189,0.13676255755996314,0.025063670871579017,0.021688007819809983,0.006602540512695938
sub-RID0365,LA08-LA09,temporal_neocortex,W,8,0.6673957068637313,0.538360018390539,0.23855562144498282,0.019281867245771512,0.0064894214067451675,0.0016679330965668569
sub-RID0365,LA09-LA10,temporal_neocortex,W,8,0.4993824027586929,0.4552577493921438,0.3016629339072828,0.04389740014551065,0.03684048082642565,0.0327760525612516
sub-RID0365,RA01-RA02,hippocampal,W,8,0.6572745936260451,0.5281743896921198,0.19934339767848033,0.03173289525357223,0.02928326322921853,0.011759045408991342
sub-RID0365,RA02-RA03,hippocampal,W,8,0.7065922626480237,0.5138235860630618,0.13540033104058374,0.04331804237968777,0.04137129358799936,0.01858234934515704
sub-RID0365,RA03-RA04,hippocampal,W,8,0.7028666450003255,0.5179835301747855,0.13920091549680624,0.040709379360968724,0.03804179751668535,0.01782956762481415
sub-RID0365,RA08-RA09,temporal_neocortex,W,8,0.7753069348890181,0.6077835543054533,0.13576953152661267,0.016805054151490535,0.01166834365723651,0.004048760675755457
sub-RID0365,RA09-RA10,temporal_neocortex,W,8,0.7441557081274126,0.5242813766024966,0.14372038395841108,0.0228232783366958,0.01833915042208535,0.009740183210277881
sub-RID0365,RB01-RB02,hippocampal,W,8,0.7608014937508962,0.5638277631250428,0.12790546283260842,0.02786928059376707,0.02515879899758382,0.012284887546964617
sub-RID0365,RB02-RB03,hippocampal,W,8,0.807640915595736,0.5107143658639678,0.0951721734559745,0.024025872975024835,0.023715337690473494,0.011681169811781912
sub-RID0365,RB03-RB04,temporal_neocortex,W,8,0.6653147463210597,0.524170855617583,0.20689719284546332,0.026033256191796944,0.017922898063113216,0.009184927616608456
sub-RID0365,RB04-RB05,temporal_neocortex,W,8,0.6331416280197038,0.47403138437112535,0.22982718746050318,0.02969297594447669,0.015881048316477537,0.004527854876732179
sub-RID0365,RB05-RB06,temporal_neocortex,W,8,0.6936862513336444,0.5085233495447182,0.19305029803127802,0.02673742606934037,0.01082006404010154,0.0020850218265183375
sub-RID0365,RB06-RB07,temporal_neocortex,W,8,0.6984383239662713,0.5009312391661057,0.18719610279310858,0.02634696010861695,0.01072033724105103,0.0028935027813216056
sub-RID0365,RB07-RB08,temporal_neocortex,W,8,0.7330767099129972,0.5187884842015204,0.1610558403572087,0.023090580348222194,0.01092507004129845,0.003131725076012522
sub-RID0365,RB08-RB09,temporal_neocortex,W,8,0.5867943448032825,0.5013253379176956,0.267210304072454,0.033068030905479155,0.009200974957615602,0.001838177214220645
sub-RID0365,RB09-RB10,temporal_neocortex,W,8,0.5008344223744072,0.42451990816872365,0.30698504604309773,0.045899561159131075,0.01774887182227545,0.008781658777769576
sub-RID0365,RC01-RC02,hippocampal,W,8,0.8145394876567369,0.499811827765821,0.10128285711381066,0.018594730933216244,0.018773341531964093,0.010864518106617971
sub-RID0365,RC07-RC08,temporal_neocortex,W,8,0.659622414905787,0.43350047760875104,0.23505316511691687,0.017049818524911026,0.009910270237983295,0.0033963704042383382
sub-RID0365,RC08-RC09,temporal_neocortex,W,8,0.6168178049590787,0.47437094165691446,0.2727328893588614,0.018659895772746,0.008568153215317285,0.002618710756304479
sub-RID0365,RC09-RC10,temporal_neocortex,W,8,0.5834237095210935,0.4480320092718699,0.24707355668801406,0.038293440581982974,0.030795872115333793,0.039109343164079574
sub-RID0365,LA07-LA08,temporal_neocortex,N2,8,0.761420053063145,0.415254349287483,0.14105751207742367,0.021655432627884892,0.01427418835497122,0.004520835253870465
sub-RID0365,LA08-LA09,temporal_neocortex,N2,8,0.7798782226404406,0.47566351436034116,0.13718475457742746,0.020610532887858732,0.005174143999473184,0.0007692044795721005
sub-RID0365,LA09-LA10,temporal_neocortex,N2,8,0.5226585787376442,0.4788184302199838,0.2097754550399317,0.0823623457609163,0.03655527867461862,0.01969692816188261
sub-RID0365,RA01-RA02,hippocampal,N2,8,0.681882223538208,0.5575260293806578,0.15840977763533964,0.03771263285515079,0.02594124333284463,0.011983445487170136
sub-RID0365,RA02-RA03,hippocampal,N2,8,0.6951018991666278,0.5338171964163314,0.14235291647249398,0.04178496256011454,0.04109662450928933,0.014492238499039923
sub-RID0365,RA03-RA04,hippocampal,N2,8,0.7510637761982368,0.6047437870263703,0.1311805609029244,0.028391086545434353,0.02038356091372493,0.010638404914731017
sub-RID0365,RA08-RA09,temporal_neocortex,N2,8,0.8502965485989669,0.5896227920574214,0.08240128706644571,0.01674495341746177,0.007433591224473124,0.00249935249906317
sub-RID0365,RA09-RA10,temporal_neocortex,N2,8,0.7945029561632626,0.6056914562151753,0.10706788840477147,0.023751803341247102,0.01319717269783334,0.006117756775994588
sub-RID0365,RB01-RB02,hippocampal,N2,8,0.7781673514685925,0.6710643125135685,0.11893644285928588,0.024901236389580243,0.01772392418965768,0.009055755768819469
sub-RID0365,RB02-RB03,hippocampal,N2,8,0.8003193949766786,0.5030828560191489,0.09288566654780955,0.03471255552470997,0.019219837991071007,0.00736164812815852
sub-RID0365,RB03-RB04,temporal_neocortex,N2,8,0.7227439256361194,0.5240238702169822,0.143752904893647,0.0395244083811113,0.02022535337153945,0.008185849640372136
sub-RID0365,RB04-RB05,temporal_neocortex,N2,8,0.7113662585919887,0.5020792909914851,0.1539707193390033,0.03729502218098152,0.012521641337202731,0.0036780767007319193
sub-RID0365,RB05-RB06,temporal_neocortex,N2,8,0.64446538326136,0.379999620000974,0.19099525085836067,0.04806714434475939,0.011041406573238034,0.002435133948147204
sub-RID0365,RB06-RB07,temporal_neocortex,N2,8,0.6150203312139524,0.33460259776673756,0.19405214242049373,0.054607156942626994,0.011101328637614172,0.0032164613950919447
sub-RID0365,RB07-RB08,temporal_neocortex,N2,8,0.6409006677729414,0.3787943417482057,0.16274596148253279,0.06188727405097112,0.01564301628146286,0.003504881351056218
sub-RID0365,RB08-RB09,temporal_neocortex,N2,8,0.5443312963057703,0.3946080185398916,0.23680068094914797,0.06429376290908556,0.012036669032196337,0.0020242169810001766
sub-RID0365,RB09-RB10,temporal_neocortex,N2,8,0.4626095879414746,0.3174425168095285,0.26731819925588207,0.07707191023377759,0.017542338720405348,0.0027541011854484766
sub-RID0365,RC01-RC02,hippocampal,N2,8,0.8382719733904695,0.5138705974002801,0.07704216637569133,0.03166955023523352,0.01225505630629501,0.007276307935673029
sub-RID0365,RC07-RC08,temporal_neocortex,N2,8,0.7170765304044614,0.42849343390335026,0.179515033542552,0.027502888992403326,0.007408459388214273,0.0025434646857468222
sub-RID0365,RC08-RC09,temporal_neocortex,N2,8,0.6146511289210392,0.3847256644358287,0.2488732145749453,0.03554101662063115,0.008478511644051208,0.002105970839595914
sub-RID0365,RC09-RC10,temporal_neocortex,N2,8,0.6516572706356918,0.3862194274893912,0.19869684345058444,0.04492718166221171,0.020294353024962943,0.0063726618317435
sub-RID0365,LA07-LA08,temporal_neocortex,N3,8,0.7706425368776514,0.4493026191947084,0.13342113914490802,0.021079375719730314,0.016994924509732175,0.005680050486687943
sub-RID0365,LA08-LA09,temporal_neocortex,N3,8,0.8120676940166449,0.49357554926861247,0.11774632581972455,0.0165967306684694,0.004346920221958201,0.0005362492633529969
sub-RID0365,LA09-LA10,temporal_neocortex,N3,8,0.5544728118199583,0.481001784703881,0.2187138526097132,0.06622564480986048,0.03497374810805168,0.011422581282322198
sub-RID0365,RA01-RA02,hippocampal,N3,8,0.6506100147700893,0.5363461639727909,0.19060601068231428,0.034517426959401104,0.021875958139127568,0.008049405417006751
sub-RID0365,RA02-RA03,hippocampal,N3,8,0.7657540331121515,0.5503166822739862,0.1158951888358655,0.031056532670372602,0.024503878322476674,0.009157044919103782
sub-RID0365,RA03-RA04,hippocampal,N3,8,0.7696009072429923,0.6084685925842954,0.12878264501253853,0.022278796607593847,0.018618350546583368,0.0067379977640614815
sub-RID0365,RA08-RA09,temporal_neocortex,N3,8,0.9087111119789772,0.42605910734614383,0.05237736207662483,0.008417726543849181,0.004409376584499009,0.0010942820135671238
sub-RID0365,RA09-RA10,temporal_neocortex,N3,8,0.8101518849367908,0.5313397945894565,0.09488642095160547,0.020811089979149863,0.014719073596679904,0.0052590225384786205
sub-RID0365,RB01-RB02,hippocampal,N3,8,0.835938008313625,0.6416614030530353,0.08301761922242244,0.019469243014042115,0.01415552914003004,0.004724206833139583
sub-RID0365,RB02-RB03,hippocampal,N3,8,0.8030166328719679,0.5086039572071424,0.0961822909251139,0.030795860191758874,0.014943418129431684,0.003778090480359399
sub-RID0365,RB03-RB04,temporal_neocortex,N3,8,0.8087914488905635,0.44459378084494133,0.10193511413398665,0.022028206993927872,0.012783624305646366,0.005167248136819555
sub-RID0365,RB04-RB05,temporal_neocortex,N3,8,0.7562660386517728,0.40526605632094853,0.12922277962883894,0.029624118775776954,0.009630821675791346,0.002454061536108737
sub-RID0365,RB05-RB06,temporal_neocortex,N3,8,0.7086665369155051,0.3513402813348471,0.13692287610482146,0.044068154869365314,0.010142998438696408,0.0017403704667219848
sub-RID0365,RB06-RB07,temporal_neocortex,N3,8,0.7159759922485539,0.3234653770156044,0.11969252109859907,0.04895652938461558,0.01258869721421431,0.002104273977990509
sub-RID0365,RB07-RB08,temporal_neocortex,N3,8,0.7352253123567574,0.305846306814392,0.09398046214291841,0.055447963400892045,0.017786840419226874,0.002327084112197195
sub-RID0365,RB08-RB09,temporal_neocortex,N3,8,0.5796752501616466,0.34200719384831785,0.19002451319038832,0.06583840863122939,0.01346716164392712,0.0018139543862824964
sub-RID0365,RB09-RB10,temporal_neocortex,N3,8,0.5311337585511582,0.30643225321684464,0.20781368429021996,0.07331659163738861,0.018966550779334335,0.0023576990198764204
sub-RID0365,RC01-RC02,hippocampal,N3,8,0.829877425605257,0.49236220435706396,0.07400619201887658,0.03388777247750886,0.01333345637165842,0.005444314217197894
sub-RID0365,RC07-RC08,temporal_neocortex,N3,8,0.8018702597192973,0.39821151903092544,0.11581219847101965,0.015888721477710938,0.004633013298333612,0.0020214327544532465
sub-RID0365,RC08-RC09,temporal_neocortex,N3,8,0.7474658224334083,0.3711390718055042,0.15584169464126507,0.021033539791632583,0.005895232898418234,0.0013763927722595256
sub-RID0365,RC09-RC10,temporal_neocortex,N3,8,0.7886212641826966,0.33414694171783565,0.1234774836215327,0.024672766632058717,0.014265397900148982,0.0036392201482500037
sub-RID0365,LA07-LA08,temporal_neocortex,R,8,0.7912600069574474,0.5257081041832479,0.10281809452217654,0.02717031185203841,0.02401267554854922,0.01137505797406611
sub-RID0365,LA08-LA09,temporal_neocortex,R,8,0.9083548206866654,0.5165864279731301,0.053314250036452626,0.01019846654317164,0.005516168054075236,0.003842738959399844
sub-RID0365,LA09-LA10,temporal_neocortex,R,8,0.647033106349922,0.533127491832911,0.11437567741288074,0.08001472285082084,0.06317949205178607,0.052286142342244026
sub-RID0365,RA01-RA02,hippocampal,R,8,0.754341340188873,0.5414072394084906,0.12386645546734387,0.03093336995791725,0.02407028216836518,0.009365349598916946
sub-RID0365,RA02-RA03,hippocampal,R,8,0.7837035035457325,0.5612308581802153,0.09568805715679005,0.02818762050506482,0.02843702463881814,0.01898545916308789
sub-RID0365,RA03-RA04,hippocampal,R,8,0.6893718891071458,0.5555417564160596,0.14908460627306472,0.03809844041640027,0.03643315425686419,0.027132773813736376
sub-RID0365,RA08-RA09,temporal_neocortex,R,8,0.8458199366057303,0.6417747377796065,0.08557302109529788,0.014684811305951414,0.013361031346424423,0.005368247901167581
sub-RID0365,RA09-RA10,temporal_neocortex,R,8,0.7702540409125966,0.6214556584854936,0.10905828087755215,0.03042856035927302,0.02013774582460759,0.008622913946628449
sub-RID0365,RB01-RB02,hippocampal,R,8,0.8137131688345322,0.5607193039558461,0.09549242293584023,0.017543266894009996,0.023992615018515923,0.014208281522716578
sub-RID0365,RB02-RB03,hippocampal,R,8,0.8901930358406542,0.5753110079516417,0.05596258697488325,0.009537019675767892,0.016781159957809887,0.010819011320558415
sub-RID0365,RB03-RB04,temporal_neocortex,R,8,0.6841591917582436,0.535992725266769,0.16929133615189368,0.03500980485182197,0.03260324174266728,0.0147663840538423
sub-RID0365,RB04-RB05,temporal_neocortex,R,8,0.727169393347721,0.5934501415882113,0.13084499942208738,0.03170186016775829,0.030881059008295762,0.007185230783747146
sub-RID0365,RB05-RB06,temporal_neocortex,R,8,0.642613203219641,0.48511720024408633,0.18441810523952218,0.04063494710113026,0.01788877059875892,0.005329850590650101
sub-RID0365,RB06-RB07,temporal_neocortex,R,8,0.6712153958414497,0.5089712823993051,0.1522000702679142,0.0441765960230409,0.017546582791421995,0.005220542731050057
sub-RID0365,RB07-RB08,temporal_neocortex,R,8,0.7006778908382274,0.5429586593373795,0.1422397666179575,0.0382511034620559,0.017073605763878265,0.004598633958917061
sub-RID0365,RB08-RB09,temporal_neocortex,R,8,0.6320242449132605,0.4822338009855483,0.2007385181540538,0.03756472306162274,0.011868314901492864,0.0038939789413583825
sub-RID0365,RB09-RB10,temporal_neocortex,R,8,0.46983630780868685,0.3667130125922447,0.23789366610020338,0.07135387035758761,0.028326516287847478,0.012807154304921492
sub-RID0365,RC01-RC02,hippocampal,R,8,0.9058388994608702,0.577769957789778,0.04801795785850757,0.0072226770163951815,0.01474487651927587,0.010704125801320671
sub-RID0365,RC07-RC08,temporal_neocortex,R,8,0.652643346513422,0.46089597391399983,0.18722088551153332,0.03733370868387729,0.019026698877157015,0.005046963425926318
sub-RID0365,RC08-RC09,temporal_neocortex,R,8,0.5208762098810402,0.4182316536210039,0.28687210718024947,0.040978755128839923,0.027341185492018028,0.006170844010953632
sub-RID0365,RC09-RC10,temporal_neocortex,R,8,0.5736975151522016,0.41716495447376023,0.1914899988784715,0.046286215424731,0.05967180418708026,0.09667603536452032
sub-RID0371,LA01-LA02,amygdala,W,8,0.42897551772031545,0.34215078120193587,0.24062903785765022,0.07444506398425048,0.0928016125870913,0.08644889788646395
sub-RID0371,LA02-LA03,amygdala,W,4,0.5817696634804117,0.4605150250716695,0.2088290977883056,0.051967893335042,0.04075386334951858,0.02363339676300487
sub-RID0371,LA03-LA04,amygdala,W,4,0.4764718227571141,0.33062683010286603,0.12455244104081659,0.06331099623417497,0.11585216359401847,0.18530572929111808
sub-RID0371,LA05-LA06,temporal_neocortex,W,4,0.7337991975184555,0.5626356288219582,0.14048167980354492,0.035958121437405344,0.020315387127118948,0.005931837684099429
sub-RID0371,LA06-LA07,temporal_neocortex,W,4,0.6430039331764168,0.5093568123465326,0.16041452295511424,0.05641520309232053,0.02645995557392521,0.0034313228885002878
sub-RID0371,LA07-LA08,temporal_neocortex,W,4,0.5072762361786983,0.38551922558396,0.22850642267214472,0.08672058886772051,0.05307592610698072,0.009537635936831771
sub-RID0371,LA08-LA09,temporal_neocortex,W,4,0.5530980778176663,0.44564762162015126,0.16564075972801923,0.07778031490326068,0.06914654322853697,0.022441129788659996
sub-RID0371,LA09-LA10,temporal_neocortex,W,4,0.36044745310267984,0.3055873352446805,0.24167929959453677,0.12512138107658852,0.07635348496256451,0.011489479131056758
sub-RID0371,LB01-LB02,amygdala,W,4,0.7173925729596193,0.4912967251719531,0.1332542626313264,0.03958818708412551,0.03677590281573522,0.024554203615473783
sub-RID0371,LB05-LB06,temporal_neocortex,W,4,0.5842879288760158,0.43988178058635585,0.24612551765039223,0.047416675958506745,0.027329457872585547,0.006864666074922599
sub-RID0371,LB06-LB07,temporal_neocortex,W,4,0.5498608023853485,0.4013156403211341,0.22934876612077398,0.06261323491862293,0.04710727961327224,0.013965499797961942
sub-RID0371,LB07-LB08,temporal_neocortex,W,4,0.5197721773461221,0.34555837516343646,0.23637815051507646,0.06516573580255206,0.04167555025878139,0.005460731357296387
sub-RID0371,LB08-LB09,temporal_neocortex,W,4,0.45697492302151765,0.3007952983105139,0.2052662745179372,0.10043086827570086,0.06403352081202338,0.010191443123458876
sub-RID0371,LB09-LB10,temporal_neocortex,W,4,0.490986123414648,0.3278643498516438,0.2664154728094306,0.06639302655550836,0.041735470334288455,0.0033795030286380033
sub-RID0371,LC07-LC08,temporal_neocortex,W,4,0.35122954784983196,0.2465735925125993,0.21907530265264377,0.11693354205320601,0.09413620480089722,0.019006642722267417
sub-RID0371,LC08-LC09,temporal_neocortex,W,5,0.34333056397023576,0.25869925206590116,0.2273798505022885,0.11053451903274283,0.1030047412816912,0.042741162940450425
sub-RID0371,LC09-LC10,temporal_neocortex,W,4,0.2767971285730964,0.20005080250897989,0.2836951906966598,0.11279127088996191,0.09924633796005863,0.029023744735364104
sub-RID0371,LC10-LC11,temporal_neocortex,W,4,0.28560696414661585,0.2364203259828198,0.2830145197113876,0.11471505483402017,0.09071806411682072,0.01775229319301687
sub-RID0371,LC11-LC12,temporal_neocortex,W,4,0.45580560147271076,0.3499183340466091,0.2846937982203917,0.04815611186155081,0.03741296130013971,0.006584736007635919
sub-RID0371,RA01-RA02,amygdala,W,4,0.6534230707251703,0.4520115233401119,0.17823648762940783,0.043504242529787567,0.03928837078676454,0.01570736646116241
sub-RID0371,RA02-RA03,amygdala,W,4,0.6877429398788347,0.4708124233710214,0.15409802084518176,0.042121374292082944,0.039042541516001276,0.0208918227028553
sub-RID0371,RA06-RA07,temporal_neocortex,W,4,0.6444195336236462,0.4231668538504714,0.16595140401165542,0.044495520322555326,0.019406204024040755,0.005564661095308255
sub-RID0371,RA07-RA08,temporal_neocortex,W,4,0.4466273142142234,0.3461590081311975,0.28922670538468237,0.06439821531426725,0.04313266039973781,0.011627376360487203
sub-RID0371,RA08-RA09,temporal_neocortex,W,4,0.2858004662230551,0.2333017365717967,0.2863191658381796,0.12445557661064471,0.10478369018758506,0.024459735103221792
sub-RID0371,RA09-RA10,temporal_neocortex,W,4,0.5480290695823302,0.42479609702675947,0.23779302279131223,0.05530928484933657,0.025116872651037445,0.005039138628099713
sub-RID0371,RA10-RA11,temporal_neocortex,W,4,0.4641236060061775,0.3268821693709381,0.18032751084595183,0.09123176407647933,0.08928564195361532,0.031919762678802664
sub-RID0371,RB01-RB02,hippocampal,W,4,0.4315392562627422,0.3296393512029575,0.24735702812114974,0.08507998433768833,0.09484559119558061,0.05207858487656354
sub-RID0371,RB02-RB03,hippocampal,W,4,0.46855515664767744,0.4013546765443816,0.27495814951960446,0.05978005929831715,0.06326671493465057,0.06805961794346362
sub-RID0371,RB03-RB04,hippocampal,W,4,0.4153739383135857,0.35217964715374317,0.370691586519241,0.04458425025818816,0.055993727326033485,0.033613939244498535
sub-RID0371,RB09-RB10,temporal_neocortex,W,4,0.2988484412047022,0.22529298115963614,0.2227166218669692,0.13003262340328228,0.08515710775368258,0.012830482193964897
sub-RID0371,RB10-RB11,temporal_neocortex,W,4,0.26310065331928884,0.2083798056595482,0.343555780283475,0.09823948020967184,0.06931814292501282,0.0069467642701198035
sub-RID0371,RB11-RB12,temporal_neocortex,W,4,0.2892756884925763,0.21951608120386013,0.33216550728900834,0.09450690879428306,0.10042775186816677,0.027997200410144252
sub-RID0371,LA01-LA02,amygdala,N2,8,0.805260979585531,0.5968684904388613,0.09853801273699772,0.022933477789638754,0.017183651518774545,0.012451606273209685
sub-RID0371,LA02-LA03,amygdala,N2,8,0.6667917803583046,0.5410519610510425,0.16983810537525298,0.04202628119328617,0.02776044193433281,0.017315574516035603
sub-RID0371,LA03-LA04,amygdala,N2,8,0.75193130058323,0.3663880166697821,0.0840579680526789,0.026087009806818856,0.03902980781858576,0.05772089297559639
sub-RID0371,LA05-LA06,temporal_neocortex,N2,8,0.759071849296104,0.5330692595174892,0.10029223740175695,0.04105563636307532,0.017850168404524875,0.004512188586333269
sub-RID0371,LA06-LA07,temporal_neocortex,N2,8,0.5240497482154832,0.3927344899949147,0.1751209271172889,0.09673562857936491,0.035156175606670455,0.004213953816546989
sub-RID0371,LA07-LA08,temporal_neocortex,N2,8,0.603521693330594,0.45213603397214286,0.1667180243056453,0.07059420707573706,0.02185461354080761,0.0037197443366353143
sub-RID0371,LA08-LA09,temporal_neocortex,N2,8,0.5061937415498792,0.38333547261793693,0.1677284149197686,0.10635184782055954,0.05808733872217566,0.009569796505626893
sub-RID0371,LA09-LA10,temporal_neocortex,N2,8,0.4092928501453373,0.34640956203473716,0.3020602673960612,0.08117342659428171,0.03203780527685268,0.0017395443647089804
sub-RID0371,LB01-LB02,amygdala,N2,8,0.6081632046127656,0.345694372474049,0.12977041796132965,0.0627798824115478,0.07537240028332609,0.08972588674074239
sub-RID0371,LB05-LB06,temporal_neocortex,N2,8,0.6547618929198923,0.4715296557192538,0.1574498852644641,0.05004423007254061,0.0227273230226263,0.003955651154618639
sub-RID0371,LB06-LB07,temporal_neocortex,N2,8,0.6742285906837897,0.43480250802080234,0.1345686251105569,0.052152331054213893,0.03843713939828709,0.008966837061366651
sub-RID0371,LB07-LB08,temporal_neocortex,N2,8,0.776561302179083,0.41856826008177356,0.08903904055260643,0.04006408059152931,0.022307307457764818,0.002451850931413254
sub-RID0371,LB08-LB09,temporal_neocortex,N2,8,0.7167530489865355,0.3624385281718543,0.08276733624357817,0.06429267961169324,0.04552244871539843,0.0036040775948004895
sub-RID0371,LB09-LB10,temporal_neocortex,N2,8,0.7593189553275248,0.43125871373012953,0.10102122638266253,0.04333914075432309,0.026396006536634167,0.0013990718059796626
sub-RID0371,LC07-LC08,temporal_neocortex,N2,8,0.4945403057088309,0.32168401877748753,0.16632079499271632,0.11526616742345835,0.08308637771843845,0.009028450876614625
sub-RID0371,LC08-LC09,temporal_neocortex,N2,8,0.5894246275703445,0.40605509843131005,0.14895311770867706,0.08482485310571317,0.054070484905038144,0.0068891223645938995
sub-RID0371,LC09-LC10,temporal_neocortex,N2,8,0.4131080890840195,0.2802912111082251,0.21159611500839645,0.09994471298729135,0.09110937107780832,0.0239491891427015
sub-RID0371,LC10-LC11,temporal_neocortex,N2,8,0.508793037000123,0.34079482463596733,0.20970968471853313,0.07177492972778124,0.05031207132606305,0.008975957686486307
sub-RID0371,LC11-LC12,temporal_neocortex,N2,8,0.6362706765614441,0.4596589570443398,0.18985047547615214,0.04059853764838552,0.026006998071113188,0.00502527460080859
sub-RID0371,RA01-RA02,amygdala,N2,8,0.7966754616930543,0.6083836158348563,0.09973788028691008,0.02585775933727829,0.01686666693806111,0.007868634406165661
sub-RID0371,RA02-RA03,amygdala,N2,8,0.753971687913582,0.5341457807457131,0.11461789760518205,0.036862035603581325,0.025209222065515124,0.01627498516428829
sub-RID0371,RA06-RA07,temporal_neocortex,N2,8,0.610555206647346,0.3722616458158209,0.2084343721460562,0.032062756509340776,0.014720636700320108,0.004327763613351462
sub-RID0371,RA07-RA08,temporal_neocortex,N2,8,0.4290904700690833,0.33045030978014833,0.29529603418506,0.0692869924323113,0.03842658650943918,0.009223625953326582
sub-RID0371,RA08-RA09,temporal_neocortex,N2,8,0.35121594574931086,0.26868644982181394,0.2783361778268444,0.09523972394787072,0.0629028256913954,0.008262554337664443
sub-RID0371,RA09-RA10,temporal_neocortex,N2,8,0.5539949525615395,0.4055378873243449,0.234353166822529,0.05317765809641957,0.018592280202245796,0.001672552435299803
sub-RID0371,RA10-RA11,temporal_neocortex,N2,8,0.47567368281858435,0.3356844277261767,0.2220658639770013,0.08174199147561349,0.07043420033087386,0.010719566468685902
sub-RID0371,RB01-RB02,hippocampal,N2,8,0.7019133440469421,0.5398941145652199,0.12235795020843286,0.04740573140868905,0.05545441943010643,0.025126494236515706
sub-RID0371,RB02-RB03,hippocampal,N2,8,0.6236904436511203,0.5124286918640298,0.1391007233542195,0.07820191440757182,0.05301825271622139,0.041199990003796316
sub-RID0371,RB03-RB04,hippocampal,N2,8,0.6122650859640434,0.4939492716180476,0.14191125507708224,0.08493262194828068,0.05959518380283956,0.023861690275123033
sub-RID0371,RB09-RB10,temporal_neocortex,N2,8,0.46778246829444126,0.3070809313712149,0.164623112105899,0.11370487806170618,0.07433775608790258,0.007583734659182378
sub-RID0371,RB10-RB11,temporal_neocortex,N2,8,0.4880967959244569,0.36181632889728776,0.19467715069681923,0.10281171128706673,0.06923582761870065,0.004116330587662895
sub-RID0371,RB11-RB12,temporal_neocortex,N2,8,0.4665626584371233,0.3337603413673416,0.18411141591338043,0.10625776256004274,0.09053883992960281,0.020758158934552365
sub-RID0371,LA01-LA02,amygdala,N3,8,0.7372024538624227,0.4775450488744063,0.13581397340552243,0.031239943193519602,0.024517983810908278,0.011320765961623925
sub-RID0371,LA02-LA03,amygdala,N3,8,0.6628813897612393,0.4577988473463016,0.17721716413406924,0.04226512535691347,0.029070251115963834,0.008926394257923718
sub-RID0371,LA03-LA04,amygdala,N3,8,0.6686824502197981,0.39273017106289715,0.14060540019371523,0.03475396403190963,0.03919296607129322,0.05653061303075829
sub-RID0371,LA05-LA06,temporal_neocortex,N3,8,0.6826966744653098,0.41557050994251094,0.1782786045120101,0.03093490359072558,0.02002956793885021,0.004636441741404677
sub-RID0371,LA06-LA07,temporal_neocortex,N3,8,0.48740493885791836,0.2567563186667939,0.288744143189417,0.05770619444541071,0.03007620007665934,0.0031950691836294255
sub-RID0371,LA07-LA08,temporal_neocortex,N3,8,0.6825065679906444,0.36782376933427796,0.1930852804030922,0.025703671454022047,0.013724875108420964,0.003711954402352452
sub-RID0371,LA08-LA09,temporal_neocortex,N3,8,0.47741617051180985,0.32437449857616213,0.23509572795835326,0.0862588443306066,0.05330530396815342,0.007887695551222089
sub-RID0371,LA09-LA10,temporal_neocortex,N3,8,0.4320337159436485,0.3097077564570514,0.27881574951589994,0.0824796912582476,0.04209113756884071,0.0034310882867088634
sub-RID0371,LB05-LB06,temporal_neocortex,N3,8,0.7964998706142067,0.41941695554066455,0.11758324400560272,0.019901212914772003,0.013347613028433871,0.0041984016875603785
sub-RID0371,LB06-LB07,temporal_neocortex,N3,8,0.8226396485359401,0.42538241292116175,0.08579287570540454,0.02181732679499582,0.02079028836037956,0.00807845609175695
sub-RID0371,LB07-LB08,temporal_neocortex,N3,8,0.8421762555182479,0.4836948804424305,0.08734361096181417,0.017315319800907506,0.014810786186893216,0.0029146599913119978
sub-RID0371,LB08-LB09,temporal_neocortex,N3,8,0.7850552869080085,0.4427864247727063,0.09718190673863303,0.030455951295123254,0.03402756039014271,0.005449091274772782
sub-RID0371,LB09-LB10,temporal_neocortex,N3,8,0.8990749911947266,0.4660127878707523,0.05420066742202919,0.011642759029416867,0.011276480423827798,0.0011912505082208407
sub-RID0371,LC07-LC08,temporal_neocortex,N3,8,0.8916114324991509,0.37953891941706985,0.05840564907973726,0.012289502824305805,0.012019433692868797,0.0027754106821123747
sub-RID0371,LC08-LC09,temporal_neocortex,N3,8,0.8295080098260594,0.4301867666699156,0.09011610434284387,0.019578503511323012,0.019612530630520784,0.0050151548747725105
sub-RID0371,LC09-LC10,temporal_neocortex,N3,8,0.7202166424098253,0.4623509872061409,0.11296112367394293,0.03435993290597902,0.05256180979218519,0.03402349253923095
sub-RID0371,LC10-LC11,temporal_neocortex,N3,8,0.7660384840293856,0.5075917254254789,0.12384254871742284,0.023388242968091007,0.027937366731298523,0.0112472494503673
sub-RID0371,LC11-LC12,temporal_neocortex,N3,8,0.8452193805576655,0.4333246552023381,0.0782806976256798,0.014648764299195514,0.02249084289158984,0.009576691504997879
sub-RID0371,RA01-RA02,amygdala,N3,8,0.7165019412803639,0.48370356180066737,0.17014491588572805,0.027603436426652632,0.01811054596485205,0.007002790477213781
sub-RID0371,RA02-RA03,amygdala,N3,8,0.7033462441699918,0.4671834937846676,0.17342450754310615,0.02838524623404698,0.018159801783119513,0.011616353491699833
sub-RID0371,RA06-RA07,temporal_neocortex,N3,8,0.8595623330876021,0.41762291761518144,0.10094611318906262,0.0049298521958856985,0.003209480520071881,0.0008649152706300303
sub-RID0371,RA07-RA08,temporal_neocortex,N3,8,0.732226469525121,0.4117966161753434,0.13389448357287811,0.031403686822707944,0.02236909093858237,0.007814602061410346
sub-RID0371,RA08-RA09,temporal_neocortex,N3,8,0.6453614670572538,0.40795812769094447,0.17887164773979647,0.04437410088840335,0.038080139520652666,0.01155549626983854
sub-RID0371,RA09-RA10,temporal_neocortex,N3,8,0.7308934662124604,0.43753779002858006,0.16214447686904498,0.024114648768456433,0.010896789335668643,0.0028511125299688048
sub-RID0371,RA10-RA11,temporal_neocortex,N3,8,0.7849351760326939,0.4632468026102006,0.11241592737953734,0.023605734908759966,0.028741039246527787,0.006430543491908108
sub-RID0371,RB01-RB02,hippocampal,N3,8,0.7675976680193674,0.5918080213760923,0.10597451114568213,0.031341564689887094,0.037606492577064915,0.01461321968422408
sub-RID0371,RB02-RB03,hippocampal,N3,8,0.6590069889780561,0.4749955389586017,0.16265489193454385,0.06164671102559903,0.038868524957843195,0.019659329300480165
sub-RID0371,RB03-RB04,hippocampal,N3,8,0.6889161917155817,0.5011720704117256,0.12621347337789596,0.0701386616141276,0.043907296728650694,0.010288507235980071
sub-RID0371,RB09-RB10,temporal_neocortex,N3,8,0.8633472630230384,0.4116097858974881,0.06611442581908253,0.01722216659926681,0.0209933133178142,0.004264961790571845
sub-RID0371,RB10-RB11,temporal_neocortex,N3,8,0.7759825118326882,0.45039400142047104,0.12566926657620975,0.023208912569635705,0.027648613384594355,0.004998733538353837
sub-RID0371,RB11-RB12,temporal_neocortex,N3,8,0.7800897373327987,0.4321933830952148,0.11286132312398789,0.02699815903757058,0.030731208921066618,0.016240103829787404
sub-RID0371,LB01-LB02,amygdala,N3,1,0.8016344585496927,0.420852577277682,0.09559673441596386,0.018664166277778796,0.020071906690590897,0.0076070576100173174
sub-RID0382,LA01-LA02,amygdala,W,8,0.7004361821618563,0.46446659213712527,0.1527298139187948,0.027705975958592165,0.03132025881412991,0.02577712720302562
sub-RID0382,LA02-LA03,amygdala,W,8,0.6465990645900725,0.41022372462827394,0.16574724706802474,0.04190059270930121,0.03480462990110306,0.04857303322067076
sub-RID0382,LA03-LA04,hippocampal,W,8,0.5670290499791022,0.4135942277759056,0.18562571986127474,0.05478642893128524,0.05144426116304365,0.04302774756875616
sub-RID0382,LB01-LB02,parahippocampal,W,8,0.5559928846785605,0.4151847220422268,0.2469192067892427,0.036656758365305006,0.02905568945433328,0.016829532070301897
sub-RID0382,LB02-LB03,parahippocampal,W,8,0.7347301517242253,0.5040251116875103,0.13018452655999732,0.028382371610061477,0.016679349543623254,0.00653616096446333
sub-RID0382,LB06-LB07,temporal_neocortex,W,8,0.30746248212686034,0.21025404754343935,0.14567329897124,0.15499806264748428,0.08846410017572481,0.024825823654142088
sub-RID0382,RA01-RA02,hippocampal,W,8,0.5959904555649849,0.4378233916661433,0.2256395047827131,0.040891756913872826,0.03901101303915134,0.02577768843789778
sub-RID0382,RA02-RA03,hippocampal,W,8,0.5906814163159178,0.40431152937880055,0.22019313023579865,0.038949513819395105,0.022945870635910283,0.010531133595525084
sub-RID0382,RA03-RA04,hippocampal,W,8,0.5232448369516896,0.3797592545569136,0.20193759503960668,0.0659682872749254,0.05637286871838082,0.02596730129055968
sub-RID0382,RB01-RB02,hippocampal,W,8,0.42944876119799136,0.2872496697548834,0.2445467407171213,0.08370854994596805,0.025794136595871618,0.01393871715508552
sub-RID0382,RC01-RC02,hippocampal,W,8,0.7024445142913712,0.5234415126522496,0.1688321980034195,0.031191433684845296,0.021781890687498657,0.009919960904871059
sub-RID0382,RC02-RC03,hippocampal,W,8,0.6174302517579773,0.4557854267986545,0.20690481166834157,0.04334218261475681,0.03053272050182059,0.014052084246559514
sub-RID0382,RD04-RD05,temporal_neocortex,W,8,0.28775952740849964,0.20380281612532147,0.16608013752590198,0.16266187562511264,0.06859422114190963,0.012028577104824138
sub-RID0382,RD05-RD06,temporal_neocortex,W,8,0.312408918089797,0.20648518063665847,0.1744593653986674,0.14948409252822722,0.08157521218269487,0.024695749430905113
sub-RID0382,RH01-RH02,parahippocampal,W,8,0.566065086260729,0.3699838806313024,0.18415032783860785,0.056953721208976,0.04308214479470677,0.015049164413546263
sub-RID0392,LA01-LA02,amygdala,W,8,0.447461188370706,0.37773381937530637,0.27855522909645825,0.06320940593330937,0.06890871608900082,0.06014023984343706
sub-RID0392,LA02-LA03,amygdala,W,8,0.5327995899049941,0.3493830291393399,0.1851797333149744,0.06507615874193688,0.0788158536470477,0.06383583602443335
sub-RID0392,LA03-LA04,amygdala,W,8,0.48743566521271664,0.3431903771314016,0.19306768355162446,0.07780945926244473,0.09021980795630444,0.06568535696900152
sub-RID0392,LA07-LA08,temporal_neocortex,W,8,0.5183244345633701,0.35100548745875076,0.21961702608833794,0.059244431113783275,0.0761157755105471,0.06559618310953357
sub-RID0392,LA08-LA09,temporal_neocortex,W,8,0.49202777368164174,0.34546182260841873,0.22068792130608345,0.0674450193732448,0.08469133854929797,0.06926674432844399
sub-RID0392,LA09-LA10,temporal_neocortex,W,8,0.5208080388422158,0.3347874393586473,0.18053395842800252,0.06823057605071119,0.09286875154646977,0.06763338184868783
sub-RID0392,LA10-LA11,temporal_neocortex,W,8,0.5898581717091307,0.3857308773032214,0.1601335562151268,0.05911885203701785,0.07184702350985944,0.055234932222379116
sub-RID0392,LB01-LB02,hippocampal,W,8,0.4644674270363927,0.3615062923645713,0.21265592810247103,0.07582802359554042,0.09002035457964468,0.10143654449460389
sub-RID0392,LB02-LB03,hippocampal,W,8,0.5163802986248945,0.35844429832360064,0.18423933246110144,0.07562162503519988,0.08185195258212899,0.07839051715409316
sub-RID0392,LB08-LB09,temporal_neocortex,W,8,0.6271561687811044,0.3606191470481991,0.1278873824984694,0.05789963344081667,0.06890147671307571,0.05192228757971351
sub-RID0392,LB09-LB10,temporal_neocortex,W,8,0.5622573938783133,0.35518699390195146,0.15783663118924657,0.06284001168577195,0.0836335021827375,0.05944202173566694
sub-RID0392,LB10-LB11,temporal_neocortex,W,8,0.5200563436705516,0.3580476855126349,0.17357979236367238,0.06965149231257992,0.0912805049705421,0.06921028649680722
sub-RID0392,LC01-LC02,hippocampal,W,8,0.49059153452731685,0.3847395877937809,0.19269812939737935,0.07633380929087483,0.0923964152817092,0.07592991674569094
sub-RID0392,LC02-LC03,hippocampal,W,8,0.5705995706614377,0.4075072580978501,0.16358392651174988,0.07000566232382995,0.07198945481291212,0.054907616742661855
sub-RID0392,LC06-LC07,temporal_neocortex,W,8,0.5182563304578846,0.35548414538712847,0.22605713644985254,0.05768771637892493,0.0724001670954823,0.06220411729638453
sub-RID0392,LC07-LC08,temporal_neocortex,W,8,0.5374743510053566,0.3577916332917526,0.20815565172789696,0.06073904614291897,0.07129680160030336,0.06149979922821274
sub-RID0392,LC09-LC10,temporal_neocortex,W,5,0.3044408330071544,0.24714280105949743,0.24213571555868416,0.11477621133738884,0.1361129091341707,0.10672433814689633
sub-RID0392,LC10-LC11,temporal_neocortex,W,5,0.45182642406737744,0.31468451612531945,0.18286799634794865,0.08968846213015373,0.11091961859070101,0.08608288720177303
sub-RID0392,RB01-RB02,hippocampal,W,8,0.47389899459048995,0.3755387158031819,0.18830341181999016,0.08693107950646661,0.09337376862183593,0.07557552646331277
sub-RID0392,RB02-RB03,hippocampal,W,8,0.49288791704341717,0.3714723572959391,0.1730810132438806,0.08123123069220987,0.1010787766084959,0.08270154942830991
sub-RID0392,RB03-RB04,hippocampal,W,8,0.4983427669564334,0.3678057537435297,0.1766299713878392,0.08427695990827432,0.09430928533845567,0.08636228348335709
sub-RID0392,RB09-RB10,temporal_neocortex,W,8,0.5096624159534333,0.38091986109168974,0.19033936097995632,0.06905786979727262,0.08294597747407446,0.059918406956590876
sub-RID0392,RB10-RB11,temporal_neocortex,W,8,0.580363720924855,0.3826837799208468,0.15874230710254872,0.06014836247065221,0.07473226774920122,0.05482848532474267
sub-RID0392,RB11-RB12,temporal_neocortex,W,8,0.4981969694420073,0.38692217735421924,0.1980862548782848,0.069582183215019,0.0854885313692183,0.0651969541123325
sub-RID0392,RC01-RC02,hippocampal,W,8,0.47555652916301483,0.40192270723138135,0.18908221354515617,0.07776878931464029,0.09784189858627781,0.17068881163352886
sub-RID0392,RC02-RC03,hippocampal,W,8,0.507645862540045,0.3529173035025218,0.17270988282715138,0.10187361658797593,0.08548840158211471,0.06861609089830616
sub-RID0392,RC03-RC04,hippocampal,W,8,0.4281432413171131,0.32630115969921264,0.21111912182840425,0.08774198773102633,0.1096364181539165,0.0963898521409952
sub-RID0392,RC10-RC11,temporal_neocortex,W,3,0.6379825769907445,0.3831631399354143,0.15094178871579841,0.05664158507678,0.06014820715959534,0.014812500255168398
sub-RID0392,LA01-LA02,amygdala,N2,8,0.6748830856650677,0.5238882190132236,0.19203142422820427,0.029787700605722098,0.02403549668335421,0.01473413193169015
sub-RID0392,LA02-LA03,amygdala,N2,8,0.7356500995043262,0.5421748385788205,0.14057097775476957,0.029734552771846504,0.020319339635525083,0.014099165241406798
sub-RID0392,LA03-LA04,amygdala,N2,8,0.732871129975146,0.5144303275719883,0.14166783057218224,0.027693695483366015,0.017623064766372196,0.016652850932459835
sub-RID0392,LA07-LA08,temporal_neocortex,N2,8,0.713820735881536,0.4613311427865385,0.16095356118302356,0.02775648876639812,0.020884889414674052,0.00566921801296136
sub-RID0392,LA08-LA09,temporal_neocortex,N2,8,0.724958199874469,0.48841113279570636,0.13233533348485238,0.03243738546096793,0.03567021913792033,0.012306813862375192
sub-RID0392,LA09-LA10,temporal_neocortex,N2,8,0.7217681129176956,0.4879294379844056,0.19129989484285265,0.015387439878550782,0.0094275539832425,0.0018929919222441401
sub-RID0392,LA10-LA11,temporal_neocortex,N2,8,0.6329462004196993,0.4450363207229522,0.187991537057731,0.04341690270270588,0.04370421844429675,0.014450814611741247
sub-RID0392,LB01-LB02,hippocampal,N2,8,0.6345335577928113,0.5179530268783901,0.23140241995382785,0.02735063207447783,0.01419349672393651,0.010354358050721244
sub-RID0392,LB02-LB03,hippocampal,N2,8,0.7916239405447032,0.5485428795354831,0.1220240106647833,0.01586813979982921,0.015378792937969385,0.017610536879263394
sub-RID0392,LB08-LB09,temporal_neocortex,N2,8,0.5489253644969785,0.36777332396023926,0.1633002038198771,0.07198554441792772,0.04509574952967782,0.01752272687336991
sub-RID0392,LB09-LB10,temporal_neocortex,N2,8,0.7078411147498258,0.4336935731096594,0.13086182508120445,0.03546719999488443,0.025864686482598764,0.009664005183381794
sub-RID0392,LB10-LB11,temporal_neocortex,N2,8,0.39266215922783126,0.28997617184101665,0.20037152866372904,0.10011591037524153,0.092444399270876,0.06188340488874667
sub-RID0392,LC01-LC02,hippocampal,N2,8,0.8118077842371928,0.5727205226385252,0.10038980037197513,0.014942082502165832,0.0209541667205807,0.027661596231985823
sub-RID0392,LC02-LC03,hippocampal,N2,8,0.7497073508159746,0.5630724109922352,0.14791004892261694,0.017476593996747475,0.019594893247942315,0.022486041050805566
sub-RID0392,LC06-LC07,temporal_neocortex,N2,8,0.7372888516537254,0.5096905572523663,0.13226718269246562,0.02936290400207605,0.01902728674957936,0.005751069695028921
sub-RID0392,LC07-LC08,temporal_neocortex,N2,8,0.7773502389368805,0.47116485552260756,0.1176942192859476,0.02728107499144905,0.01709042239517052,0.0045720955780709175
sub-RID0392,LC09-LC10,temporal_neocortex,N2,8,0.8365686005132102,0.5020396015422246,0.09818899202407264,0.013027471638591198,0.010044865792642027,0.003751948272651536
sub-RID0392,LC10-LC11,temporal_neocortex,N2,8,0.8815638438720536,0.5069045662328302,0.06966828459635394,0.009136790754433678,0.008352758404744304,0.00408311558646496
sub-RID0392,RB01-RB02,hippocampal,N2,8,0.6593285639188569,0.5282176350757359,0.17168491736985725,0.042986505308954565,0.02855164698936881,0.021938537912128516
sub-RID0392,RB02-RB03,hippocampal,N2,8,0.7284757462354797,0.49419616318686543,0.105426075508319,0.036215206550859615,0.045509885967282594,0.056611236574635175
sub-RID0392,RB03-RB04,hippocampal,N2,8,0.8512645189859562,0.5940393631899145,0.08187188196063803,0.010978604405984284,0.014130550135334614,0.018669170602003248
sub-RID0392,RB09-RB10,temporal_neocortex,N2,8,0.567816083319124,0.3763693740148353,0.17737051564266243,0.03365662181446604,0.017441181648322986,0.0027192810298210333
sub-RID0392,RB10-RB11,temporal_neocortex,N2,8,0.8468943321234141,0.4924349253002687,0.08353721555090741,0.009374856700410014,0.0064828261599620875,0.0024261309022846574
sub-RID0392,RB11-RB12,temporal_neocortex,N2,8,0.6937413285403822,0.4922589241554387,0.16492264617549052,0.02624154507814839,0.011537007619847845,0.0023409626116137772
sub-RID0392,RC01-RC02,hippocampal,N2,8,0.7226265399101942,0.5736543690393112,0.17418959831459152,0.016650168768865367,0.018798987273826867,0.020528662276367036
sub-RID0392,RC02-RC03,hippocampal,N2,8,0.8215155505984072,0.5910085943185586,0.09039725927764,0.017269395443528297,0.020116576904526735,0.025027090267868184
sub-RID0392,RC03-RC04,hippocampal,N2,8,0.6223592118425927,0.47327612644290695,0.17885241103885008,0.03675981749053947,0.036259111054633725,0.04006953745404356
sub-RID0392,RC10-RC11,temporal_neocortex,N2,8,0.6341879001174996,0.3917116908364085,0.12930751784143862,0.0663693361442577,0.05344583232638306,0.03669697056868158
sub-RID0392,LA01-LA02,amygdala,N3,8,0.7211235325870089,0.5466524992472159,0.1943642406585317,0.012742383558715658,0.00786740267786199,0.003953506293344013
sub-RID0392,LA02-LA03,amygdala,N3,8,0.8105163691856527,0.5200447442674366,0.12820412221249214,0.01174943310616822,0.006485272515793122,0.003898109535375034
sub-RID0392,LA03-LA04,amygdala,N3,8,0.8208203243935639,0.5563819388862901,0.11741535559661476,0.009500678181393031,0.004845879865275601,0.0027237435790920432
sub-RID0392,LA07-LA08,temporal_neocortex,N3,8,0.8782098101299469,0.39062734615984995,0.07780014478070103,0.008338884206095225,0.010708533912675315,0.003508855737887032
sub-RID0392,LA08-LA09,temporal_neocortex,N3,8,0.8472724519868371,0.4555350690850364,0.08096206679377202,0.014511841962842638,0.016918517706088727,0.01035208582589765
sub-RID0392,LA09-LA10,temporal_neocortex,N3,8,0.8734997728538064,0.3658601679886998,0.10479962040749294,0.003045364900214207,0.00166689223624851,0.0003281540170514498
sub-RID0392,LA10-LA11,temporal_neocortex,N3,8,0.8462514933925234,0.3893145641089083,0.09990202470393267,0.0121411566460181,0.014857143333223051,0.0029330506406560096
sub-RID0392,LB01-LB02,hippocampal,N3,8,0.7026174430592342,0.47997044152374113,0.2288946468506548,0.01163978057445786,0.0047976374263065166,0.0024696358321321388
sub-RID0392,LB02-LB03,hippocampal,N3,8,0.8203470105098192,0.4602950947168811,0.11716103862321012,0.013072126344314665,0.00686054233299143,0.003101557873674197
sub-RID0392,LB08-LB09,temporal_neocortex,N3,8,0.7802486113031968,0.394263912771636,0.07503390209777634,0.030337610841588515,0.05325462719952103,0.02741229335210932
sub-RID0392,LB09-LB10,temporal_neocortex,N3,8,0.7995035953314436,0.40258701749442594,0.12528681844328515,0.01719412676326175,0.014621550061179477,0.005401091232470559
sub-RID0392,LB10-LB11,temporal_neocortex,N3,8,0.6228609029282697,0.362877565401316,0.17845508613082026,0.04868896282797634,0.05286094134994479,0.017892845905302667
sub-RID0392,LC01-LC02,hippocampal,N3,8,0.7901731168129602,0.610457723449918,0.12495780526929576,0.018792636878405378,0.01206579388808484,0.008597406327553824
sub-RID0392,LC02-LC03,hippocampal,N3,8,0.7748321728157415,0.5853625492665064,0.13786386754325042,0.024833682586857975,0.009164243649034249,0.005281880978644364
sub-RID0392,LC06-LC07,temporal_neocortex,N3,8,0.8761340364211851,0.4711741943027918,0.06269269992026905,0.015650584659027453,0.014419101969105962,0.0043053652688571165
sub-RID0392,LC07-LC08,temporal_neocortex,N3,8,0.8874389012865948,0.35046269195160484,0.06283311186349848,0.011917900677693506,0.01103109836724872,0.003763674557963575
sub-RID0392,LC09-LC10,temporal_neocortex,N3,8,0.8334467701124901,0.40290970199229353,0.12967798466507696,0.006823795659106499,0.003547570650701449,0.0005373093749738749
sub-RID0392,LC10-LC11,temporal_neocortex,N3,8,0.9152983387450448,0.38446485677979014,0.06689355679634848,0.002093216570291102,0.0008120779742131477,0.0002290030311089067
sub-RID0392,RB01-RB02,hippocampal,N3,8,0.7684513729973373,0.6210998824494943,0.15278636032149762,0.010768432937013067,0.007307180043120419,0.0046033827290151924
sub-RID0392,RB02-RB03,hippocampal,N3,8,0.7691744430920575,0.5965954127938158,0.13964638796030773,0.016745259274960636,0.013527684362641691,0.011684702513739716
sub-RID0392,RB03-RB04,hippocampal,N3,8,0.8282538987389094,0.5686556096281312,0.09936955660721508,0.019588029007791892,0.008814025531322335,0.005712052751151164
sub-RID0392,RB09-RB10,temporal_neocortex,N3,8,0.7852687099130725,0.3879490267465233,0.1623847530708642,0.005691799670191789,0.0016563914334240908,0.0003943379559499414
sub-RID0392,RB10-RB11,temporal_neocortex,N3,8,0.9264454801504207,0.36493651926675286,0.05718974929657686,0.0023090726847999283,0.0008039254364793262,0.00019685912848792017
sub-RID0392,RB11-RB12,temporal_neocortex,N3,8,0.8785748349043749,0.45859622192970817,0.08765110243982038,0.004964732847525563,0.0014349418614973694,0.0003052755068603002
sub-RID0392,RC01-RC02,hippocampal,N3,8,0.7632934051983276,0.6230977822529165,0.1408809751242383,0.018957156037172723,0.015869293368820665,0.009743421752371147
sub-RID0392,RC02-RC03,hippocampal,N3,8,0.7821269206293968,0.5965421644583382,0.11788199793423809,0.035898457494148675,0.010985563276954786,0.006064209748629678
sub-RID0392,RC03-RC04,hippocampal,N3,8,0.8022957245707322,0.49730491865578985,0.11986362533421453,0.01846729090618181,0.010463198341874501,0.008002069830512885
sub-RID0392,RC10-RC11,temporal_neocortex,N3,8,0.8788916896947623,0.36036110906831753,0.0767736689470443,0.011003890017767682,0.005125393630376888,0.0017602085078121939
sub-RID0394,LA01-LA02,amygdala,W,8,0.6389589288035301,0.39888000465701057,0.16749760975091138,0.027269892832828352,0.04933760904698718,0.034291670943061556
sub-RID0394,LA05-LA06,temporal_neocortex,W,8,0.2898494829524012,0.18555096048373698,0.09822235674655093,0.07229543605945793,0.06853464216675369,0.023641210948474135
sub-RID0394,LA06-LA07,temporal_neocortex,W,8,0.33260559285746494,0.22719744417409565,0.13165339133349585,0.11464500657689902,0.08699299575089223,0.019018125224381698
sub-RID0394,LA07-LA08,temporal_neocortex,W,8,0.5336167480241193,0.3664137007796204,0.13202966792928073,0.0691336405838569,0.09263461982503872,0.04342335231558568
sub-RID0394,LA08-LA09,temporal_neocortex,W,8,0.5913832844406104,0.38506833740136215,0.12977620422814773,0.06667124317324973,0.07786027753058601,0.022900622735235736
sub-RID0394,LA09-LA10,temporal_neocortex,W,8,0.6300080890263886,0.4214984040075734,0.11636044196060123,0.050071128914946625,0.06296629467145123,0.020667323614758232
sub-RID0394,LB01-LB02,hippocampal,W,8,0.6416006480335694,0.4282501470411579,0.1001625783934746,0.06569309245583516,0.09219932295380079,0.06651061971030461
sub-RID0394,LB02-LB03,hippocampal,W,8,0.7335973087868097,0.4362519915562153,0.10158514470724114,0.03158041636275458,0.05742266599147941,0.04695196525329916
sub-RID0394,LB08-LB09,temporal_neocortex,W,8,0.24623664511025395,0.16791187087957754,0.17900921431183256,0.17195174047561174,0.10477465888521945,0.019207844565460257
sub-RID0394,LB09-LB10,temporal_neocortex,W,5,0.6267426757217006,0.32325550020695826,0.1361031951260779,0.05080722966726279,0.037525558361453645,0.006268877653582668
sub-RID0394,LC01-LC02,parahippocampal,W,8,0.41498491081007977,0.2885317908596573,0.14555947386992643,0.08830065752706528,0.10174342205070273,0.05353297972521608
sub-RID0394,LC05-LC06,temporal_neocortex,W,3,0.512309044619445,0.39708921461825725,0.2797792501541461,0.0380795589946798,0.020603568895352007,0.004268057886420501
sub-RID0394,LC06-LC07,temporal_neocortex,W,8,0.4046779868474514,0.28520395356635425,0.16233277541748123,0.11697483247037979,0.11226194576617664,0.05136990882296933
sub-RID0394,LC07-LC08,temporal_neocortex,W,8,0.3397823615631047,0.23785774234163945,0.21532407188741215,0.09617971579032328,0.11210357397802473,0.042322327907261814
sub-RID0394,LD05-LD06,temporal_neocortex,W,8,0.3098967738800842,0.18997992991953067,0.16689361926618748,0.09863004823099698,0.11426982951861961,0.038176014271256914
sub-RID0394,LJ01-LJ02,temporal_neocortex,W,8,0.4680641518670709,0.3357015006228671,0.11187489981554127,0.07312736760839515,0.10643391889601106,0.021966715350616627
sub-RID0394,LJ02-LJ03,temporal_neocortex,W,8,0.5186524434768663,0.36095187244396376,0.14500631262073033,0.07020514809431275,0.10324163731535242,0.024696873111801916
sub-RID0394,LJ03-LJ04,temporal_neocortex,W,8,0.47176243699099196,0.3267752887700434,0.11059656077004909,0.07344777620625961,0.16603360051197813,0.03334903303617036
sub-RID0394,LJ07-LJ08,temporal_neocortex,W,8,0.41484250819799934,0.29191082367125554,0.1619772935591669,0.1041257125079038,0.07763697063016387,0.020393236257542087
sub-RID0394,RA01-RA02,amygdala,W,8,0.6513520209988408,0.42965622495255207,0.1531920685863296,0.04150865988704605,0.04729954752673153,0.04154289319105737
sub-RID0394,RA06-RA07,temporal_neocortex,W,8,0.3655122851823522,0.23604385036482345,0.13334416670367522,0.07371582400107624,0.09984937355209264,0.019747886363260775
sub-RID0394,RA07-RA08,temporal_neocortex,W,8,0.4669998972673552,0.2999473183865179,0.1697824513509526,0.07207040003827136,0.07680224390748139,0.011140256718997207
sub-RID0394,RA08-RA09,temporal_neocortex,W,8,0.4018810243882267,0.27380546521279747,0.15893171282086643,0.06741081245343707,0.1428658949724375,0.04727527645594699
sub-RID0394,RB01-RB02,hippocampal,W,4,0.7144249293284645,0.4841141736173026,0.12473634825183151,0.03818303419314876,0.053969915292358686,0.032716513125475764
sub-RID0394,RB02-RB03,hippocampal,W,4,0.7206498693101298,0.4646062178513972,0.08935534829654972,0.046789219655390436,0.061020382895068545,0.05217666218257
sub-RID0394,RB03-RB04,hippocampal,W,4,0.7572710331890802,0.4443563229813092,0.09026456230271171,0.03825186131985398,0.04969971611917722,0.032328002173809475
sub-RID0394,RB07-RB08,temporal_neocortex,W,4,0.5176467339451686,0.37489584385754016,0.16426541337850184,0.07108008178207004,0.05718049061363928,0.011558301459619467
sub-RID0394,RB08-RB09,temporal_neocortex,W,4,0.45700373351826123,0.31809366142420936,0.1833111188685527,0.07786395225945392,0.06036015119044855,0.01035452574327339
sub-RID0394,RB09-RB10,temporal_neocortex,W,4,0.6106641598287607,0.3709283844120088,0.142713790551234,0.058766596664943174,0.03413572129527328,0.005778508918987612
sub-RID0394,RC04-RC05,temporal_neocortex,W,4,0.37985244839670235,0.26957447769237913,0.18260470131609774,0.12056331857387066,0.09323574184633704,0.022514342201057247
sub-RID0394,RC05-RC06,temporal_neocortex,W,4,0.49053012990545275,0.26850071243370194,0.1622189330220246,0.03949126860623471,0.03703252398481641,0.01200570057806613
sub-RID0394,RC06-RC07,temporal_neocortex,W,4,0.4173395767482487,0.2480634314088268,0.19173943523872378,0.06033371635139467,0.053815445279827595,0.016647349568404902
sub-RID0394,RC07-RC08,temporal_neocortex,W,4,0.387822651175308,0.19421235196387793,0.16376213340937618,0.07601830370397619,0.05319516146236419,0.008429197684915617
sub-RID0394,RC08-RC09,temporal_neocortex,W,4,0.205623232780753,0.12680120723786756,0.1618295386009358,0.14317096380913158,0.16646264431637472,0.06497496618140813
sub-RID0394,LA01-LA02,amygdala,N2,8,0.6313830159592237,0.3920353698948195,0.16217076742978448,0.027889244666388337,0.0356248023216398,0.03017537038381754
sub-RID0394,LA05-LA06,temporal_neocortex,N2,8,0.25770422486393096,0.13607006396951443,0.10168796752372597,0.07095877822451933,0.05884274493058056,0.015472879905988324
sub-RID0394,LA06-LA07,temporal_neocortex,N2,8,0.3598111713889327,0.1780742894525415,0.11606081976041255,0.08141706678212383,0.0588189890213661,0.010677889335121914
sub-RID0394,LA07-LA08,temporal_neocortex,N2,8,0.46285639267529877,0.27866368007438824,0.12658879527880296,0.07160441789063053,0.09777183991273591,0.02925727791611479
sub-RID0394,LA08-LA09,temporal_neocortex,N2,8,0.5802151561274428,0.35343252714424933,0.1309400270664165,0.06168432485721913,0.06827153099716797,0.02188703917962806
sub-RID0394,LA09-LA10,temporal_neocortex,N2,8,0.5724395984957077,0.36498542400725364,0.10158089776030634,0.048641253745022726,0.06812606029097446,0.01854307398089722
sub-RID0394,LB01-LB02,hippocampal,N2,8,0.621832127023592,0.44387010372845886,0.18784131094177686,0.049125074981761954,0.043963376133799394,0.03574219809864107
sub-RID0394,LB02-LB03,hippocampal,N2,8,0.7444289059952245,0.5440947534346643,0.13532074201660618,0.030702820491035704,0.025940999052226618,0.017493976164177104
sub-RID0394,LB08-LB09,temporal_neocortex,N2,8,0.235324699527802,0.14796655752654744,0.21038714603812947,0.12381912267865289,0.08469538412624092,0.009002673725239264
sub-RID0394,LB09-LB10,temporal_neocortex,N2,8,0.5629350486647035,0.3034255690850356,0.17160226735727746,0.06265644739485898,0.04413140171630879,0.005395078353895204
sub-RID0394,LC01-LC02,parahippocampal,N2,8,0.3482513512300251,0.24270619035282084,0.15474211041927843,0.0942036449889522,0.13422072351522513,0.05060678769748822
sub-RID0394,LC05-LC06,temporal_neocortex,N2,4,0.38417096501333703,0.17354315239475337,0.16752693149084943,0.05884620220890588,0.05640087083566485,0.019114606306505525
sub-RID0394,LC06-LC07,temporal_neocortex,N2,8,0.4400919960080227,0.25725501892838654,0.15722469660828675,0.08872242336465405,0.12089841602688715,0.04102416893416562
sub-RID0394,LC07-LC08,temporal_neocortex,N2,8,0.331143341582389,0.23379696717444481,0.21078181434641313,0.08188907482618527,0.10956203673327891,0.03923100463148343
sub-RID0394,LD05-LD06,temporal_neocortex,N2,8,0.3785461180790175,0.2187586421999534,0.13879805533890544,0.060780854254835634,0.09062708671451672,0.021670402839396148
sub-RID0394,LJ01-LJ02,temporal_neocortex,N2,8,0.4630790483637244,0.3264778149593272,0.0954734529710004,0.09094384870793948,0.12387200544023996,0.020342888772688295
sub-RID0394,LJ02-LJ03,temporal_neocortex,N2,8,0.3894948385923259,0.26565054096422724,0.14896424941129754,0.10265757303264524,0.13194495377239907,0.022419213302889297
sub-RID0394,LJ03-LJ04,temporal_neocortex,N2,8,0.5511869840568474,0.3778347256080469,0.08658253116583063,0.07313714637584037,0.13719196596316588,0.025236189006711825
sub-RID0394,LJ07-LJ08,temporal_neocortex,N2,8,0.5655988281333877,0.33857598235991193,0.14265765768780608,0.05236546153244001,0.052736044600590934,0.011575318013406194
sub-RID0394,RA01-RA02,amygdala,N2,8,0.6977401655025883,0.4530630857650888,0.13287465365400639,0.028692641438968432,0.03214428740836879,0.03808882074493438
sub-RID0394,RA06-RA07,temporal_neocortex,N2,8,0.48463013901047874,0.24449088634312238,0.1309652173241794,0.05557471666384104,0.047602783851522654,0.008174178697172933
sub-RID0394,RA07-RA08,temporal_neocortex,N2,8,0.6383679729741829,0.326454332213623,0.12545194192451015,0.04558312302372014,0.026179789916251056,0.0035906782373585576
sub-RID0394,RA08-RA09,temporal_neocortex,N2,8,0.3825741391644015,0.23897640087462585,0.1414949150503796,0.09586923198592431,0.1257796329825524,0.02057117529277364
sub-RID0394,RB01-RB02,hippocampal,N2,6,0.7284003051025697,0.5891939927539119,0.14814460603250684,0.026256109962046404,0.028286978932650354,0.017036266317627124
sub-RID0394,RB02-RB03,hippocampal,N2,6,0.8019247554653072,0.6389777805619233,0.09648752556069762,0.025028650226269013,0.024603779516131324,0.01876987987620324
sub-RID0394,RB03-RB04,hippocampal,N2,6,0.7300976036370601,0.5119193518136324,0.12991075224181406,0.03532646274948053,0.034044499244689254,0.016487254324211675
sub-RID0394,RB07-RB08,temporal_neocortex,N2,6,0.43169598055003067,0.23478862985723983,0.13027396098765412,0.07315253611400391,0.07847236852588152,0.010511542065744185
sub-RID0394,RB08-RB09,temporal_neocortex,N2,6,0.34498252626743287,0.19885832098843978,0.1870764814449288,0.0912284052321023,0.07416932310036282,0.009612011659591831
sub-RID0394,RB09-RB10,temporal_neocortex,N2,6,0.6013960899992248,0.3025195107872377,0.1418713979581527,0.05128559364436622,0.04128825446903408,0.005285864622459523
sub-RID0394,RC04-RC05,temporal_neocortex,N2,6,0.38205416590102037,0.2654143749425366,0.1652179573799991,0.09593890808476563,0.0856065909094794,0.01412293931960421
sub-RID0394,RC05-RC06,temporal_neocortex,N2,6,0.6316965293841419,0.3583498315575124,0.11489780333194975,0.02015641540738362,0.017644402738151082,0.004612268472235351
sub-RID0394,RC06-RC07,temporal_neocortex,N2,6,0.4868522228483861,0.34327038946885363,0.16917231658829424,0.037955420077256066,0.033872904511593256,0.008247648859938889
sub-RID0394,RC07-RC08,temporal_neocortex,N2,6,0.36617498373142676,0.1582611926015788,0.16775010442625446,0.05005194263000957,0.04193001820618334,0.004920593899225715
sub-RID0394,RC08-RC09,temporal_neocortex,N2,6,0.08354983893459256,0.06306783286566982,0.12863911102296013,0.14258204582376222,0.21298725693411372,0.06291368774256738
sub-RID0394,LA01-LA02,amygdala,N3,8,0.7153007886610815,0.4731190203451865,0.14166879569724575,0.02816234795505332,0.025738653847976786,0.01776152298407254
sub-RID0394,LA05-LA06,temporal_neocortex,N3,8,0.5507933430316249,0.31549541402525993,0.1042120699421388,0.08282662133225732,0.05151315120504076,0.01818434480038767
sub-RID0394,LA06-LA07,temporal_neocortex,N3,8,0.4810958838161782,0.2605983517059076,0.10932125560531855,0.10210607646007125,0.053823914770225134,0.013174294099442634
sub-RID0394,LA07-LA08,temporal_neocortex,N3,8,0.6247390984957746,0.33762560820402054,0.0788561850223497,0.0783676845042411,0.06522326213839402,0.023101064675384933
sub-RID0394,LA08-LA09,temporal_neocortex,N3,8,0.7182348079057157,0.3722783278596593,0.08954715765953901,0.049018940649483506,0.0412123090907639,0.013676729881549743
sub-RID0394,LA09-LA10,temporal_neocortex,N3,8,0.7694165287853592,0.4371182734874835,0.07545776730533557,0.0379065713951517,0.03643842599001882,0.012630577424607624
sub-RID0394,LB01-LB02,hippocampal,N3,8,0.6362954556647133,0.47833523797068267,0.19439829191392732,0.05263643248060038,0.03084185866850854,0.01683163653016777
sub-RID0394,LB02-LB03,hippocampal,N3,8,0.7265458880052305,0.5922145926958835,0.1476368309258539,0.037502275187717427,0.020411350532421522,0.008945721951550127
sub-RID0394,LB08-LB09,temporal_neocortex,N3,8,0.3986286418706072,0.26565513234225957,0.19035367800347852,0.1010349359645213,0.04096750404237063,0.00840601961840923
sub-RID0394,LB09-LB10,temporal_neocortex,N3,8,0.7185981250601603,0.35463054436234154,0.09635002335268544,0.04038174721391752,0.019588235067113727,0.004006635089904145
sub-RID0394,LC01-LC02,parahippocampal,N3,8,0.5091151678307776,0.32257067201849665,0.19115587664946843,0.0873270629940462,0.05028882407466752,0.023173665027940424
sub-RID0394,LC05-LC06,temporal_neocortex,N3,8,0.6318745576021128,0.3498781645037901,0.13374649066512018,0.051824459775514566,0.030199786865155353,0.01683083441711679
sub-RID0394,LC06-LC07,temporal_neocortex,N3,8,0.627385663968244,0.3595429783826216,0.1252376603099719,0.06174026076113026,0.060862992809871064,0.02976248155697769
sub-RID0394,LC07-LC08,temporal_neocortex,N3,8,0.47411277822867354,0.3095891689393364,0.2116157635007263,0.07126965215592995,0.07941480436710016,0.041141945282993996
sub-RID0394,LD05-LD06,temporal_neocortex,N3,8,0.5018365691596175,0.3158914497454772,0.15721977082913685,0.08351265090004142,0.058350959623364895,0.01999753330418333
sub-RID0394,LJ01-LJ02,temporal_neocortex,N3,8,0.5415229161907227,0.35718460944099006,0.09377516345714584,0.0928040902249842,0.12894914286693926,0.025427230043738987
sub-RID0394,LJ02-LJ03,temporal_neocortex,N3,8,0.5174466656277581,0.3116703426076638,0.10437731259345914,0.09098359959674002,0.10707195124992294,0.02092533322544581
sub-RID0394,LJ03-LJ04,temporal_neocortex,N3,8,0.5915278276607796,0.3586203538597042,0.07625237569965648,0.08573529262389576,0.13635442615968135,0.026952245222116925
sub-RID0394,LJ07-LJ08,temporal_neocortex,N3,8,0.6165286570914728,0.32539833390721584,0.10127970113076576,0.06632281457039736,0.048110914000741904,0.01425605802460283
sub-RID0394,RA01-RA02,amygdala,N3,8,0.7919268660147911,0.5422816606104506,0.10701729415355196,0.017939639590180103,0.018318366504885455,0.015514511008651486
sub-RID0394,RA06-RA07,temporal_neocortex,N3,8,0.5823359682474099,0.3273695720958085,0.10952590863825402,0.06827029490628833,0.05048609366028556,0.012668682219988993
sub-RID0394,RA07-RA08,temporal_neocortex,N3,8,0.7140883378463116,0.36908086879211843,0.08683262813535166,0.04380187657372959,0.020349237295834134,0.004072583050381724
sub-RID0394,RA08-RA09,temporal_neocortex,N3,8,0.5335156401972831,0.3159347209363616,0.11851735249714251,0.10513976250649779,0.07613316512516506,0.015120240353436468
sub-RID0394,RB01-RB02,hippocampal,N3,8,0.6786076963503862,0.5415502978764006,0.1820890342808762,0.03490441796432815,0.027377555612003942,0.0104145624453131
sub-RID0394,RB02-RB03,hippocampal,N3,8,0.7380211128514412,0.6124293028776304,0.1415187595675731,0.031187265994148505,0.023067535042907532,0.012752196797379094
sub-RID0394,RB03-RB04,hippocampal,N3,8,0.6454458093927405,0.4707294557067512,0.18008064116735273,0.05602288593300086,0.034929523185091294,0.010626960325158932
sub-RID0394,RB07-RB08,temporal_neocortex,N3,8,0.6355555337043304,0.33254846342349154,0.10319467636992492,0.06979953135146036,0.043824692265782846,0.00959003613260483
sub-RID0394,RB08-RB09,temporal_neocortex,N3,8,0.49161421449540776,0.2915490254293932,0.12637670684978894,0.09513472252987648,0.043242643907805425,0.008557978751731834
sub-RID0394,RB09-RB10,temporal_neocortex,N3,8,0.7451411588271087,0.3156228943150031,0.06647762535861021,0.04760052054347265,0.018006219614903334,0.004179984540499354
sub-RID0394,RC04-RC05,temporal_neocortex,N3,8,0.6141583442044098,0.3709627937401509,0.1329886952268915,0.05984275854580438,0.04158484218839134,0.01153576103379278
sub-RID0394,RC05-RC06,temporal_neocortex,N3,8,0.8530712846344946,0.43829243295023335,0.0806532346270715,0.009254104239462966,0.00770765961651449,0.0030019394422430537
sub-RID0394,RC06-RC07,temporal_neocortex,N3,8,0.7737163144702407,0.45185268297095926,0.11245765653928186,0.015753991666294796,0.012607323161471005,0.004830844556971401
sub-RID0394,RC07-RC08,temporal_neocortex,N3,8,0.5714663608861704,0.305325339914028,0.14317317494980944,0.06679382413724785,0.0332897324997626,0.006797966152840253
sub-RID0394,RC08-RC09,temporal_neocortex,N3,8,0.200882461466636,0.15454714718576146,0.18644168844552494,0.13942368243393288,0.15072977880164776,0.07059070781010873
sub-RID0394,LA01-LA02,amygdala,R,8,0.7519713455122505,0.39343390299222386,0.11364681748592059,0.026578217094045658,0.04337132828090341,0.033403164798294874
sub-RID0394,LA05-LA06,temporal_neocortex,R,8,0.49336421787560814,0.2851237578920638,0.09695550231898883,0.11927275684904297,0.12973088641977684,0.04560624699513077
sub-RID0394,LA06-LA07,temporal_neocortex,R,8,0.4249283208539399,0.2569185369749687,0.1247088257884203,0.11374571256276324,0.18885200039689287,0.04149675183551921
sub-RID0394,LA07-LA08,temporal_neocortex,R,8,0.4440570563824745,0.2544830609963895,0.10418488056002756,0.10854911590828507,0.18041661078993715,0.07245524779769583
sub-RID0394,LA08-LA09,temporal_neocortex,R,8,0.6143849137940725,0.3679799345169097,0.08691450524127643,0.06633785267609457,0.12735458383449577,0.04147994636525358
sub-RID0394,LA09-LA10,temporal_neocortex,R,8,0.6757972365996008,0.42451788328344475,0.08465535816030335,0.04929666725636463,0.09482078988840446,0.03263754653666323
sub-RID0394,LB01-LB02,hippocampal,R,8,0.6872402172865245,0.44304698683071614,0.06878197542659739,0.06259076901948116,0.07525022565418617,0.08882718301589712
sub-RID0394,LB02-LB03,hippocampal,R,8,0.7878956867875568,0.47315796120442616,0.06648686117420469,0.03638311213300717,0.043265689118161074,0.04944072188168676
sub-RID0394,LB08-LB09,temporal_neocortex,R,8,0.3369078864222191,0.2151524998835267,0.15634040967368806,0.1358589245798734,0.19320672332388786,0.02047359165693509
sub-RID0394,LB09-LB10,temporal_neocortex,R,8,0.6045496014016021,0.3597862522253691,0.140949166071444,0.06052759507507596,0.10022414210805512,0.01225590477152118
sub-RID0394,LC01-LC02,parahippocampal,R,8,0.5014830331382047,0.3592665954706987,0.13451459147704775,0.08337959646334672,0.13324107390248635,0.07206992880461317
sub-RID0394,LC05-LC06,temporal_neocortex,R,8,0.44872932222781914,0.2770177061614665,0.15746136671069866,0.10272412208116988,0.14640641315061984,0.05316932065351366
sub-RID0394,LC06-LC07,temporal_neocortex,R,8,0.44030137636355604,0.2951838355918654,0.15613004715656642,0.09938726032612577,0.15562249095096645,0.06983364424199301
sub-RID0394,LC07-LC08,temporal_neocortex,R,8,0.3867693270711017,0.26925523401064333,0.17905121564106785,0.0918973851476144,0.18038054005792048,0.07557693664783768
sub-RID0394,LD05-LD06,temporal_neocortex,R,8,0.46050326493163474,0.3039690562084364,0.130690698154764,0.08677118718068205,0.18570499521165088,0.06261877799163522
sub-RID0394,LJ01-LJ02,temporal_neocortex,R,8,0.4517625718375161,0.2712902478987086,0.06594600724248838,0.08237100117991192,0.316814102693192,0.03373481718017764
sub-RID0394,LJ02-LJ03,temporal_neocortex,R,8,0.44072613489349455,0.268611647190422,0.07547113483421708,0.11287877583861418,0.27746183409642866,0.03860870098942946
sub-RID0394,LJ03-LJ04,temporal_neocortex,R,8,0.3597257678491226,0.2153411558251256,0.05375938243370757,0.0815033620002617,0.4211585284975622,0.042729673093652665
sub-RID0394,LJ07-LJ08,temporal_neocortex,R,8,0.4307357067644718,0.2928492664020717,0.13537025162663718,0.1016737726234242,0.17784172321950065,0.04095030080416326
sub-RID0394,RA01-RA02,amygdala,R,8,0.7393058033696682,0.47553223392221083,0.09410412792059802,0.03833128201200563,0.04628349676790072,0.044000931825584164
sub-RID0394,RA06-RA07,temporal_neocortex,R,8,0.4907427125732332,0.3139418545436109,0.11945267005967333,0.08973677940821251,0.18794011532630867,0.032227350391119805
sub-RID0394,RA07-RA08,temporal_neocortex,R,8,0.5628038717657717,0.3695341623775117,0.11674602419929306,0.07907747030265636,0.15267197531758148,0.016491144269380552
sub-RID0394,RA08-RA09,temporal_neocortex,R,8,0.384471313168241,0.28086269107944295,0.13330138023452065,0.07550706216729806,0.29442314148850857,0.03773026385407635
sub-RID0394,RB01-RB02,hippocampal,R,8,0.7494692594798081,0.4775274993555141,0.10068248651217677,0.03799803573737345,0.041503129260299275,0.034836690430562145
sub-RID0394,RB02-RB03,hippocampal,R,8,0.6652801953171883,0.41918651448286254,0.08719008587397181,0.051132418382289116,0.08736932952912335,0.08926064163028444
sub-RID0394,RB03-RB04,hippocampal,R,8,0.761928086075515,0.48150141154561654,0.0720380413186717,0.039138248548153384,0.05507535854734752,0.051202453950509624
sub-RID0394,RB07-RB08,temporal_neocortex,R,8,0.4992211130261928,0.3367363192668442,0.10236658721162248,0.10817354891167652,0.18898725031782945,0.024541056740020273
sub-RID0394,RB08-RB09,temporal_neocortex,R,8,0.41616093150219857,0.3037402298531786,0.1095153924209643,0.13055701703092837,0.22169192937726062,0.02148291809761986
sub-RID0394,RB09-RB10,temporal_neocortex,R,8,0.5358568974979465,0.34711205543893336,0.10441948385188142,0.09607196426463022,0.16443449704438057,0.015540339637092206
sub-RID0394,RC04-RC05,temporal_neocortex,R,8,0.39027319031423036,0.2956949461728693,0.1416039151649975,0.14332136970462855,0.13878660909197055,0.026458182018894962
sub-RID0394,RC05-RC06,temporal_neocortex,R,8,0.7254690631373353,0.45908872587359445,0.13239862803347877,0.031903964065588236,0.034802767072015295,0.011867536278366252
sub-RID0394,RC06-RC07,temporal_neocortex,R,8,0.6402753535730612,0.4257265299720716,0.1392232744301101,0.05344185957315488,0.05517989813229109,0.01956897619495048
sub-RID0394,RC07-RC08,temporal_neocortex,R,8,0.4383981338396358,0.3003621371435776,0.14204786044248638,0.10682596260344968,0.15497042378217302,0.020484968105743816
sub-RID0394,RC08-RC09,temporal_neocortex,R,8,0.13271172470075504,0.10999124492646714,0.1065466244123939,0.1604274050255443,0.3615092580499928,0.15118915989051346
sub-RID0405,LC07-LC08,temporal_neocortex,W,8,0.4357680475203597,0.28693186585980934,0.11766362033057284,0.11052625749341383,0.09550907479100093,0.020905151402979615
sub-RID0405,LC08-LC09,temporal_neocortex,W,8,0.5562855305726789,0.3194868183941521,0.10531877283165478,0.07307862656622444,0.04368198861902329,0.027741440489356162
sub-RID0405,LD04-LD05,temporal_neocortex,W,8,0.3913042791941041,0.24120100633665237,0.11421810410913114,0.11854640074853284,0.050182735679934254,0.007781321154557564
sub-RID0405,LD06-LD07,temporal_neocortex,W,8,0.3790070759528097,0.24037932549808616,0.1037496821302408,0.13866044888216586,0.05947301725611127,0.020482154409365343
sub-RID0405,LD07-LD08,temporal_neocortex,W,8,0.5702333545367155,0.3916848270971454,0.11281533618455536,0.0744923888731175,0.040296549511068445,0.01768581778833654
sub-RID0405,LD08-LD09,temporal_neocortex,W,8,0.632126790830286,0.37312819360308913,0.08424706275402818,0.07353375913782695,0.02729431481384174,0.010807404216078885
sub-RID0405,LD09-LD10,temporal_neocortex,W,8,0.19042666873497666,0.1409964220808833,0.12944372340954013,0.24444203121821656,0.13842624658852754,0.07434000266775054
sub-RID0405,RB01-RB02,hippocampal,W,5,0.6097501082810778,0.40541722762423815,0.13909528777456112,0.0754011368655708,0.06678577851715913,0.03791736995523369
sub-RID0405,RB02-RB03,hippocampal,W,5,0.6399234402369892,0.4340742699285374,0.145257298620102,0.060267470131298774,0.049612710926810924,0.03711373604375658
sub-RID0405,RB03-RB04,hippocampal,W,8,0.5308946898783581,0.3770455773550065,0.14464382035577977,0.08491309541650299,0.10351595845355237,0.08579277958044815
sub-RID0405,RB06-RB07,temporal_neocortex,W,8,0.6434641764446792,0.4318588570333134,0.10974471030526355,0.06559160791290737,0.05134727167060246,0.01873196846126153
sub-RID0405,RB07-RB08,temporal_neocortex,W,8,0.6666089547356806,0.46544004221724455,0.1331186442641421,0.043645934759356596,0.04822372150540744,0.021443745997756322
sub-RID0405,RB08-RB09,temporal_neocortex,W,8,0.6776154801417333,0.43854439611830864,0.12779112752453822,0.04330473548234541,0.021886895661516883,0.009042517944387679
sub-RID0405,RC01-RC02,hippocampal,W,8,0.6222805439733089,0.5033354225157524,0.13010331140754636,0.06211993941431959,0.0757208325017368,0.04553624583515094
sub-RID0405,RC02-RC03,hippocampal,W,8,0.6856811862537745,0.5173438347351557,0.11772239571925369,0.04842093362317094,0.05839681285816731,0.03556636861546268
sub-RID0405,RC07-RC08,temporal_neocortex,W,8,0.5057684399184257,0.32474154641289005,0.12412496472235235,0.07387548731019167,0.028659294839973773,0.006081331290362082
sub-RID0405,RC08-RC09,temporal_neocortex,W,8,0.5161491126521549,0.2887921647353124,0.11486135769693323,0.08430162654087527,0.08689478747198257,0.09856842068452912
sub-RID0405,LC07-LC08,temporal_neocortex,N2,8,0.7231468978284796,0.4832500314075332,0.14842329064406276,0.031859896278269614,0.015477599900911382,0.004117753101814867
sub-RID0405,LC08-LC09,temporal_neocortex,N2,8,0.8063678529191012,0.4449998620110618,0.14228242521329498,0.009606776243168073,0.0032644342948056596,0.0006849282552846023
sub-RID0405,LD04-LD05,temporal_neocortex,N2,8,0.5873828249600122,0.35930412708656656,0.27058734153317016,0.023260610507131466,0.007252338150806383,0.0009953745688182
sub-RID0405,LD06-LD07,temporal_neocortex,N2,8,0.5158398603828469,0.3345786027664275,0.3155144569370871,0.024597039966277115,0.008418875518103823,0.0021431029577793454
sub-RID0405,LD07-LD08,temporal_neocortex,N2,8,0.6844263868714944,0.42798191118549345,0.20984748691757088,0.01643460919079439,0.006473461855860558,0.002254428873989987
sub-RID0405,LD08-LD09,temporal_neocortex,N2,8,0.8054354390016819,0.4358529050324089,0.1264867267856834,0.009946612511901577,0.0037895753216320755,0.0012591880256343883
sub-RID0405,LD09-LD10,temporal_neocortex,N2,8,0.2765620701700811,0.21621161555239102,0.39053224446822216,0.079397397170728,0.03237463678068529,0.009579065703396387
sub-RID0405,RB01-RB02,hippocampal,N2,8,0.49030981615659175,0.40355406709708075,0.264672722869546,0.06275237409673992,0.04894320094656748,0.024698284440603676
sub-RID0405,RB02-RB03,hippocampal,N2,8,0.581166704252462,0.4779960503643485,0.234868899921611,0.04006095313152051,0.036827002922829734,0.01925321591580871
sub-RID0405,RB03-RB04,hippocampal,N2,8,0.5383145070494295,0.41542339024118313,0.2168473090834954,0.07087671814224303,0.05678552932562726,0.023519464492224976
sub-RID0405,RB06-RB07,temporal_neocortex,N2,8,0.644329950885383,0.43877305014930645,0.2025115650896776,0.03427347013612901,0.01864786039409278,0.005381551468931763
sub-RID0405,RB07-RB08,temporal_neocortex,N2,8,0.6997176849875835,0.42897117760894576,0.18734936041187109,0.02607423636665733,0.017639257610982943,0.006410546771404115
sub-RID0405,RB08-RB09,temporal_neocortex,N2,8,0.6222488659910621,0.3599454541804411,0.26605664526194367,0.01978873671496199,0.00604032078199457,0.001358768595812414
sub-RID0405,RC01-RC02,hippocampal,N2,8,0.46444388797332664,0.38094146240638616,0.2855768993340604,0.06417691927170674,0.05499423937957321,0.021294066185155947
sub-RID0405,RC02-RC03,hippocampal,N2,8,0.5713614540387649,0.4314351945513889,0.22071910718881485,0.06522468602781864,0.03577172161939044,0.010824863987550072
sub-RID0405,RC07-RC08,temporal_neocortex,N2,8,0.4839233451645009,0.2749244411418015,0.38447723065879186,0.02429213774798091,0.005992553358648854,0.0010688672108481565
sub-RID0405,RC08-RC09,temporal_neocortex,N2,8,0.7789128774412033,0.3832435080746954,0.11541209406929842,0.03198826746737708,0.017573467684190262,0.0062724491815715055
sub-RID0405,LC07-LC08,temporal_neocortex,N3,8,0.936535545938496,0.3661751456470746,0.04366914389284451,0.002957113612652284,0.002041344175475209,0.0007540433692393943
sub-RID0405,LC08-LC09,temporal_neocortex,N3,8,0.9330082443441878,0.3723498539572345,0.05436683464309218,0.0010282057270362952,0.0005005647975485557,0.00015126963109653315
sub-RID0405,LD04-LD05,temporal_neocortex,N3,8,0.9224703160179788,0.34147252110499315,0.05661503447562227,0.002027042896065724,0.0008004887140616318,0.00020638466315043
sub-RID0405,LD06-LD07,temporal_neocortex,N3,8,0.9238460605449841,0.39238863585434774,0.05355351581744415,0.0026727257720721392,0.001032880916737609,0.00043008794770814905
sub-RID0405,LD07-LD08,temporal_neocortex,N3,8,0.9372684939145071,0.3925065181406573,0.04320763821497521,0.002736152208402524,0.001256783568542137,0.0006146839304661825
sub-RID0405,LD08-LD09,temporal_neocortex,N3,8,0.9716107062769974,0.3105024097869404,0.019413345136923225,0.0011830576247393613,0.0006031702043834744,0.0002612769504441196
sub-RID0405,LD09-LD10,temporal_neocortex,N3,8,0.7629948182047537,0.4279278669448281,0.14452521194998194,0.019372895640622563,0.010506138749832382,0.003620268182425949
sub-RID0405,RB01-RB02,hippocampal,N3,8,0.6198331968409133,0.48926533040401887,0.19960525834087928,0.05035971442830607,0.02576404437319895,0.007450944975298219
sub-RID0405,RB02-RB03,hippocampal,N3,8,0.6463064941432932,0.521006742009605,0.18517152679341045,0.04382420677135111,0.02339221108317274,0.008209646782650968
sub-RID0405,RB03-RB04,hippocampal,N3,8,0.6343401597036648,0.4765993460978167,0.16019070377722597,0.07171141106390803,0.03955463735333152,0.009137571844146689
sub-RID0405,RB06-RB07,temporal_neocortex,N3,8,0.901123818698904,0.4698597950367036,0.06504545752972105,0.005885389204138922,0.00296159391311453,0.0010433632160400785
sub-RID0405,RB07-RB08,temporal_neocortex,N3,8,0.917650690242609,0.453301957609773,0.055409460175248074,0.004205586425399326,0.002710978702137431,0.0011220175360478544
sub-RID0405,RB08-RB09,temporal_neocortex,N3,8,0.8735513456142534,0.42150742143889897,0.0921309345392385,0.0031207506780298955,0.0009976366507352904,0.0002898508004077763
sub-RID0405,RC01-RC02,hippocampal,N3,8,0.5590127396861597,0.46616859559527285,0.21085476674588494,0.06972801244531146,0.03908342105444455,0.007780369236373921
sub-RID0405,RC02-RC03,hippocampal,N3,8,0.6369863720002179,0.505611868917835,0.17262534281687103,0.06954978822959941,0.02702710494552473,0.003842425320047663
sub-RID0405,RC07-RC08,temporal_neocortex,N3,8,0.8749672286371026,0.348397653670944,0.08665136519553317,0.0037681733831141087,0.0010588195890510667,0.0002573674779390994
sub-RID0405,RC08-RC09,temporal_neocortex,N3,8,0.9451209137740337,0.36581353219938967,0.03222771665695812,0.005227378602257925,0.002730878204965398,0.001001234286589351
sub-RID0405,LC07-LC08,temporal_neocortex,R,8,0.7951825642527994,0.5120838386534063,0.10018282184001948,0.025498506762316426,0.018042893835114322,0.006052490669619829
sub-RID0405,LC08-LC09,temporal_neocortex,R,8,0.8810752969739795,0.5132731077759116,0.07633920420704365,0.009353355693088435,0.005128948520268272,0.0012757844970652478
sub-RID0405,LD04-LD05,temporal_neocortex,R,8,0.7043374251314559,0.44724518932370283,0.18059486725272553,0.0287586129914325,0.018187554087550264,0.004385038197889229
sub-RID0405,LD06-LD07,temporal_neocortex,R,8,0.6170081222947594,0.40634808863606,0.1824331183560444,0.050599854446048635,0.03429768142823332,0.011900331484494747
sub-RID0405,LD07-LD08,temporal_neocortex,R,8,0.7807329982336934,0.501684442276244,0.11582857231046388,0.0225381070357147,0.019768933723373308,0.00986551968494476
sub-RID0405,LD08-LD09,temporal_neocortex,R,8,0.900871357548386,0.5408512339150369,0.05337142938318173,0.009684619401670999,0.007820035491301109,0.003312767513942084
sub-RID0405,LD09-LD10,temporal_neocortex,R,8,0.32492901468097735,0.27432323529267044,0.23964396875763147,0.11482698645711835,0.09290513813497181,0.040593196505691855
sub-RID0405,RB01-RB02,hippocampal,R,8,0.6333194032451916,0.5068131938633397,0.13413540213156436,0.049216865103473686,0.062395232033801776,0.04503350727936316
sub-RID0405,RB02-RB03,hippocampal,R,8,0.6233782651780571,0.5094286297870538,0.1362941476087665,0.05459658314810345,0.05543630606734172,0.04390800856974904
sub-RID0405,RB03-RB04,hippocampal,R,8,0.5826260014805362,0.43755521285821825,0.1329393497188929,0.05597238485189781,0.09055386434901858,0.08358538281420101
sub-RID0405,RB06-RB07,temporal_neocortex,R,8,0.7173905526278517,0.5028697058927635,0.1542801949358377,0.03003215997992986,0.024118882723432798,0.007885194048613866
sub-RID0405,RB07-RB08,temporal_neocortex,R,8,0.7415275841400195,0.5158002386217391,0.15283721885166845,0.023151838279044074,0.020408266173690827,0.008592259134699298
sub-RID0405,RB08-RB09,temporal_neocortex,R,8,0.722087246418355,0.5083115114805591,0.1836363700617894,0.02177831221306882,0.012734274014000083,0.003120862554003727
sub-RID0405,RC01-RC02,hippocampal,R,8,0.6453803957380945,0.5151738878507421,0.1308807531353882,0.04525496405224662,0.057121854273164636,0.06035261422330134
sub-RID0405,RC02-RC03,hippocampal,R,8,0.6673401324229085,0.5235073797102785,0.11651417225323056,0.03844067698215657,0.06311881666127798,0.05896997083820327
sub-RID0405,RC07-RC08,temporal_neocortex,R,8,0.6247573573325422,0.39573857591581685,0.266047038264757,0.025239333776628032,0.012173521846203732,0.0023130193353561234
sub-RID0405,RC08-RC09,temporal_neocortex,R,8,0.8189419323441378,0.471018030026299,0.08835106008114034,0.02442145212515271,0.02242751549427109,0.009283654387127938
sub-RID0420,LA07-LA08,temporal_neocortex,W,8,0.507330823222133,0.3910006358240896,0.15769039644305644,0.08022154892110164,0.0833708182184382,0.06417053318518341
sub-RID0420,LA08-LA09,temporal_neocortex,W,8,0.53725154334938,0.3991826580976995,0.1629165746040417,0.07010939756839837,0.08076984778320118,0.06234646099786191
sub-RID0420,LA09-LA10,temporal_neocortex,W,8,0.4840515528308114,0.35234091903942966,0.12002767393934569,0.0992623600146425,0.08830848742893291,0.061459166248549774
sub-RID0420,LA10-LA11,temporal_neocortex,W,8,0.6329867737575764,0.41903627038090085,0.11183099259661924,0.06060299979618321,0.07423907211069691,0.05159942746212937
sub-RID0420,LB03-LB04,hippocampal,W,8,0.5533859343825902,0.39466698264854605,0.15152136917310813,0.07006867086210367,0.08859380632213328,0.12095248481622814
sub-RID0420,LB04-LB05,hippocampal,W,8,0.48879384608011267,0.3731337589920119,0.1693902782659229,0.07145511417147785,0.10808028405959427,0.15836477849787614
sub-RID0420,LB06-LB07,temporal_neocortex,W,8,0.43431494274462457,0.2977745650243221,0.1383185262657194,0.12484952819113218,0.09501575778251758,0.059651062480232935
sub-RID0420,LB07-LB08,temporal_neocortex,W,8,0.40894577200416016,0.2929851389727862,0.14849360813627552,0.1318448575108564,0.12025653587756563,0.07251341709194833
sub-RID0420,LB08-LB09,temporal_neocortex,W,8,0.5548040599369553,0.411590782702596,0.11137412562766615,0.09696967006488136,0.08897010750961074,0.05430295924920295
sub-RID0420,LB09-LB10,temporal_neocortex,W,8,0.4814391350526893,0.31468834635818144,0.1228623480111581,0.08928517660169108,0.09723885172719761,0.06867154983012409
sub-RID0420,LB10-LB11,temporal_neocortex,W,8,0.4405801343698153,0.30508921010548284,0.1404369194954735,0.12792886666145434,0.11830418823331663,0.08439497097757662
sub-RID0420,LC06-LC07,temporal_neocortex,W,8,0.3285419078494694,0.2505390351668295,0.16115555473585785,0.10942386313491806,0.07824323113256079,0.06250050261479753
sub-RID0420,LC07-LC08,temporal_neocortex,W,8,0.4018952252977431,0.2852537607277415,0.1492090068550477,0.11310516367274673,0.08039345857562973,0.07149714665733364
sub-RID0420,LC08-LC09,temporal_neocortex,W,8,0.5450642629016381,0.38747182237423783,0.13511876933845088,0.07931655829099571,0.07428970837834462,0.06943659150180298
sub-RID0420,LC09-LC10,temporal_neocortex,W,8,0.308530146240834,0.24277189311843925,0.1555208350967217,0.15650523028823823,0.14908933237086014,0.1395530299289352
sub-RID0420,LD04-LD05,temporal_neocortex,W,8,0.5018960268633493,0.3465245555204576,0.14144166021381,0.07341929371958826,0.08276090232825373,0.05874101244707838
sub-RID0420,LD05-LD06,temporal_neocortex,W,8,0.6358606360220429,0.40477117317096345,0.1072829701904876,0.06342382794578988,0.07587236952377661,0.0598459251037822
sub-RID0420,LE03-LE04,temporal_neocortex,W,8,0.5301204489821479,0.42553586434638857,0.1468105824146212,0.08818159065936365,0.09001536881004843,0.0886175361034706
sub-RID0420,LE04-LE05,temporal_neocortex,W,8,0.5001458332057853,0.3817831498930816,0.14903142710814102,0.10797685816034543,0.09632873375322196,0.10264496544381954
sub-RID0420,LE05-LE06,temporal_neocortex,W,8,0.5694722233802143,0.47658940764178875,0.12933377576712313,0.08395303575026951,0.08235595084207695,0.06310292525909811
sub-RID0420,LE06-LE07,temporal_neocortex,W,8,0.41945777995812233,0.3350114913844176,0.1563214247543998,0.13110784254541044,0.11751884509587796,0.08168618529268443
sub-RID0420,LG05-LG06,temporal_neocortex,W,8,0.45914754808686487,0.2989078601099435,0.15127217137948912,0.10198760408209834,0.1097656934695996,0.08218709364582596
sub-RID0420,LG06-LG07,temporal_neocortex,W,8,0.47559406919495645,0.30689707367919783,0.16225790960353842,0.09385135829982719,0.1115951628376686,0.08309694207926865
sub-RID0420,LG07-LG08,temporal_neocortex,W,8,0.4716179746258948,0.3119546885285382,0.15057247891423814,0.10314777013525656,0.11822591422833742,0.08791405304831418
sub-RID0420,LG08-LG09,temporal_neocortex,W,8,0.6159079310738549,0.28561236448285693,0.11084973263003775,0.06730032483499544,0.08345478046770083,0.06546356744329358
sub-RID0420,RB03-RB04,parahippocampal,W,8,0.5446752468424373,0.3416161157646789,0.14811751590737182,0.07474812378929946,0.10111922732940176,0.07881176003043588
sub-RID0420,RB07-RB08,temporal_neocortex,W,8,0.4352152339329844,0.27851236068466345,0.13567366532229796,0.10974740173562868,0.11172331296240895,0.06951192115831932
sub-RID0420,RB08-RB09,temporal_neocortex,W,8,0.5141466560517193,0.33257148871503234,0.1217065330784727,0.11313295190579371,0.09879505150910584,0.06141004818902959
sub-RID0420,RB09-RB10,temporal_neocortex,W,8,0.4532816747107654,0.2855449945977553,0.11864932193944615,0.138043713048414,0.09846310226722664,0.0676209555939455
sub-RID0420,RB10-RB11,temporal_neocortex,W,8,0.5320084362433357,0.3140638676527834,0.12527680642789318,0.08039315398909375,0.10740924842701932,0.1163393096578968
sub-RID0420,RD01-RD02,parahippocampal,W,8,0.4893632928257712,0.3228704214560971,0.15008239706399762,0.08728880388660257,0.12266926141020573,0.07962092285310449
sub-RID0420,RD04-RD05,temporal_neocortex,W,8,0.4268767336398126,0.28438232628562343,0.11487490061377216,0.12465402766183031,0.08474136365160251,0.05962166937416019
sub-RID0420,RD05-RD06,temporal_neocortex,W,8,0.4847858657919827,0.28566040798346565,0.11899985985967979,0.09754990385912524,0.09751098556769855,0.06364834677195433
sub-RID0420,RD06-RD07,temporal_neocortex,W,8,0.3920119766111311,0.2674567135915439,0.10711162744703093,0.15138784113656956,0.10020083670934414,0.06361172922267644
sub-RID0420,RD07-RD08,temporal_neocortex,W,8,0.37982926276643164,0.26476742352071814,0.11587833198642761,0.1438981620247917,0.09295713986306758,0.06250820927402659
sub-RID0420,RD08-RD09,temporal_neocortex,W,8,0.4437136657851101,0.22073255436332176,0.06602876573491917,0.11309756952833244,0.1263518086060951,0.29339940619338045
sub-RID0420,RD09-RD10,temporal_neocortex,W,8,0.5860219124326372,0.307251196845124,0.10954278707776566,0.07982894651790003,0.09439112873145888,0.08055970054894407
sub-RID0420,LA07-LA08,temporal_neocortex,N2,8,0.748026485046366,0.4109927346491226,0.10686494933936776,0.037163915318875064,0.019080378468062605,0.0064353895310136165
sub-RID0420,LA08-LA09,temporal_neocortex,N2,8,0.7518952106458858,0.4399753931911159,0.1148767236897702,0.02730198528709162,0.01618566262777966,0.004600748139985138
sub-RID0420,LA09-LA10,temporal_neocortex,N2,8,0.6651964141611457,0.39675702425959203,0.13802737115272537,0.061924467183931686,0.01282633464977958,0.0032105140045042635
sub-RID0420,LA10-LA11,temporal_neocortex,N2,8,0.712440696783259,0.45908037466227647,0.13825288712334932,0.04297232946215072,0.012141661052420118,0.0020901381630557495
sub-RID0420,LB03-LB04,hippocampal,N2,8,0.7989492263661432,0.5477917591284525,0.10158051522145334,0.027831656169644628,0.014786704221588814,0.011563507016547589
sub-RID0420,LB04-LB05,hippocampal,N2,8,0.7448129879086308,0.5507714470011942,0.1245599144740409,0.03295605419524878,0.0241390807464154,0.01801372636641276
sub-RID0420,LB06-LB07,temporal_neocortex,N2,8,0.6168423173617795,0.3759459537081006,0.13861249473093082,0.06899827036347486,0.024019173212331883,0.00767490509472846
sub-RID0420,LB07-LB08,temporal_neocortex,N2,8,0.5716188446227509,0.3450984849685532,0.13988677932812493,0.08870079682910322,0.039526293100126744,0.014924885714537902
sub-RID0420,LB08-LB09,temporal_neocortex,N2,8,0.699700353321294,0.3877537439105732,0.10400243578471252,0.07018264507348701,0.015828961673692625,0.004089482598282467
sub-RID0420,LB09-LB10,temporal_neocortex,N2,8,0.7387164476218988,0.39868957551718376,0.08852224375664106,0.04721831061732709,0.024956170763759535,0.011835900297872147
sub-RID0420,LB10-LB11,temporal_neocortex,N2,8,0.541756476470036,0.3392286310682167,0.133728661707743,0.12745502442145773,0.038560725834366025,0.013719651551549646
sub-RID0420,LC06-LC07,temporal_neocortex,N2,8,0.4662610201349565,0.3114437221582439,0.14880149300205497,0.10979744788191051,0.01579551415712065,0.003758145473663271
sub-RID0420,LC07-LC08,temporal_neocortex,N2,8,0.46158961381700214,0.3033103448317427,0.13494718215491358,0.13517754716610772,0.013329361218495973,0.002890659864683289
sub-RID0420,LC08-LC09,temporal_neocortex,N2,8,0.7482454226839186,0.4142050222892924,0.09562395992321183,0.050445531008719596,0.008114129390713327,0.0025223207421161587
sub-RID0420,LC09-LC10,temporal_neocortex,N2,8,0.4014695245308604,0.282652802098664,0.18761375140640824,0.148418597333679,0.059443604618330974,0.020034193112355776
sub-RID0420,LD04-LD05,temporal_neocortex,N2,8,0.7410078545593262,0.41592991740311697,0.12264136883458826,0.019994538358406505,0.005940855688196466,0.0011515897600058878
sub-RID0420,LD05-LD06,temporal_neocortex,N2,8,0.8695734270292379,0.37148880685393726,0.08117385631447027,0.007343683971183837,0.0030178333965366877,0.0005760471090844269
sub-RID0420,LE03-LE04,temporal_neocortex,N2,8,0.7845000199203016,0.3864916978701284,0.0946289087672465,0.029278671129981323,0.011191598554531917,0.004221718715469302
sub-RID0420,LE04-LE05,temporal_neocortex,N2,8,0.5968870395663193,0.37856878415626,0.13854057841282102,0.09957811732216484,0.019478291457269696,0.007072344704334925
sub-RID0420,LE05-LE06,temporal_neocortex,N2,8,0.84742628311173,0.42199524122076515,0.07343685334907908,0.02314770587190329,0.004320909176260982,0.0012828097727587199
sub-RID0420,LE06-LE07,temporal_neocortex,N2,8,0.5747517016565273,0.43691080063916976,0.15496727023948836,0.09091157211943862,0.02857485891770549,0.0058220925740331535
sub-RID0420,LG05-LG06,temporal_neocortex,N2,8,0.7655135317103379,0.4402460074049033,0.08998394736523005,0.04032594777039991,0.022180376024330248,0.01314746245895984
sub-RID0420,LG06-LG07,temporal_neocortex,N2,8,0.8208788294576256,0.4518595896565759,0.07886793090499795,0.026468985285841327,0.020434484608968857,0.011253935932614584
sub-RID0420,LG07-LG08,temporal_neocortex,N2,8,0.7610891825307033,0.3712755142717383,0.09627092309180058,0.03434400096233663,0.02762754069180027,0.014985975477010334
sub-RID0420,RB03-RB04,parahippocampal,N2,8,0.8030427350165731,0.4486117484488725,0.09852498429928233,0.0280389977554622,0.020573001768271593,0.009970106171780152
sub-RID0420,RB07-RB08,temporal_neocortex,N2,8,0.5818176524791667,0.3522426463997306,0.10659251372427418,0.11218663077488983,0.05462868062000497,0.014072635972709644
sub-RID0420,RB08-RB09,temporal_neocortex,N2,8,0.6385778599353219,0.3437053556589209,0.0869628796027446,0.1161806738418818,0.028478249684219654,0.008564670720946315
sub-RID0420,RB09-RB10,temporal_neocortex,N2,8,0.5190992149586031,0.2921938326173566,0.10058190414529927,0.17188103242516287,0.022372676716918637,0.0064586504499278856
sub-RID0420,RB10-RB11,temporal_neocortex,N2,8,0.765830923747304,0.34437367030205324,0.07329711774232128,0.06265551480828012,0.02279225316616821,0.008433221382215472
sub-RID0420,RD01-RD02,parahippocampal,N2,8,0.5975636448830182,0.3644007319760445,0.12638849614409556,0.10941571737874359,0.05767332900565053,0.03126566949915875
sub-RID0420,RD04-RD05,temporal_neocortex,N2,8,0.5542517271408909,0.3149581522011806,0.12346010584487212,0.09607398359187304,0.026035786386978392,0.0067907627106313685
sub-RID0420,RD05-RD06,temporal_neocortex,N2,8,0.6324002353324569,0.3472307733413992,0.105146054453138,0.08678100135196977,0.047755845338136954,0.013418100975756034
sub-RID0420,RD06-RD07,temporal_neocortex,N2,8,0.4882644720322926,0.30591826570661756,0.09576971809986194,0.16905386897914074,0.03065151953353508,0.006822805698019078
sub-RID0420,RD07-RD08,temporal_neocortex,N2,8,0.4714298912696884,0.3010909502909768,0.11102513938819254,0.1569493937739702,0.03278563750843312,0.008915957619449487
sub-RID0420,RD08-RD09,temporal_neocortex,N2,8,0.4794173785545296,0.3035201609486746,0.09003708515922418,0.18108077541625406,0.026092561571328297,0.007460338590560134
sub-RID0420,RD09-RD10,temporal_neocortex,N2,8,0.4519002447333176,0.30520515746410015,0.11017100774480534,0.1990621622762161,0.06666262872837854,0.022853194880379263
sub-RID0420,LG08-LG09,temporal_neocortex,N2,7,0.7950260007213122,0.3835323184777229,0.06360625430688081,0.028484132454655368,0.013071564992637971,0.003629822491913604
sub-RID0420,LA07-LA08,temporal_neocortex,N3,8,0.8961593610088158,0.3728676607196251,0.06227621032921553,0.0074074254547367106,0.004759091324641874,0.0018686195484463415
sub-RID0420,LA08-LA09,temporal_neocortex,N3,8,0.8836468816206339,0.4130439059285353,0.07361396738361656,0.007379180808571996,0.004336897987913783,0.0015037475826948233
sub-RID0420,LA09-LA10,temporal_neocortex,N3,8,0.7878243923600956,0.3818797901594852,0.11716565190402912,0.012536471677603085,0.004094535634412548,0.0011870900146685576
sub-RID0420,LA10-LA11,temporal_neocortex,N3,8,0.8593136663646248,0.43019217845301705,0.08934840793962684,0.00792462160123507,0.002975115534226383,0.0005476193187121579
sub-RID0420,LB03-LB04,hippocampal,N3,8,0.8095935855010528,0.5562399485163743,0.09971291959095116,0.025565257219237067,0.013671676849549204,0.00606568688250821
sub-RID0420,LB04-LB05,hippocampal,N3,8,0.7842167397343192,0.5600561328850264,0.11233358223377052,0.026769544325819086,0.01887979135340513,0.008556004231470132
sub-RID0420,LB06-LB07,temporal_neocortex,N3,8,0.8155966303797968,0.3732180104777537,0.09278590112798471,0.016009306423146824,0.00833738766710708,0.002841541053047734
sub-RID0420,LB07-LB08,temporal_neocortex,N3,8,0.7934686340201613,0.3861145004966332,0.10044825275710786,0.021227852584006852,0.013257800191175877,0.005053698654149851
sub-RID0420,LB08-LB09,temporal_neocortex,N3,8,0.9174355013031306,0.32752122266644973,0.044667793677794214,0.005744072023665436,0.0023964471872414293,0.000712453224006378
sub-RID0420,LB09-LB10,temporal_neocortex,N3,8,0.8638532328217043,0.35906966467015233,0.072195734338351,0.010440135776231218,0.006970233708443038,0.0034811449859712164
sub-RID0420,LB10-LB11,temporal_neocortex,N3,8,0.7533710436779129,0.38532777191527434,0.10619836720041548,0.026243697704144364,0.013157129830735654,0.004979180925106234
sub-RID0420,LC06-LC07,temporal_neocortex,N3,8,0.6542425604343033,0.35019276472861016,0.17519912517977101,0.024520157075114842,0.0066195722320649365,0.0016670597022928977
sub-RID0420,LC07-LC08,temporal_neocortex,N3,8,0.719994165252133,0.3443923185296886,0.13197630514530637,0.018125924571848695,0.004539927648984841,0.0011519065216860562
sub-RID0420,LC08-LC09,temporal_neocortex,N3,8,0.9153594252089097,0.334151359570053,0.04915096433902018,0.004276498809254773,0.001509227074796587,0.000530823775810392
sub-RID0420,LC09-LC10,temporal_neocortex,N3,8,0.6005056976483845,0.3674839949333158,0.2024174698317189,0.04725460171012811,0.022803969720067145,0.00860482013999855
sub-RID0420,LD04-LD05,temporal_neocortex,N3,8,0.8857711343838497,0.3963842216762814,0.07231740549791485,0.0037312145005165796,0.0016901599495297778,0.00037078823839647177
sub-RID0420,LD05-LD06,temporal_neocortex,N3,8,0.9139508690888902,0.34243567117107476,0.06400204374317899,0.0017788476856328726,0.0009764446157183177,0.00021809207546453796
sub-RID0420,LE03-LE04,temporal_neocortex,N3,8,0.9333560300468431,0.36114921936532174,0.03562484313747272,0.005688358910470145,0.002775330407316431,0.0014396692516357216
sub-RID0420,LE04-LE05,temporal_neocortex,N3,8,0.8047972370457823,0.3722193157448932,0.09695563863192705,0.017282020618691423,0.0054458162275984965,0.002710533378203578
sub-RID0420,LE05-LE06,temporal_neocortex,N3,8,0.9510370365089352,0.3282720737593567,0.030159196770258807,0.002498137661406344,0.0008589219345262458,0.00031423171689259227
sub-RID0420,LE06-LE07,temporal_neocortex,N3,8,0.7773525909376942,0.4427724987238281,0.11463643394242903,0.027308617265666156,0.009135290604156333,0.0023893124638182358
sub-RID0420,LG05-LG06,temporal_neocortex,N3,8,0.9185197555685891,0.43087088517510647,0.0436351763377691,0.006567823224470085,0.005303071050538203,0.003170006370190572
sub-RID0420,LG06-LG07,temporal_neocortex,N3,8,0.9294217061089607,0.41485684224589403,0.04090712921389165,0.005279407008623725,0.004845440438144267,0.002760241203119395
sub-RID0420,LG07-LG08,temporal_neocortex,N3,8,0.872267593688679,0.42798901768896713,0.06112708311022602,0.014660204778761777,0.011904313715536623,0.006412287100334703
sub-RID0420,LG08-LG09,temporal_neocortex,N3,8,0.884307916165267,0.4124486846647735,0.04995030899895746,0.011238108384089514,0.005160687059883283,0.0014155934250889607
sub-RID0420,RB03-RB04,parahippocampal,N3,8,0.8880126973141331,0.42802234238917647,0.06548082320595883,0.014035329837646913,0.004528538022817628,0.0019433382279395147
sub-RID0420,RB07-RB08,temporal_neocortex,N3,8,0.9290924258956058,0.34002587572118514,0.03788769994594057,0.00750996447267048,0.005437707577809094,0.0017655669792071612
sub-RID0420,RB08-RB09,temporal_neocortex,N3,8,0.9236043016362254,0.28542490269622833,0.040909907034331346,0.006599062131847439,0.003284035409095678,0.0011542021523311724
sub-RID0420,RB09-RB10,temporal_neocortex,N3,8,0.8623349047679536,0.31408363811793444,0.0724927189980879,0.010107257500800382,0.0025655296928906767,0.0011528388127590478
sub-RID0420,RB10-RB11,temporal_neocortex,N3,8,0.9509500722290878,0.2802119124170532,0.02994706450512554,0.00318499612523561,0.0018918278293885021,0.0007890128557332674
sub-RID0420,RD01-RD02,parahippocampal,N3,8,0.8469598047919009,0.42219404374998093,0.06851002046470155,0.03394985244573632,0.011465397976728756,0.006009067166874696
sub-RID0420,RD04-RD05,temporal_neocortex,N3,8,0.8222103158018315,0.2990301858351153,0.0963535870055273,0.013417554302893162,0.005017360203644957,0.0015251538501907058
sub-RID0420,RD05-RD06,temporal_neocortex,N3,8,0.916019966484102,0.3073507919769156,0.04432245887942533,0.008311643227909345,0.0056369904195431,0.0019083740080215572
sub-RID0420,RD06-RD07,temporal_neocortex,N3,8,0.8752323344826604,0.31786156590237213,0.0653197618386323,0.011292388341000686,0.004924022804145731,0.0014832177897286746
sub-RID0420,RD07-RD08,temporal_neocortex,N3,8,0.8527272906392105,0.34930482026364934,0.07904014149318704,0.01125138195383378,0.005198902434026878,0.0019000499193749666
sub-RID0420,RD08-RD09,temporal_neocortex,N3,8,0.8302700073075225,0.3225668899900682,0.0879024221783758,0.013262492194778042,0.003841319110473998,0.0016256216549471447
sub-RID0420,RD09-RD10,temporal_neocortex,N3,8,0.7325302793688204,0.38467631697660964,0.12152830098923442,0.038239622819797606,0.01701032033545826,0.006758026478478587
sub-RID0424,LA01-LA02,amygdala,W,8,0.7016831136291403,0.4554845504904198,0.12167828601468789,0.045089429914135844,0.038693607842593514,0.028730363468423753
sub-RID0424,LA02-LA03,amygdala,W,8,0.5798663478820454,0.40566723445485736,0.15266842675007297,0.06045227355634388,0.05278822903193779,0.06310848332232993
sub-RID0424,LA03-LA04,amygdala,W,8,0.5866376849646521,0.45338306843895726,0.22338642336837736,0.0431515947867428,0.024245921247713603,0.022257227171820382
sub-RID0424,LA09-LA10,temporal_neocortex,W,6,0.800971777994797,0.45928398867341286,0.10093650050424814,0.027277032288321148,0.01909149824815365,0.010040963024600143
sub-RID0424,LA10-LA11,temporal_neocortex,W,6,0.7589696239469913,0.4163083975678649,0.09510485802827988,0.044207309595497984,0.03682544455368852,0.015239975772983326
sub-RID0424,LB01-LB02,hippocampal,W,8,0.570110697493919,0.3682306784156941,0.18441115550296255,0.07017304463861335,0.06357585802056852,0.010175051964637909
sub-RID0424,LB02-LB03,hippocampal,W,8,0.5563360902364498,0.37053993515320416,0.19686462466128885,0.07799681427900977,0.044134498979338896,0.005831352885681656
sub-RID0424,LB05-LB06,temporal_neocortex,W,8,0.5525310083787921,0.43120125118904706,0.19039895429037457,0.07344235768404471,0.07263896088795257,0.011826524422694606
sub-RID0424,LB06-LB07,temporal_neocortex,W,8,0.446452871880239,0.34555204958971025,0.20811224757506996,0.08722183229366584,0.07132602567364313,0.012187048783306792
sub-RID0424,LB07-LB08,temporal_neocortex,W,8,0.35672199550244454,0.2722088053173219,0.199940420916085,0.1303966638053375,0.06979774286080079,0.0064522268258795
sub-RID0424,LB08-LB09,temporal_neocortex,W,8,0.7022363095584403,0.49337009837470547,0.12511630213220312,0.054278221718012665,0.032481202631783654,0.0042455421938798095
sub-RID0424,LB09-LB10,temporal_neocortex,W,8,0.24965436840536306,0.20531092523535907,0.21072754792788695,0.1659761987663299,0.11756563942503873,0.0410972548453814
sub-RID0424,LC01-LC02,parahippocampal,W,8,0.71296463406306,0.4023233301587924,0.13741015722665156,0.03791926841592692,0.027465202544046424,0.007949494587731327
sub-RID0424,LC06-LC07,temporal_neocortex,W,8,0.451973058053188,0.30409181605990376,0.11875492973588579,0.11785138961661001,0.11992842510952614,0.028601701885255314
sub-RID0424,LC07-LC08,temporal_neocortex,W,8,0.41455962984559147,0.2510377970349049,0.12249149458138929,0.1275734859695876,0.15029370104207446,0.05764370255120945
sub-RID0424,LC08-LC09,temporal_neocortex,W,8,0.382889920125317,0.24369779490663818,0.1340011658091017,0.13673720709501092,0.08762727056784088,0.056406580426024325
sub-RID0424,LC09-LC10,temporal_neocortex,W,8,0.4899866585748417,0.3170747689281715,0.12991791233936684,0.11602808430430225,0.056594381870271826,0.0042395714598803735
sub-RID0424,RA09-RA10,temporal_neocortex,W,5,0.8128143030450257,0.4481998598663718,0.09856552768893698,0.023429173668932598,0.014596218382304783,0.00693613309982688
sub-RID0424,RB08-RB09,temporal_neocortex,W,8,0.40745544143214685,0.30400331738003694,0.12233872080422144,0.16685851099281251,0.08393261395208482,0.01847552510407145
sub-RID0424,RB09-RB10,temporal_neocortex,W,8,0.2888378772031264,0.23925898539041773,0.1371005969051075,0.2015392676085806,0.07760823565933714,0.01777647663551153
sub-RID0424,RC08-RC09,temporal_neocortex,W,8,0.48820286375750066,0.30426337632445655,0.10568983992628628,0.11817961757886046,0.14067438645999236,0.02947279240817913
sub-RID0424,RC09-RC10,temporal_neocortex,W,8,0.19452717385931279,0.15985479062696345,0.1395573951858975,0.23387707945894093,0.18022345871083928,0.08220704941854609
sub-RID0424,RI03-RI04,temporal_neocortex,W,8,0.43840098140381933,0.32692710132648706,0.1684744024101578,0.1087909993702379,0.05580413736981057,0.011571117279685263
sub-RID0424,RI04-RI05,temporal_neocortex,W,8,0.3829155601280035,0.2894031337586614,0.16172437045340732,0.1297696463053876,0.09419132794457795,0.0324739203717439
sub-RID0424,RI05-RI06,temporal_neocortex,W,8,0.34730322004095127,0.2599359157103756,0.1848517611082391,0.1174362658544286,0.04457555154401745,0.006358722245327134
sub-RID0424,RI06-RI07,temporal_neocortex,W,8,0.40096066251616047,0.27979090304407134,0.15082647632184326,0.1262752721815369,0.07245878831554418,0.054103667781566354
sub-RID0424,LA01-LA02,amygdala,N2,8,0.699647445966391,0.4565249378469606,0.10280792550462506,0.06259344714992973,0.05127119587792299,0.02622620724614349
sub-RID0424,LA02-LA03,amygdala,N2,8,0.6607728927759726,0.46358764669376246,0.1441566581028537,0.04815031240860858,0.03872581789704353,0.040387669490368594
sub-RID0424,LA03-LA04,amygdala,N2,8,0.6298031267965469,0.43345867558191126,0.1897589428196762,0.03645454608360709,0.023606545576229473,0.022206120024733822
sub-RID0424,LA09-LA10,temporal_neocortex,N2,8,0.6316135862790535,0.3861694640787142,0.1729951108587438,0.04520019203597497,0.01767706159046904,0.0014090027408295504
sub-RID0424,LA10-LA11,temporal_neocortex,N2,8,0.8154858958007276,0.47673063497047713,0.10558981980692193,0.01821848423526794,0.00595502304008356,0.0010847356579249076
sub-RID0424,LB01-LB02,hippocampal,N2,8,0.5651393111756895,0.427838793812599,0.21133157766502875,0.053511562697646856,0.04085906206576401,0.011703531285902877
sub-RID0424,LB02-LB03,hippocampal,N2,8,0.6730094538951829,0.4068912102289318,0.15114465836725977,0.047187843841440286,0.02451222162208687,0.005784234760067985
sub-RID0424,LB05-LB06,temporal_neocortex,N2,8,0.7620532658040233,0.5275219857391247,0.09656561680213588,0.03977108703810018,0.02687287148668552,0.004184812404589967
sub-RID0424,LB06-LB07,temporal_neocortex,N2,8,0.6056184316079143,0.4398136066279943,0.14822508326259054,0.07338393726259948,0.0383496744920799,0.007615494269334201
sub-RID0424,LB07-LB08,temporal_neocortex,N2,8,0.5584295963808674,0.3536333346637389,0.17788296467240877,0.07768602303567593,0.027861560261630294,0.0027108051195688047
sub-RID0424,LB08-LB09,temporal_neocortex,N2,8,0.8501264188873223,0.4826959243646239,0.07032481000718971,0.023254801391264374,0.009492061317819996,0.0011514101179745226
sub-RID0424,LB09-LB10,temporal_neocortex,N2,8,0.3041916558201855,0.2430908009603248,0.23827178825345097,0.1603825329691588,0.07237754834452992,0.008870170930572647
sub-RID0424,LC01-LC02,parahippocampal,N2,8,0.7461484815690334,0.3966561894773248,0.11715042906426286,0.03715345586021101,0.02185381949692796,0.006430608250091799
sub-RID0424,LC06-LC07,temporal_neocortex,N2,8,0.5494314285366309,0.33833774029065755,0.16487068764021998,0.08310693345482344,0.041765149470100585,0.007030054631156996
sub-RID0424,LC07-LC08,temporal_neocortex,N2,8,0.5033253803182522,0.2957070657005644,0.129575441434491,0.12152365535116644,0.06679971872200338,0.012253971630293323
sub-RID0424,LC08-LC09,temporal_neocortex,N2,8,0.4605358016197183,0.2849394534838888,0.21853562330863965,0.08781111996548102,0.03590742862381642,0.014944179877351796
sub-RID0424,LC09-LC10,temporal_neocortex,N2,8,0.6477255080765647,0.3547031180633465,0.15015901842303042,0.055256204115101015,0.01353876536753968,0.0008318535398627473
sub-RID0424,RA09-RA10,temporal_neocortex,N2,8,0.5895736100637076,0.3680482850560548,0.12873021085719985,0.10654952789843053,0.05641081660140834,0.00876497664648578
sub-RID0424,RB08-RB09,temporal_neocortex,N2,8,0.6468413527233426,0.35672518784314916,0.10914970604165217,0.08778472941350195,0.03336148164436932,0.00529870184638878
sub-RID0424,RB09-RB10,temporal_neocortex,N2,8,0.5835700871555056,0.36558992319813993,0.1367506763410964,0.09554026522089047,0.028010005330179284,0.0029041728583235346
sub-RID0424,RC08-RC09,temporal_neocortex,N2,8,0.6881527058745942,0.40185870778993016,0.13911486704792517,0.053851425015099104,0.03927803383844489,0.008792726452078004
sub-RID0424,RC09-RC10,temporal_neocortex,N2,8,0.3857149727044423,0.2624096063728986,0.22571843614752074,0.12174582741784215,0.08033082659130478,0.014428689891658875
sub-RID0424,RI03-RI04,temporal_neocortex,N2,8,0.8000205686215238,0.49255823872332083,0.11354401116693921,0.02088652284284439,0.010383807374616949,0.002903823756019471
sub-RID0424,RI04-RI05,temporal_neocortex,N2,8,0.7416836585510245,0.42582259108232867,0.12696594712134887,0.03391163663768999,0.026615467286438148,0.010596406072050254
sub-RID0424,RI05-RI06,temporal_neocortex,N2,8,0.5510188878932365,0.30237409865293174,0.26333669118645053,0.04554983007926463,0.017953172295311945,0.0026860151969267413
sub-RID0424,RI06-RI07,temporal_neocortex,N2,8,0.711211735462095,0.3581218855313051,0.16221641878562088,0.027304830459178073,0.02035223960152013,0.008460499087459133
sub-RID0424,LA01-LA02,amygdala,N3,8,0.7823414654068167,0.5067314357229563,0.08705991767075277,0.03877654295578961,0.02880256158768389,0.014978241188325688
sub-RID0424,LA02-LA03,amygdala,N3,8,0.7993208347999556,0.5212160952807661,0.09106463511666535,0.028783853671527145,0.019380154378598694,0.021603979503799192
sub-RID0424,LA03-LA04,amygdala,N3,8,0.8610740963321274,0.4135096547439516,0.0726437562010241,0.01638319208649468,0.00993542823637731,0.010400941544715329
sub-RID0424,LB01-LB02,hippocampal,N3,8,0.7884195738588209,0.4561376166760008,0.09835726218570426,0.029198262209692814,0.017648002432999833,0.004300314895697636
sub-RID0424,LB02-LB03,hippocampal,N3,8,0.8861290112464375,0.34257995029631166,0.05889085279016168,0.01227274217278775,0.006701843580107192,0.0017675817270881777
sub-RID0424,LB05-LB06,temporal_neocortex,N3,8,0.9386708432842595,0.4407871844131621,0.03336926915176114,0.006765145120721084,0.004267606897313423,0.00124403290935368
sub-RID0424,LB06-LB07,temporal_neocortex,N3,8,0.8899496266046514,0.44513730139762564,0.05822274873460854,0.011997684340625987,0.008045678975514042,0.003082430908121346
sub-RID0424,LB07-LB08,temporal_neocortex,N3,8,0.930312018420868,0.32526568888384033,0.039286359583335546,0.007469505402275554,0.0033465725871908935,0.000729892407727834
sub-RID0424,LB08-LB09,temporal_neocortex,N3,8,0.9696243993735802,0.31126284201887244,0.017937853007335934,0.0025440426067306387,0.0015348970623207004,0.0003925463067404387
sub-RID0424,LB09-LB10,temporal_neocortex,N3,8,0.7705450675175751,0.4232433912824979,0.11342567597090093,0.03132396835482705,0.016766577031958028,0.005661886057832068
sub-RID0424,LC01-LC02,parahippocampal,N3,8,0.9431003054161161,0.2940226897755014,0.02676367902682393,0.010953005681876522,0.004516942389746596,0.0014145157325867533
sub-RID0424,LC06-LC07,temporal_neocortex,N3,8,0.8665319634076889,0.3821767804259695,0.06803358720407605,0.01803538847824897,0.008706873642659964,0.0026588601920418025
sub-RID0424,LC07-LC08,temporal_neocortex,N3,8,0.8620265349718764,0.38020382292382565,0.060767059525543975,0.021663197009860934,0.012909855394438594,0.005959971885123843
sub-RID0424,LC08-LC09,temporal_neocortex,N3,8,0.833816929375318,0.35771824549031184,0.09046490102064475,0.016637701370517836,0.010822809234150021,0.009836940560216934
sub-RID0424,LC09-LC10,temporal_neocortex,N3,8,0.9147905818777631,0.3526857470601354,0.05338672893357179,0.006992814627933508,0.0019829071297315275,0.00030426408955049966
sub-RID0424,RA09-RA10,temporal_neocortex,N3,8,0.8104522563697933,0.4443860255408016,0.0978489779921589,0.024138553746771915,0.014861736909795357,0.004744757028842545
sub-RID0424,RB08-RB09,temporal_neocortex,N3,8,0.9097615917496866,0.3494046539563815,0.05237952176269897,0.009912626744028635,0.0047086701795195345,0.001895242321034835
sub-RID0424,RB09-RB10,temporal_neocortex,N3,8,0.9205406412384478,0.3830772436564039,0.04621939881550117,0.008582861045008074,0.0032354648875493096,0.0007499226874072753
sub-RID0424,RC08-RC09,temporal_neocortex,N3,8,0.9212694721735724,0.4253099673239672,0.04726920894002545,0.007520005505688695,0.004766450483398374,0.0019124882841894892
sub-RID0424,RC09-RC10,temporal_neocortex,N3,8,0.7674144238057137,0.4884739195548391,0.11789663130874935,0.029109144727852705,0.019512958956715478,0.005802232170647804
sub-RID0424,RI03-RI04,temporal_neocortex,N3,8,0.9538002332921178,0.3761564693652819,0.029145455697215376,0.003183699783765006,0.002161654333819797,0.0011556092036974306
sub-RID0424,RI04-RI05,temporal_neocortex,N3,8,0.9150608261873566,0.3998093587419382,0.04986786503835919,0.0071105429721143865,0.0068337990095526996,0.004333961630328557
sub-RID0424,RI05-RI06,temporal_neocortex,N3,8,0.9299632645489875,0.2994157044295092,0.0493138386975914,0.003911624064237489,0.0020980209287666278,0.0007487705031029953
sub-RID0424,RI06-RI07,temporal_neocortex,N3,8,0.959244029816791,0.2886054523631377,0.02565283540834672,0.0026163695417290214,0.0023067765722116843,0.001464561951089348
sub-RID0424,LA09-LA10,temporal_neocortex,N3,4,0.938521232714337,0.33652899865542996,0.03899975058472807,0.0050375320196190355,0.0018585531239364466,0.0004845927224234756
sub-RID0424,LA10-LA11,temporal_neocortex,N3,4,0.931810464612585,0.3277206143926972,0.04104460238177259,0.007379537767268561,0.002895258385908085,0.002150401525962198
sub-RID0424,LA01-LA02,amygdala,R,8,0.7583487266033475,0.4043589095966934,0.08632563807019064,0.041980099667249735,0.04110585349079407,0.029639933402572226
sub-RID0424,LA02-LA03,amygdala,R,8,0.7199642784109772,0.40966487458275674,0.11024225228171564,0.04281360492755548,0.03839667560856639,0.04266982408419077
sub-RID0424,LA03-LA04,amygdala,R,8,0.6754950097883875,0.46437498889137474,0.1557102369573743,0.039558847059019506,0.02539961980484668,0.0244680060302747
sub-RID0424,LA09-LA10,temporal_neocortex,R,8,0.6922835053805658,0.5381726979163073,0.15011069886238898,0.041668408615634214,0.019946258421890295,0.0017152684181026808
sub-RID0424,LA10-LA11,temporal_neocortex,R,8,0.8167165166126954,0.5546882825873372,0.10103665305868452,0.020250815962076764,0.008108950051697952,0.0010899837673684749
sub-RID0424,LB01-LB02,hippocampal,R,8,0.5779789679660214,0.43185700632666046,0.18608265844151303,0.043942088707365906,0.055099285017645584,0.0239538678332857
sub-RID0424,LB02-LB03,hippocampal,R,8,0.6457629160038112,0.4417196126762442,0.14390797000327765,0.06672911472860166,0.034473242682019616,0.009733433043957351
sub-RID0424,LB05-LB06,temporal_neocortex,R,8,0.6907799925407594,0.5229662638890715,0.13385520811363089,0.049448945830622176,0.038625820124879084,0.005980126587166168
sub-RID0424,LB06-LB07,temporal_neocortex,R,8,0.5081299200058782,0.4065266159456184,0.20717173027282446,0.082777020393325,0.04722601485275665,0.009234854733692566
sub-RID0424,LB07-LB08,temporal_neocortex,R,8,0.42294856583010076,0.3440893988790935,0.20733757227220176,0.1333920528535155,0.0482447320316806,0.004603363280565442
sub-RID0424,LB08-LB09,temporal_neocortex,R,8,0.7876934565098725,0.5641076341949645,0.10491243242186218,0.03239993840981659,0.01870946301822259,0.002288375820317658
sub-RID0424,LB09-LB10,temporal_neocortex,R,8,0.23184657771178008,0.20724352126357606,0.2005220759778278,0.23932187864623644,0.10880502075372248,0.01480342017112298
sub-RID0424,LC01-LC02,parahippocampal,R,8,0.7298615353255419,0.49298447052123606,0.12178576368163352,0.044081295684358715,0.02725023596903376,0.009110911408414721
sub-RID0424,LC06-LC07,temporal_neocortex,R,8,0.44550754671795667,0.33215335699293,0.14672096098251625,0.14244460089446248,0.07723832945295242,0.013081986448203867
sub-RID0424,LC07-LC08,temporal_neocortex,R,8,0.4375744530640264,0.30698142455940813,0.12598031451282696,0.15035502319761251,0.11574257923896422,0.02802311055116379
sub-RID0424,LC08-LC09,temporal_neocortex,R,8,0.44139373962828965,0.31460623305957386,0.14158677839832612,0.12464679893744018,0.0707045301554822,0.035419748877342935
sub-RID0424,LC09-LC10,temporal_neocortex,R,8,0.5046784497379024,0.3662167092605555,0.1547164048318571,0.12458289945258685,0.03701925613557697,0.002126854006749104
sub-RID0424,RA09-RA10,temporal_neocortex,R,6,0.74205691376625,0.48559264922233747,0.08918153199271701,0.05748880871272166,0.03905488460873744,0.010102006120446583
sub-RID0424,RB08-RB09,temporal_neocortex,R,8,0.44039652734035273,0.2806519573470928,0.09551620454123794,0.2148574862449989,0.08766098707372746,0.025979100664158185
sub-RID0424,RB09-RB10,temporal_neocortex,R,8,0.3904815164761414,0.30421667826994647,0.13996666426194265,0.18829382289418825,0.08427737443917271,0.021439956852382955
sub-RID0424,RC08-RC09,temporal_neocortex,R,8,0.6037676915053023,0.4325824580001476,0.1364545694537762,0.08138647302181495,0.07270759827071999,0.01797854033138896
sub-RID0424,RC09-RC10,temporal_neocortex,R,8,0.2829003606977256,0.22038754145331674,0.16625413184596716,0.1855954160235992,0.15307333947403517,0.040501406173598715
sub-RID0424,RI03-RI04,temporal_neocortex,R,8,0.6069116105365149,0.4225772985042051,0.18014652962075545,0.056490913624829595,0.028475946800894453,0.007058179313768445
sub-RID0424,RI04-RI05,temporal_neocortex,R,8,0.5122972341356141,0.37233029573775833,0.19838257109095903,0.06854288206493023,0.06121850845136926,0.02681854742877552
sub-RID0424,RI05-RI06,temporal_neocortex,R,8,0.35850947428404617,0.24746515546793668,0.27511488415948004,0.10651080008539547,0.05124715384073405,0.006360712727641183
sub-RID0424,RI06-RI07,temporal_neocortex,R,8,0.5023105345816911,0.3391928005945116,0.1937054188148702,0.07075758063178961,0.05844611090566248,0.030806064124084008
sub-RID0440,LB01-LB02,hippocampal,W,8,0.49587593752783715,0.3566112013470457,0.19537541744241393,0.06522916129389872,0.09394825620520923,0.08887640322083412
sub-RID0440,LB05-LB06,temporal_neocortex,W,8,0.3934053959338413,0.28031566340668346,0.21094747780854645,0.10246790475870443,0.11836575942034588,0.08752046422104133
sub-RID0440,LB06-LB07,temporal_neocortex,W,8,0.40054584164038,0.29835925944723474,0.21266127399627638,0.09008372110396945,0.1087269939041498,0.08402136333660239
sub-RID0440,LB07-LB08,temporal_neocortex,W,8,0.41984100526877643,0.3020731522008665,0.21867680457619101,0.07828033582178712,0.09700883867114521,0.14283309964580929
sub-RID0440,LB08-LB09,temporal_neocortex,W,8,0.40328374445232,0.29417383109949413,0.23506541026503067,0.07980937410054788,0.11082643390378195,0.11160949456870614
sub-RID0440,RB05-RB06,temporal_neocortex,W,8,0.34589077113773636,0.2619210746963181,0.19647038853444063,0.11639252026003219,0.11563348920967312,0.08598997828813888
sub-RID0440,RB06-RB07,temporal_neocortex,W,8,0.481881921484877,0.3005430435218368,0.18370969652827002,0.07622952785430577,0.09464339307101624,0.0701025685367604
sub-RID0440,RB07-RB08,temporal_neocortex,W,6,0.38628626755426204,0.24079995866750445,0.17829920552987644,0.10625162012037509,0.14101529157560855,0.11299904334739684
sub-RID0440,RE02-RE03,temporal_neocortex,W,8,0.30420133863672283,0.19795253811559826,0.14898581747532386,0.0948913685787645,0.1857001715108067,0.41082668133499745
sub-RID0440,RE03-RE04,temporal_neocortex,W,8,0.4308602248570667,0.2773458620336544,0.1752144259011818,0.0959473325287036,0.12273950815328467,0.09243948242845672
sub-RID0440,RE04-RE05,temporal_neocortex,W,8,0.4382753673895229,0.2641268762556912,0.2154128828098475,0.08458003229492925,0.1089161590569149,0.07672282227743517
sub-RID0440,RE05-RE06,temporal_neocortex,W,8,0.2729130165514102,0.20759965503304595,0.2733124303102653,0.10789326013048527,0.1408382504140979,0.12009340569672891
sub-RID0440,LB01-LB02,hippocampal,N2,8,0.7642713132091001,0.5519174345878997,0.11756074871465005,0.02408891785056748,0.023624129129375247,0.022325697239349677
sub-RID0440,LB05-LB06,temporal_neocortex,N2,8,0.6215587689344891,0.41325863671662966,0.17049096864224914,0.05276249095889339,0.035021334071052374,0.010022442713838346
sub-RID0440,LB06-LB07,temporal_neocortex,N2,8,0.5917657744895483,0.3718968935827621,0.21459110260375808,0.03454365684093853,0.024041728562458155,0.008928499436372715
sub-RID0440,LB07-LB08,temporal_neocortex,N2,8,0.693228642336788,0.4460164134864,0.1624371654267348,0.02164266934432122,0.007572235210129936,0.002555457790958115
sub-RID0440,LB08-LB09,temporal_neocortex,N2,8,0.6401428589189222,0.4650758783569457,0.181190356039347,0.04472324307152879,0.022275533582089998,0.0063002375520029375
sub-RID0440,RB05-RB06,temporal_neocortex,N2,8,0.7430067704496529,0.45123670561455964,0.12100854329467334,0.02968910232855703,0.02327293814060849,0.00903192159859092
sub-RID0440,RB06-RB07,temporal_neocortex,N2,8,0.7074719326728705,0.3811902547845798,0.1668477384581227,0.021649118923352216,0.009991370018637945,0.003988007385840759
sub-RID0440,RB07-RB08,temporal_neocortex,N2,8,0.6586716102685758,0.41332964636175545,0.14552519747558676,0.04589816676655371,0.033528311766025845,0.016381432668388037
sub-RID0440,RE02-RE03,temporal_neocortex,N2,8,0.7809255437028573,0.4866823056770132,0.09562427231151703,0.04032879505081902,0.022182881319641932,0.011975851979608421
sub-RID0440,RE03-RE04,temporal_neocortex,N2,8,0.8442388328634496,0.5209726344820473,0.06297164704233607,0.024409684540817204,0.019669059077215445,0.009069331986365337
sub-RID0440,RE04-RE05,temporal_neocortex,N2,8,0.8121100588428918,0.4644217061993396,0.08339191112027002,0.023962071202537422,0.017355322283785897,0.00693355249647372
sub-RID0440,RE05-RE06,temporal_neocortex,N2,8,0.5440321234672951,0.3891510022213669,0.21012601162798022,0.06485331649994765,0.03454617423717783,0.010157232124161515
sub-RID0440,LB01-LB02,hippocampal,N3,8,0.8602558604026902,0.50308612861803,0.08285632435020404,0.011797332025717946,0.008970956508531925,0.006600107268776379
sub-RID0440,LB05-LB06,temporal_neocortex,N3,8,0.9498618912346979,0.3880312793027014,0.030850096795652704,0.0037510788858069423,0.0028117296230377783,0.001200497472528283
sub-RID0440,LB06-LB07,temporal_neocortex,N3,8,0.9628726400588814,0.36684786683604315,0.024828655690992095,0.002294098949563901,0.0016705292137460558,0.0008654254849458177
sub-RID0440,LB07-LB08,temporal_neocortex,N3,8,0.9676291195333632,0.34528523929445964,0.022974639071213804,0.0015343073017276077,0.0005814581674876651,0.0002931990217618142
sub-RID0440,LB08-LB09,temporal_neocortex,N3,8,0.9140119328482692,0.4958962029506979,0.057632428925238885,0.005703293734702689,0.0026606407833615524,0.0009576679999097149
sub-RID0440,RB05-RB06,temporal_neocortex,N3,8,0.9685754785458651,0.3811482469077871,0.019588206579490744,0.002242613715385813,0.0017834806986707567,0.0008261741116462383
sub-RID0440,RB06-RB07,temporal_neocortex,N3,8,0.9823552103280495,0.26438657275776556,0.012658513791144278,0.0006669600326842514,0.00040325897654850307,0.00022243932568420747
sub-RID0440,RB07-RB08,temporal_neocortex,N3,8,0.945780780583014,0.31345861977168754,0.037516128354308925,0.002895410741290639,0.002376771998639165,0.0014086745762439653
sub-RID0440,RE02-RE03,temporal_neocortex,N3,8,0.9568420088977196,0.35154687328869405,0.024701091578724688,0.004919946875937602,0.003030009060564222,0.0020206000840023567
sub-RID0440,RE03-RE04,temporal_neocortex,N3,8,0.9656925760149851,0.3693916161185351,0.019624067771082616,0.0031683265146287875,0.002697895579188567,0.0016595977663535816
sub-RID0440,RE04-RE05,temporal_neocortex,N3,8,0.9702141232579775,0.3304111630732377,0.018002000852104405,0.002368052786321391,0.0018180660002536356,0.0011064469836708395
sub-RID0440,RE05-RE06,temporal_neocortex,N3,8,0.8842324168498015,0.42398056452804306,0.06952930354368377,0.010770252904052747,0.005391194809482596,0.0021964618418590454
sub-RID0440,LB01-LB02,hippocampal,R,8,0.8089427558964556,0.5733169744664838,0.07896991048812589,0.021316217847532598,0.03516740842091342,0.03034705514601837
sub-RID0440,LB05-LB06,temporal_neocortex,R,8,0.7637525841975588,0.48283480582576904,0.1211063031366707,0.028264738989248386,0.02274338072068642,0.00857979415520652
sub-RID0440,LB06-LB07,temporal_neocortex,R,8,0.7446912279717426,0.5090353234813538,0.13457609626325834,0.026586527206783873,0.023002799417146374,0.010262440725963547
sub-RID0440,LB07-LB08,temporal_neocortex,R,8,0.8740809048591018,0.5266855536197017,0.076867326006955,0.009449219473436545,0.006212020497001351,0.0027602720535302083
sub-RID0440,LB08-LB09,temporal_neocortex,R,8,0.7226308537609922,0.5445947661123521,0.14427134646160542,0.03276832939927993,0.02534665274246967,0.007652144858923959
sub-RID0440,RB05-RB06,temporal_neocortex,R,8,0.7433087389146089,0.4908399545388278,0.14686507612535,0.020173258461490446,0.016465880105691957,0.008015325111803192
sub-RID0440,RB06-RB07,temporal_neocortex,R,8,0.8044270504208555,0.4498511882103639,0.13055779450199695,0.010378897492609614,0.009705341546237135,0.004386036478167517
sub-RID0440,RB07-RB08,temporal_neocortex,R,8,0.7124835209281191,0.4571577801760667,0.14392278133935243,0.030174670635490446,0.03428840516087459,0.017296775046838093
sub-RID0440,RE02-RE03,temporal_neocortex,R,8,0.6564043386613618,0.45229487666353374,0.13512025570663388,0.051404805616593614,0.05784780954032494,0.0278205748265472
sub-RID0440,RE03-RE04,temporal_neocortex,R,8,0.6870950737565307,0.40344031929676094,0.11686474186549035,0.053395367525641835,0.054185092747247865,0.02636260251162812
sub-RID0440,RE04-RE05,temporal_neocortex,R,8,0.7040701085609513,0.40554167598086616,0.12934984141925496,0.03902357621906052,0.037382406898590265,0.018394908728630994
sub-RID0440,RE05-RE06,temporal_neocortex,R,8,0.46130905596684196,0.34210648638786983,0.2470189623931252,0.07134690280812864,0.06664668569010038,0.022893118125252986
sub-RID0442,LA01-LA02,amygdala,W,8,0.39896552717528955,0.30570098645248645,0.24801144023616173,0.08230526509386998,0.10003611709899876,0.08561496217627576
sub-RID0442,LA02-LA03,amygdala,W,8,0.5136922110703936,0.3606815544799805,0.1677559762134939,0.07554925025276621,0.10260102282265918,0.08410134868499411
sub-RID0442,LA07-LA08,temporal_neocortex,W,8,0.4211055396327008,0.3587370764125021,0.28066512350737227,0.06888521876403812,0.08294510817082164,0.07340522285145766
sub-RID0442,LA08-LA09,temporal_neocortex,W,8,0.45308153587974664,0.3636412744895211,0.24568369310446395,0.06822227394814648,0.08791266784801603,0.07425644009594849
sub-RID0442,LA09-LA10,temporal_neocortex,W,8,0.4697723092395749,0.34883288463333506,0.20469579798919607,0.07656801642491545,0.0973566305969839,0.07562267978813993
sub-RID0442,LA10-LA11,temporal_neocortex,W,8,0.5074263521078881,0.37959998712927245,0.20179773383287913,0.0733192461730307,0.08564411331339811,0.06768339429785365
sub-RID0442,LA11-LA12,temporal_neocortex,W,8,0.36385393809919175,0.31663077545779994,0.283101272211115,0.07916457956920099,0.10491166208831901,0.08381032514433132
sub-RID0442,LB01-LB02,hippocampal,W,8,0.4666317541702283,0.3512357788363091,0.17715683521851994,0.08232728333401898,0.11882002675851769,0.09495922021238173
sub-RID0442,LB02-LB03,hippocampal,W,8,0.368467725924187,0.27292782671739113,0.18406931623006403,0.11968828517644511,0.15280464904610902,0.09249347582653625
sub-RID0442,LB03-LB04,hippocampal,W,8,0.5008131804721101,0.37397002325347695,0.1527956483911419,0.08230710645215678,0.11392896750683637,0.09601818041465704
sub-RID0442,LB04-LB05,hippocampal,W,8,0.39420696589681103,0.31902591917407946,0.24244903856266026,0.08535900499404436,0.11974667582889999,0.09074529170451887
sub-RID0442,LB09-LB10,temporal_neocortex,W,8,0.45566188514534794,0.3719669273358648,0.2086746839180451,0.07283131537337809,0.10633276057175794,0.07543997100399706
sub-RID0442,LB10-LB11,temporal_neocortex,W,8,0.4406381637767339,0.3700543268673586,0.2303479411223884,0.07456065496381697,0.09689340668894626,0.07427144093788099
sub-RID0442,LB11-LB12,temporal_neocortex,W,8,0.4389447781333977,0.35063061618194,0.22690439951736407,0.07438193561622503,0.1032549668220628,0.08046682036848715
sub-RID0442,LC01-LC02,parahippocampal,W,8,0.4615095637731002,0.3712982622374058,0.2008381142468767,0.07329996786253776,0.11002164735684765,0.084655837248949
sub-RID0442,LC02-LC03,parahippocampal,W,8,0.4712779867267909,0.3670558488933954,0.21440453955873384,0.07300492934970582,0.09347835169328295,0.0704314263792829
sub-RID0442,LC03-LC04,parahippocampal,W,8,0.36343671790558973,0.27844107296775084,0.26525638582371003,0.09126836700413117,0.10526399400523453,0.08052052612937788
sub-RID0442,LC07-LC08,temporal_neocortex,W,8,0.3419536545614417,0.281945038063941,0.3257712735390329,0.07510801956356197,0.09188066106139967,0.0812465893817474
sub-RID0442,LC08-LC09,temporal_neocortex,W,8,0.43940459322610703,0.33524085207029114,0.2368091479553174,0.07263794462203324,0.09155349428436171,0.07804180937784916
sub-RID0442,LC09-LC10,temporal_neocortex,W,8,0.3830334556776319,0.29124448553555327,0.25171500265288677,0.07943367509594292,0.10442048425857994,0.07834290315190201
sub-RID0442,LC10-LC11,temporal_neocortex,W,8,0.3943891971481038,0.297385522653996,0.23518803145106368,0.09057247498638,0.10398510947081344,0.09145082879919615
sub-RID0442,RA01-RA02,hippocampal,W,8,0.5167551942796893,0.36175599728012864,0.15812359714883226,0.07683199151183369,0.10204929300789353,0.08540376585812956
sub-RID0442,RA02-RA03,hippocampal,W,8,0.4804776364033183,0.33458346144278306,0.1794360888591114,0.08514218260346436,0.10124189477328424,0.0799235542732657
sub-RID0442,RA03-RA04,hippocampal,W,8,0.49681910582645955,0.3842399055078788,0.1736727517368321,0.07847030052341902,0.10092698378510284,0.08072307118296841
sub-RID0442,RA04-RA05,hippocampal,W,8,0.4608378968923599,0.35947810984620454,0.2173533376319028,0.07152277308067531,0.0942813274744363,0.0712710140726881
sub-RID0442,RA07-RA08,temporal_neocortex,W,8,0.4691384485228947,0.36339158614916567,0.20169300441940868,0.07816075737631167,0.1024187969335509,0.07732596618030346
sub-RID0442,RA08-RA09,temporal_neocortex,W,8,0.3008822126455688,0.25746049067826904,0.21158097598082604,0.08173922442588044,0.1544509724478284,0.35475644995981337
sub-RID0442,RA11-RA12,temporal_neocortex,W,8,0.4055629563526821,0.29738181730478636,0.2654891216772091,0.07161928849025082,0.09271275926567067,0.07428277574899264
sub-RID0442,RB01-RB02,hippocampal,W,8,0.41878347780174363,0.29394330409521374,0.2328652919280082,0.07917532446868178,0.10769818718519894,0.08537040636428163
sub-RID0442,RB04-RB05,parahippocampal,W,8,0.43355151005507137,0.3626233265361058,0.2292360456386508,0.07879916568803036,0.09603170764854874,0.08342921507584386
sub-RID0442,RC01-RC02,parahippocampal,W,8,0.4364065378971689,0.330334421682742,0.22175256142644076,0.07786653135652487,0.10327890964872351,0.08097809758294555
sub-RID0472,LA01-LA02,amygdala,W,8,0.6597409669565524,0.3912095110124142,0.11872113892697653,0.04985141799964725,0.06510059782504164,0.03584772683772234
sub-RID0472,LA02-LA03,amygdala,W,8,0.6820854560342926,0.44197713967278085,0.12688248772949778,0.04044530646502126,0.0581508696303615,0.02992060116959426
sub-RID0472,LA07-LA08,temporal_neocortex,W,8,0.5707143746053531,0.4266872073487592,0.19392961559836608,0.03485793944968173,0.01598924567292262,0.004292312121358372
sub-RID0472,LA08-LA09,temporal_neocortex,W,8,0.8377066031736001,0.6568294404519457,0.08954603327483615,0.013707722708747115,0.009107413127434901,0.005050882126687983
sub-RID0472,LA09-LA10,temporal_neocortex,W,8,0.5647875896073137,0.48420206363724033,0.16043564052590248,0.07123621373929832,0.05716825241044783,0.025580365589013686
sub-RID0472,LB01-LB02,hippocampal,W,8,0.6535597108761155,0.367960695078696,0.08225745527599919,0.05843139326575911,0.11750570172987473,0.03657545818108643
sub-RID0472,LB02-LB03,hippocampal,W,8,0.5724920692646313,0.39851394581025734,0.15212471558819562,0.05763418207092188,0.08244485792121885,0.04613998270273337
sub-RID0472,LB03-LB04,hippocampal,W,8,0.6304683015277175,0.4190391559943303,0.12705172719658125,0.06206895316755939,0.08149837108744525,0.02183720223254
sub-RID0472,LB05-LB06,temporal_neocortex,W,8,0.7598452973659957,0.5604425725485974,0.1300502044924737,0.024604148996252136,0.02321598951017691,0.008168967217843194
sub-RID0472,LB06-LB07,temporal_neocortex,W,8,0.7811331009585523,0.49808780929707,0.10725421854056466,0.025644390303099944,0.023454492192854465,0.010026663220123796
sub-RID0472,LB07-LB08,temporal_neocortex,W,8,0.66120047669476,0.438369299599122,0.13249247940370784,0.05797626257491174,0.04585612870328354,0.021882872734916563
sub-RID0472,LB08-LB09,temporal_neocortex,W,8,0.6568059448575884,0.44348514221742147,0.1161121829219216,0.0709536817419267,0.050501711330985334,0.02119197052077791
sub-RID0472,LB09-LB10,temporal_neocortex,W,8,0.7038820542012107,0.37200297482423716,0.07969605517010453,0.061386025986117365,0.06348741055928146,0.03115455934089273
sub-RID0472,LB10-LB11,temporal_neocortex,W,8,0.5065634591314973,0.3285000827271797,0.11298368507574985,0.07728000280822477,0.14490310764131084,0.1329561169092477
sub-RID0472,LC04-LC05,temporal_neocortex,W,8,0.7772122536148371,0.5585851705282276,0.05727875069134513,0.07895072933211053,0.029675883430095903,0.006245149595538681
sub-RID0472,LC05-LC06,temporal_neocortex,W,8,0.9196027709854103,0.6597201474608845,0.03349612217356404,0.016317906383793705,0.008102605318025518,0.002431568775961978
sub-RID0472,LC07-LC08,temporal_neocortex,W,8,0.926699154202058,0.6919522544769512,0.03117516534142841,0.012912787758474084,0.008921926275417078,0.0032655353627035117
sub-RID0472,LC08-LC09,temporal_neocortex,W,8,0.8374820750888625,0.6369572339932501,0.07261401380752996,0.025819457705076047,0.015719027676475737,0.0050796204956706555
sub-RID0472,LC09-LC10,temporal_neocortex,W,8,0.8621114988861679,0.6766030704998627,0.07483788109712897,0.018315592806760792,0.006874302435320917,0.002008852760218392
sub-RID0472,LC10-LC11,temporal_neocortex,W,8,0.36047292685069227,0.2829462105988901,0.12113129226775114,0.09520267184305356,0.20738545285420032,0.27859102916171147
sub-RID0472,RA01-RA02,hippocampal,W,8,0.6962662656149965,0.39747279820876424,0.11035634341548503,0.04393016590687782,0.05715343649951257,0.03420419066310358
sub-RID0472,RA02-RA03,hippocampal,W,8,0.7046818338301033,0.4296407376230136,0.10049168902350117,0.04450065956209538,0.060302515385045316,0.03906327919480718
sub-RID0472,RA03-RA04,hippocampal,W,8,0.7043070661980709,0.3997117074841072,0.10009998614525561,0.04305590600295298,0.060811068864342635,0.03764284764030648
sub-RID0472,RA07-RA08,temporal_neocortex,W,8,0.7542773905614164,0.519900654889614,0.09185681366272776,0.034749594824376784,0.04175014252253004,0.01413521440591176
sub-RID0472,RA08-RA09,temporal_neocortex,W,8,0.8259959006013442,0.43088274757345085,0.05905593430811745,0.028824737221900515,0.022874203979694707,0.008783286686757446
sub-RID0472,RA09-RA10,temporal_neocortex,W,8,0.8169997825036985,0.6238485062876474,0.08382505905031987,0.028331785398986377,0.02000095206052462,0.00403467663199272
sub-RID0472,RB06-RB07,temporal_neocortex,W,8,0.7115833730489955,0.5072342197898928,0.0942008718925777,0.0611305258600605,0.0608284193392272,0.017206064307841693
sub-RID0472,RB07-RB08,temporal_neocortex,W,8,0.7710226002691433,0.5226467461149398,0.07612532091848877,0.033843388680833794,0.05312828992314131,0.014779412225838172
sub-RID0472,RB08-RB09,temporal_neocortex,W,8,0.5840999654320715,0.3345298615069194,0.07701851359532788,0.14057364879281037,0.07456178636000851,0.02730212299892012
sub-RID0472,RB09-RB10,temporal_neocortex,W,8,0.7393877612870291,0.4406547997525978,0.07855222342375925,0.05382359941694499,0.03829316792322768,0.02189662765878736
sub-RID0472,LA01-LA02,amygdala,N2,8,0.7117453489199242,0.4309273523161333,0.12511071088685205,0.042133405064310826,0.035679638909474634,0.020510732397456405
sub-RID0472,LA02-LA03,amygdala,N2,8,0.7340670498005449,0.476080697253187,0.12152522185961179,0.0403808484555262,0.03252690703658649,0.017137335143043046
sub-RID0472,LA07-LA08,temporal_neocortex,N2,8,0.7179342875918111,0.5614890005245998,0.12286526029636723,0.04032816532570564,0.02525750600302848,0.00446885184109686
sub-RID0472,LA08-LA09,temporal_neocortex,N2,8,0.9007063519236543,0.6301258678696166,0.046178474049410764,0.01280429104462939,0.010008698273850312,0.0018410654760064348
sub-RID0472,LA09-LA10,temporal_neocortex,N2,8,0.6401438994496265,0.4804622717523561,0.1273983951330612,0.07573705617155126,0.06436770698556774,0.009743617812893887
sub-RID0472,LB01-LB02,hippocampal,N2,8,0.7742825722930275,0.46991553668432984,0.08293774851886851,0.03344979181564316,0.04976771343253955,0.017804405710461234
sub-RID0472,LB02-LB03,hippocampal,N2,8,0.6434139146947442,0.47596870814607267,0.15622580700776362,0.04721992987253778,0.0605794839944342,0.030808326993415427
sub-RID0472,LB03-LB04,hippocampal,N2,8,0.57818819157757,0.3914782500191423,0.1382438668321022,0.09123822299588269,0.09041347852092727,0.02009901309668473
sub-RID0472,LB05-LB06,temporal_neocortex,N2,8,0.8451449428513734,0.5910513158019393,0.08280228217629332,0.015373619447616341,0.015600658495133223,0.005029205183898359
sub-RID0472,LB06-LB07,temporal_neocortex,N2,8,0.8918446052218615,0.54585581102908,0.05596291681432944,0.0102511818345501,0.012994718140217127,0.0056584439588658695
sub-RID0472,LB07-LB08,temporal_neocortex,N2,8,0.8063725853663593,0.5141295823798581,0.0737331563911175,0.031015260312299345,0.03291719666063622,0.012556325937979099
sub-RID0472,LB08-LB09,temporal_neocortex,N2,8,0.6941920478911305,0.4962476441673349,0.11517880062712844,0.048716427791436076,0.049451484474017926,0.018478717031127596
sub-RID0472,LB09-LB10,temporal_neocortex,N2,8,0.8068796650591378,0.49414267450400184,0.08313669793137464,0.02642910546341883,0.03163514488885309,0.008597785302244376
sub-RID0472,LB10-LB11,temporal_neocortex,N2,8,0.5878922212836053,0.3867133094292452,0.12585387255380598,0.07060006692470706,0.11240199219954558,0.030575626787570736
sub-RID0472,LC04-LC05,temporal_neocortex,N2,8,0.8713381525632926,0.594111816314169,0.05801302316988721,0.02023355856602866,0.018577889378401106,0.004555601683763496
sub-RID0472,LC05-LC06,temporal_neocortex,N2,8,0.947585986179059,0.6290332737251949,0.027264422873670403,0.004701419574836541,0.006779789454711215,0.0019304199592604732
sub-RID0472,LC07-LC08,temporal_neocortex,N2,8,0.920315657082858,0.6596834410846923,0.037921663213773396,0.008261370562526328,0.01206219313425297,0.004497493917639671
sub-RID0472,LC08-LC09,temporal_neocortex,N2,8,0.8791232654121588,0.6412012546034622,0.05512451272790188,0.012692741773125085,0.02064343541441713,0.005367640335784875
sub-RID0472,LC09-LC10,temporal_neocortex,N2,8,0.9268336539880329,0.6461295026232888,0.04140431060749948,0.006262541016190618,0.006422222015389584,0.0016064021093180323
sub-RID0472,LC10-LC11,temporal_neocortex,N2,8,0.49621051992051723,0.36946351008731537,0.15122349522512157,0.0858696036763332,0.13403020815658362,0.0357017412886413
sub-RID0472,RA01-RA02,hippocampal,N2,8,0.7207817410610771,0.49133338852507813,0.129324753494113,0.041189057416008125,0.03344215619911142,0.021405979781561748
sub-RID0472,RA02-RA03,hippocampal,N2,8,0.686345490030152,0.4946682134658954,0.11561284676820721,0.06704809710014203,0.050340258991974716,0.02837668759119539
sub-RID0472,RA03-RA04,hippocampal,N2,8,0.7361308549200581,0.4551132595681351,0.10383456120229786,0.045727433355628774,0.0423416169077078,0.02401350199670987
sub-RID0472,RA07-RA08,temporal_neocortex,N2,8,0.8251647126621994,0.41187420560924937,0.07039252838861018,0.027159795521414537,0.03509184318188986,0.008054375525275426
sub-RID0472,RA08-RA09,temporal_neocortex,N2,8,0.822119946204828,0.49662092592109486,0.06730031126453025,0.02978522902398626,0.02416754236078897,0.006467199508409088
sub-RID0472,RA09-RA10,temporal_neocortex,N2,8,0.869625736003026,0.3762870395012351,0.06254240138950752,0.02182178536923677,0.013046931940219265,0.001634216217370485
sub-RID0472,RB06-RB07,temporal_neocortex,N2,8,0.7080721514893731,0.32568619350302896,0.08869225903014365,0.06940943034568553,0.05793997038499228,0.012929560025980127
sub-RID0472,RB07-RB08,temporal_neocortex,N2,8,0.8261094184169203,0.33843272883789943,0.06050288904864699,0.02899736752305808,0.039702120912000365,0.00961430536895442
sub-RID0472,RB08-RB09,temporal_neocortex,N2,8,0.6350708309825601,0.3047105003114284,0.1020157334885802,0.10318082077488193,0.05871337241517031,0.02037795759105463
sub-RID0472,RB09-RB10,temporal_neocortex,N2,8,0.8804742605283166,0.3711073429043701,0.04988072264136933,0.01663903021465295,0.019098759362216302,0.004043035214412382
sub-RID0472,LA01-LA02,amygdala,N3,8,0.7237345869649728,0.43069219952689863,0.13118083919347504,0.037682888243851013,0.02233985091840148,0.011820732460086678
sub-RID0472,LA02-LA03,amygdala,N3,8,0.8190660436041399,0.4801677619513578,0.09538023265180308,0.02093178992251575,0.014991469403820883,0.00726230297250199
sub-RID0472,LA07-LA08,temporal_neocortex,N3,8,0.8288269892946105,0.5300251866935518,0.098542000716373,0.012057494742389166,0.014652270597932863,0.002834645179691196
sub-RID0472,LA08-LA09,temporal_neocortex,N3,8,0.945508606472746,0.537330381056957,0.03245204210185591,0.00296963700788686,0.005324770324287161,0.0008198693077310065
sub-RID0472,LA09-LA10,temporal_neocortex,N3,8,0.6734529031098829,0.4923072623491418,0.13755086230746139,0.0429183952197191,0.057968420575596355,0.008492452566541714
sub-RID0472,LB01-LB02,hippocampal,N3,8,0.8154811299928415,0.5000491870098758,0.0820533138500527,0.029402837910441116,0.02811939510653756,0.011350362515898448
sub-RID0472,LB02-LB03,hippocampal,N3,8,0.6759453281992993,0.5128254514105255,0.16266654801857827,0.03645135776299746,0.03788796283582964,0.02182766235539221
sub-RID0472,LB03-LB04,hippocampal,N3,8,0.6812144717576829,0.43647829905551533,0.12945683805045669,0.058735852405600045,0.04370154925601559,0.0112430188165581
sub-RID0472,LB05-LB06,temporal_neocortex,N3,8,0.9248276684516827,0.5403035296619874,0.04304989877694397,0.004357123489130699,0.010006993969357406,0.0035497419666605137
sub-RID0472,LB06-LB07,temporal_neocortex,N3,8,0.927536765558644,0.5499801812248493,0.040050914715054425,0.003918704055667415,0.009077495042800827,0.005580575986245995
sub-RID0472,LB07-LB08,temporal_neocortex,N3,8,0.8567119809350046,0.4798353061020729,0.060654659972242675,0.018331247144773077,0.02321387220817045,0.01269949759771906
sub-RID0472,LB08-LB09,temporal_neocortex,N3,8,0.7818329382990576,0.519285905554367,0.08478540612346148,0.02527061021979104,0.04174937267143419,0.017675572519409453
sub-RID0472,LB09-LB10,temporal_neocortex,N3,8,0.8370709334457935,0.4837336536327097,0.07254048922193995,0.020809612858160232,0.022795677013112543,0.005697536287401843
sub-RID0472,LB10-LB11,temporal_neocortex,N3,8,0.6845289769645633,0.42620787693293993,0.10797764282743408,0.045763754843251014,0.07868996840614792,0.021503625191483376
sub-RID0472,LC04-LC05,temporal_neocortex,N3,8,0.9511171373264221,0.47367330031103827,0.027175646380408116,0.0032590187151290903,0.00570638674771074,0.0022880896739128093
sub-RID0472,LC05-LC06,temporal_neocortex,N3,8,0.9498109182751182,0.5300949005817785,0.026940996188582512,0.002532757896250434,0.007785726937653621,0.0041544017420253355
sub-RID0472,LC07-LC08,temporal_neocortex,N3,8,0.8789968580311727,0.5616328764578211,0.045385467257270946,0.01160482913819234,0.030367905043690073,0.013460166645126611
sub-RID0472,LC08-LC09,temporal_neocortex,N3,8,0.8874060595960108,0.5385821676172764,0.05008212280121198,0.00736739182630085,0.025682039943253267,0.008662624864811324
sub-RID0472,LC09-LC10,temporal_neocortex,N3,8,0.9342796045871008,0.5397274946039241,0.039313985239247895,0.0026564709383821296,0.006358420952856314,0.0037269505188292735
sub-RID0472,LC10-LC11,temporal_neocortex,N3,8,0.5636364517068362,0.3767284876346718,0.13137691762315365,0.05926978213822552,0.09171939856215075,0.05412416030793603
sub-RID0472,RA01-RA02,hippocampal,N3,8,0.7438323660465884,0.4702103975795365,0.12675585921373286,0.03058345302741794,0.025413399045251236,0.017027860758253577
sub-RID0472,RA02-RA03,hippocampal,N3,8,0.713878478169202,0.4750719834260808,0.12783358509751638,0.04925934779592095,0.033280999600421274,0.019209460513019375
sub-RID0472,RA03-RA04,hippocampal,N3,8,0.767870306212167,0.49639040120200384,0.10219177818533377,0.035442903988264024,0.025200727154717505,0.016188878193324537
sub-RID0472,RA07-RA08,temporal_neocortex,N3,8,0.8264683483132929,0.47398553878020194,0.07645908505529907,0.024318427290589084,0.02737763325728712,0.005586689741843677
sub-RID0472,RA08-RA09,temporal_neocortex,N3,8,0.7799716151317488,0.47329628942580626,0.09654281115761004,0.032726242936250836,0.018678885477470295,0.005363075158102114
sub-RID0472,RA09-RA10,temporal_neocortex,N3,8,0.8570849829686783,0.4426478373831098,0.07235488924521953,0.019719933380420242,0.005457973173631246,0.0007574196059936282
sub-RID0472,RB06-RB07,temporal_neocortex,N3,8,0.8272258969189841,0.390137254950424,0.07848262386265853,0.03272179425485065,0.015473136502482486,0.004146815314789835
sub-RID0472,RB07-RB08,temporal_neocortex,N3,8,0.8879119114809322,0.39196218263235705,0.05741350093604207,0.014846382543025432,0.010684440952298948,0.0029672212503246906
sub-RID0472,RB08-RB09,temporal_neocortex,N3,8,0.6878692893871401,0.37848535985530374,0.10996396648113291,0.06371282196547658,0.0332486883819236,0.013101767946684509
sub-RID0472,RB09-RB10,temporal_neocortex,N3,8,0.9052781305075518,0.3721974541077351,0.0490054757432413,0.011451093608779018,0.005871465803699285,0.0013591377106425351
sub-RID0472,LA01-LA02,amygdala,R,8,0.6590461389591176,0.38821407325903834,0.09528279195700204,0.0490118604424057,0.09699934292470375,0.04691189745699419
sub-RID0472,LA02-LA03,amygdala,R,8,0.712811874993895,0.4267974061024681,0.08545077636637954,0.04640180372246844,0.07249042488766871,0.03502662027881931
sub-RID0472,LA07-LA08,temporal_neocortex,R,8,0.6895780511559708,0.5324801766727556,0.09528856242231817,0.05248611079697901,0.02727366710752493,0.006116401651225329
sub-RID0472,LA08-LA09,temporal_neocortex,R,8,0.8874484666877664,0.6873618424627272,0.0434793873464463,0.01570365021598263,0.012239923330226433,0.013515059509684482
sub-RID0472,LA09-LA10,temporal_neocortex,R,8,0.6090618984334302,0.47059923958300764,0.09322837046585286,0.08186658232756167,0.0869934762070791,0.06776838599248447
sub-RID0472,LB01-LB02,hippocampal,R,8,0.6917250559411204,0.4193075429226947,0.06751739772591069,0.03891080518438827,0.12358953540005649,0.040684609320128864
sub-RID0472,LB02-LB03,hippocampal,R,8,0.6211065232139659,0.40937939779884813,0.0939406376873651,0.052875008883219346,0.10806062849973586,0.07205029242524383
sub-RID0472,LB03-LB04,hippocampal,R,8,0.6306035086740394,0.40935236474253867,0.10457870395548141,0.075763373265636,0.09703051518590375,0.03451447690448964
sub-RID0472,LB05-LB06,temporal_neocortex,R,8,0.7913869012464939,0.5555213879150922,0.10790653475942091,0.02281366804648171,0.02368991910199795,0.009020565066385954
sub-RID0472,LB06-LB07,temporal_neocortex,R,8,0.8177260359201108,0.4575721236633305,0.09552117671136064,0.017532352886344395,0.01947095317808429,0.008994156481212764
sub-RID0472,LB07-LB08,temporal_neocortex,R,8,0.7055169886359808,0.43884914321041935,0.10721321495581286,0.051020228014380574,0.04722819853982006,0.02280380320028235
sub-RID0472,LB08-LB09,temporal_neocortex,R,8,0.6643890140238895,0.4391634767786019,0.11221567420788553,0.06529494141311712,0.05314177473266932,0.024971426856633835
sub-RID0472,LB09-LB10,temporal_neocortex,R,8,0.7467978598305746,0.3968715572557743,0.0749815507677454,0.04869598145652276,0.047373657690064186,0.03781959256047044
sub-RID0472,LB10-LB11,temporal_neocortex,R,8,0.47691598455550177,0.28289346565485385,0.08116330991616326,0.06911240478876793,0.16712924411180902,0.28958548595416755
sub-RID0472,LC04-LC05,temporal_neocortex,R,8,0.8250138841279122,0.49524287446384957,0.03376603554312019,0.058702120687264187,0.04607622520824663,0.007722671623774514
sub-RID0472,LC05-LC06,temporal_neocortex,R,8,0.9570890689509699,0.6764514564081061,0.01567844337107345,0.008461364589617474,0.007832513341735136,0.002278646175345052
sub-RID0472,LC07-LC08,temporal_neocortex,R,8,0.9462494700744207,0.7610669072560504,0.021996685536335624,0.008513896040383495,0.008399413010548876,0.0026451108915764637
sub-RID0472,LC08-LC09,temporal_neocortex,R,8,0.903214263459941,0.697257236675126,0.034619186847773625,0.01843505380326675,0.015920101297081712,0.004883986655035241
sub-RID0472,LC09-LC10,temporal_neocortex,R,8,0.9284207623922189,0.6644049547976448,0.03028734290999351,0.014031236200763332,0.007717067964578567,0.002405776224661659
sub-RID0472,LC10-LC11,temporal_neocortex,R,8,0.35790705977781256,0.20588404174544783,0.056505607095318794,0.06682387350616191,0.24167483732188266,0.45468468359144915
sub-RID0472,RA01-RA02,hippocampal,R,8,0.6839406404048346,0.3647820544033652,0.09402137468093527,0.04598325774106344,0.08005223304242319,0.0453525389434414
sub-RID0472,RA02-RA03,hippocampal,R,8,0.6746067261145507,0.4171861238986382,0.09389556164767598,0.045361740612162166,0.077856328087069,0.0600679539745516
sub-RID0472,RA03-RA04,hippocampal,R,8,0.6704723791676771,0.3646098771768888,0.09306825623037844,0.04542998685276006,0.08938470312726124,0.06237370053499307
sub-RID0472,RA07-RA08,temporal_neocortex,R,8,0.7413427155448915,0.46436674040401665,0.07609631189568353,0.04316493398369616,0.06173519732248327,0.02259982733497154
sub-RID0472,RA08-RA09,temporal_neocortex,R,8,0.8454138521302934,0.5028375038187011,0.04467697232004978,0.032464452282625816,0.03415895497483347,0.012937692378199804
sub-RID0472,RA09-RA10,temporal_neocortex,R,8,0.8428809167626392,0.5868971909754015,0.05481427904255906,0.028730277429266364,0.03143508027792505,0.007493022688727066
sub-RID0472,RB06-RB07,temporal_neocortex,R,8,0.6781909795549467,0.41673958699274904,0.08412293231346388,0.05806555871942218,0.10058435793940264,0.03055002439754044
sub-RID0472,RB07-RB08,temporal_neocortex,R,8,0.7467708330204447,0.42620573695425323,0.06665626542504799,0.0357013851784854,0.08816472369521236,0.026443478000807232
sub-RID0472,RB08-RB09,temporal_neocortex,R,8,0.608877819537522,0.3285115089800962,0.06402570143074746,0.1175004764073135,0.10873157186879875,0.039996690166029795
sub-RID0472,RB09-RB10,temporal_neocortex,R,8,0.7895417343302708,0.39123123006042493,0.05108389954361746,0.04968833253163803,0.05633599706789366,0.026641177650230212
sub-RID0476,LA01-LA02,amygdala,W,4,0.6372906671771448,0.4070245338973398,0.13887312435927646,0.039826053582244905,0.043524353546427016,0.09690838045354051
sub-RID0476,LA02-LA03,amygdala,W,4,0.6716716504939652,0.46540496072689547,0.13751193765320546,0.035689699552990305,0.037579202121505645,0.03790475014251612
sub-RID0476,LA06-LA07,temporal_neocortex,W,4,0.5408082077029358,0.32308347878914906,0.13546386614460415,0.08818659032832943,0.10208310053265238,0.02787401934105034
sub-RID0476,LA07-LA08,temporal_neocortex,W,4,0.6826425833678048,0.40126462512071737,0.09507489470041089,0.0598154813682655,0.06210438627370378,0.009676739855599338
sub-RID0476,LA09-LA10,temporal_neocortex,W,4,0.3875532580952579,0.3057126570766002,0.28342766431251487,0.07849378098805383,0.05770944859377315,0.0152668949517991
sub-RID0476,LA10-LA11,temporal_neocortex,W,4,0.5781483775327204,0.47066536840419526,0.2279554936646,0.042657068304250256,0.027023536937304513,0.0037634405977436686
sub-RID0476,LB01-LB02,hippocampal,W,4,0.6220025795486452,0.4315262848176576,0.16042596860069785,0.052314449473936944,0.06737266362605324,0.0697170507773658
sub-RID0476,LB02-LB03,hippocampal,W,4,0.5273906146505051,0.38805425433095214,0.17395886854484774,0.06792546895095501,0.11726654433771314,0.054178096875345305
sub-RID0476,LB06-LB07,temporal_neocortex,W,4,0.43929667267804784,0.3071935234269215,0.15855128320499898,0.09974613685641158,0.13111589009304006,0.017763246829155647
sub-RID0476,LB07-LB08,temporal_neocortex,W,4,0.4320525365193922,0.30419076590292876,0.17837914052806852,0.09330229503345244,0.1350191369245494,0.022879867986495606
sub-RID0476,LB08-LB09,temporal_neocortex,W,4,0.5687779909496864,0.3190213137047728,0.199160882331593,0.05427547253667599,0.08105723314732236,0.009803466524102626
sub-RID0476,LB09-LB10,temporal_neocortex,W,4,0.3838073618411838,0.23946629925923918,0.2634905279363931,0.09933458785288961,0.06510436439535028,0.007497562940961183
sub-RID0476,LB10-LB11,temporal_neocortex,W,4,0.16325882007069403,0.12976670178749616,0.21202849342316754,0.17136645345639087,0.22308366459971263,0.0702856035294506
sub-RID0476,LA01-LA02,amygdala,N2,8,0.6154229121632753,0.37531180642277184,0.24018791402103887,0.034100867692472336,0.02636268856539993,0.030334623243547368
sub-RID0476,LA02-LA03,amygdala,N2,8,0.7007026346319598,0.4557175617307656,0.17377199538113913,0.026842569379929054,0.022377510102216686,0.019704581148991956
sub-RID0476,LA06-LA07,temporal_neocortex,N2,8,0.6211589059911067,0.37738081105171595,0.17279300887554055,0.061435545221189186,0.04777893423017514,0.014294129880363774
sub-RID0476,LA07-LA08,temporal_neocortex,N2,8,0.694180030450094,0.455797512762086,0.1442738432832237,0.048945558076783066,0.030277011835402975,0.005074868122922641
sub-RID0476,LA09-LA10,temporal_neocortex,N2,8,0.47692870253849085,0.360620796694775,0.3517539636598731,0.045111232900820135,0.02243768282277709,0.006657256363366847
sub-RID0476,LA10-LA11,temporal_neocortex,N2,8,0.5622323311814635,0.44629992110886585,0.30915163051315286,0.032408724061049964,0.014361837987170795,0.002147793214413249
sub-RID0476,LB01-LB02,hippocampal,N2,8,0.6224893095364599,0.4417223353747396,0.20895185054720333,0.03730066459454616,0.03865805911258961,0.0394689468151757
sub-RID0476,LB02-LB03,hippocampal,N2,8,0.5753614517545776,0.4029715405334679,0.23116887856668544,0.05069936662231812,0.042782451071636016,0.034073032654948154
sub-RID0476,LB06-LB07,temporal_neocortex,N2,8,0.5060938011485848,0.320071041625132,0.1946873182664053,0.09485058167871188,0.06631721395402822,0.012023405720277472
sub-RID0476,LB07-LB08,temporal_neocortex,N2,8,0.5644244379032193,0.29411710044950695,0.2599544789306615,0.05364535494122358,0.04288935709361802,0.008968797301107128
sub-RID0476,LB08-LB09,temporal_neocortex,N2,8,0.6559368441962135,0.31181068348102947,0.21550073229047179,0.034783275785853024,0.03338454137670859,0.005317615022599135
sub-RID0476,LB09-LB10,temporal_neocortex,N2,8,0.3653630886588186,0.20217621156833204,0.4384080100855073,0.06318693622344128,0.03181001367277276,0.003398125035162318
sub-RID0476,LB10-LB11,temporal_neocortex,N2,8,0.19992485818701977,0.14240872426993792,0.3511758580820464,0.15762227809648185,0.12299118975164183,0.021984120602626767
sub-RID0476,LA01-LA02,amygdala,N3,8,0.6933405171614733,0.48734646639316204,0.18100642871354644,0.026556489284157235,0.018407406632103947,0.037572287301605826
sub-RID0476,LA02-LA03,amygdala,N3,8,0.7408717295173118,0.4921972609302756,0.14473673972204862,0.02352982741908486,0.015790158957924284,0.016761261863688877
sub-RID0476,LA06-LA07,temporal_neocortex,N3,8,0.6190645809438353,0.38565922819082665,0.19709653811896657,0.05036544885467206,0.03657894483416197,0.011891609307220625
sub-RID0476,LA07-LA08,temporal_neocortex,N3,8,0.704410312633791,0.4029129127337847,0.1418529136603936,0.041178417824114216,0.023833618693401292,0.0043735664862105846
sub-RID0476,LA09-LA10,temporal_neocortex,N3,8,0.3949888200364359,0.27098287446459635,0.40409982294294144,0.04398247309550828,0.014319066101457745,0.0027510429977677083
sub-RID0476,LA10-LA11,temporal_neocortex,N3,8,0.4832228714840203,0.34275617861507734,0.36567327268618505,0.03335731221507334,0.01011359574478649,0.0010763689168287467
sub-RID0476,LB01-LB02,hippocampal,N3,8,0.685898067709904,0.5152996777132142,0.20199802573802952,0.02145872830901837,0.019388084682489874,0.017748427815664318
sub-RID0476,LB02-LB03,hippocampal,N3,8,0.5835074855633111,0.4391399356092417,0.21817506929958808,0.07441957215757958,0.028709159218898266,0.01787965378241552
sub-RID0476,LB06-LB07,temporal_neocortex,N3,8,0.625280896784776,0.37476638798932815,0.16698285395885795,0.059927700185696944,0.03544116107656016,0.007682883400493599
sub-RID0476,LB07-LB08,temporal_neocortex,N3,8,0.636335357062509,0.34656525639942815,0.21848029789922632,0.041286268069827596,0.027356143776903985,0.00614815959499769
sub-RID0476,LB08-LB09,temporal_neocortex,N3,8,0.6966838670844342,0.3465385476596904,0.20492423366705645,0.02790429258365441,0.020759531363145255,0.0036196383384084615
sub-RID0476,LB09-LB10,temporal_neocortex,N3,8,0.4882795595368195,0.24668197765845845,0.3755567659631365,0.03229029413681455,0.015211932593774073,0.0016409180110554557
sub-RID0476,LB10-LB11,temporal_neocortex,N3,8,0.25049699982171636,0.1697441215635772,0.335598868303866,0.13644315612102015,0.08840667853604228,0.017224151117471314
sub-RID0476,LA01-LA02,amygdala,R,1,0.6963409906164615,0.44362577375664725,0.13707201134472996,0.028170201543100137,0.02818732074880664,0.10101014776861329
sub-RID0476,LA02-LA03,amygdala,R,1,0.7406329576735353,0.512053991858581,0.12790937219824972,0.028352705969619658,0.02453932537242466,0.042659871322453295
sub-RID0476,LA06-LA07,temporal_neocortex,R,1,0.7492293850922298,0.5344484859512892,0.11060394157866064,0.03442521509311597,0.024882214828261955,0.010082550946135912
sub-RID0476,LA07-LA08,temporal_neocortex,R,1,0.8192159826178912,0.5185870482997684,0.0938186028425311,0.023752110449184554,0.01647560429502827,0.003595775647418766
sub-RID0476,LA09-LA10,temporal_neocortex,R,1,0.5440668183969554,0.430812524809742,0.3292535589753347,0.036963517198803024,0.019580290025989048,0.002632564533115891
sub-RID0476,LA10-LA11,temporal_neocortex,R,1,0.6064576023390299,0.5293656759248951,0.28473202934286557,0.026090082005467915,0.013740459893643149,0.0011407208857032594
sub-RID0476,LB01-LB02,hippocampal,R,1,0.6388812680081389,0.4663914380290338,0.16299043359653725,0.043351315830350005,0.04888986598351864,0.042293704499385805
sub-RID0476,LB02-LB03,hippocampal,R,1,0.5943463535567385,0.41377887472587555,0.2314424415045789,0.041579623277825974,0.04658301804285328,0.03550270794862037
sub-RID0476,LB06-LB07,temporal_neocortex,R,1,0.6499447217778413,0.46756498824918363,0.16429308426449696,0.0561383533108561,0.04041714094052508,0.008655296757253557
sub-RID0476,LB07-LB08,temporal_neocortex,R,1,0.6033472636237961,0.3441937140323987,0.26080249635240266,0.043641798978801674,0.03071682485737434,0.0071265524366056375
sub-RID0476,LB08-LB09,temporal_neocortex,R,1,0.671931682359246,0.4406675359255493,0.2389705728880119,0.0203850996072059,0.017205271668838944,0.002933483845852475
sub-RID0476,LB09-LB10,temporal_neocortex,R,1,0.4389483401577766,0.28550129968211413,0.4466973531623633,0.0335715458949923,0.018729964226495123,0.001720021427798362
sub-RID0476,LB10-LB11,temporal_neocortex,R,1,0.31510382645291973,0.26445706950802744,0.31602650230226553,0.11227299008136508,0.1074030431175635,0.024626495873268383
sub-RID0490,LA09-LA10,temporal_neocortex,W,8,0.6550758852115902,0.45913010155903666,0.10461527582216351,0.052835166610880405,0.07674987167275428,0.05657869512563543
sub-RID0490,LA10-LA11,temporal_neocortex,W,8,0.6599594193023657,0.46120052813631385,0.11910668184806969,0.049690223449652966,0.06727493860895474,0.05754439436430184
sub-RID0490,LA11-LA12,temporal_neocortex,W,8,0.6604765605676621,0.4239361439632767,0.11897025131978767,0.05314251448389322,0.0652879353227672,0.056668883626797784
sub-RID0490,LB07-LB08,temporal_neocortex,W,8,0.6296418285227158,0.3957420786158653,0.11094105180736472,0.059918464645407905,0.07482638518731029,0.06357337821205616
sub-RID0490,LB08-LB09,temporal_neocortex,W,8,0.6539376757670662,0.4186393354937136,0.11583120942363768,0.05307297569324994,0.06588044213696735,0.05475072420116726
sub-RID0490,LB09-LB10,temporal_neocortex,W,8,0.6294528667882338,0.45218619715218134,0.11897862065631054,0.05724156036708913,0.07348499987310195,0.060415377724519034
sub-RID0490,LB10-LB11,temporal_neocortex,W,8,0.6354473244862255,0.4507844857483683,0.12251167332729544,0.05767868423000562,0.06987821817926601,0.056844582023610944
sub-RID0490,LB11-LB12,temporal_neocortex,W,8,0.536150657511862,0.40779873703349917,0.15013930068838782,0.07241047663578268,0.08656610413866136,0.0704705874883495
sub-RID0490,LC06-LC07,temporal_neocortex,W,8,0.5837714250340791,0.4088259241292296,0.16669365536769282,0.05358312218061538,0.06633169459324055,0.06030947564265279
sub-RID0490,LC07-LC08,temporal_neocortex,W,8,0.6267191666891387,0.42602446834074237,0.1467116438134654,0.048401787080628776,0.06629732464065255,0.06058720429117864
sub-RID0490,LC08-LC09,temporal_neocortex,W,8,0.6048349495184914,0.4361374058297802,0.15317132617853313,0.052232142939306406,0.06634710087220667,0.062243650098606565
sub-RID0490,LC09-LC10,temporal_neocortex,W,8,0.5155604104741259,0.3341521299036168,0.15578779444637664,0.08005021369816973,0.09000417742452832,0.0705838739191008
sub-RID0490,LH09-LH10,temporal_neocortex,W,8,0.5754600577176148,0.43310220502792274,0.14835442707225213,0.0626603078461006,0.08588972388322702,0.06854012607255773
sub-RID0490,LH10-LH11,temporal_neocortex,W,8,0.6383573643332612,0.4420980152135149,0.12207466494083803,0.050487392764041454,0.07612429946327011,0.053425531807245796
sub-RID0490,RA01-RA02,amygdala,W,8,0.5121815251492678,0.39631821942749096,0.19048573095002055,0.07600555574896413,0.08066173734574623,0.060357040655127404
sub-RID0490,RA02-RA03,hippocampal,W,8,0.5387604707778768,0.43150292966698844,0.16543953454847707,0.07303126879115973,0.08851349840284928,0.0685416728785005
sub-RID0490,RA03-RA04,hippocampal,W,8,0.5228417188218087,0.39752315818499373,0.1510598567493342,0.0715687939166893,0.10692959736032016,0.09274372640156835
sub-RID0490,RA04-RA05,hippocampal,W,8,0.5816614476642161,0.4362633297749379,0.15415107696149288,0.06412697671544886,0.08206728674369755,0.06730887981248777
sub-RID0490,RB01-RB02,hippocampal,W,8,0.6266626654603414,0.418343804687922,0.1154300395027198,0.06453254131246504,0.08270749235835802,0.071263464229669
sub-RID0490,RB02-RB03,hippocampal,W,8,0.6450451287302228,0.42078474512007213,0.11485589661472091,0.059288517507385674,0.07431818041148953,0.06540678416284895
sub-RID0490,RB03-RB04,hippocampal,W,8,0.622949959065006,0.4157248293358606,0.12858601490326077,0.057247882204874014,0.08113527164717232,0.06067444023848512
sub-RID0490,RB04-RB05,hippocampal,W,8,0.5382152952594488,0.38033174211129156,0.1639042191509535,0.064965076599783,0.0895314766614995,0.07860943456291752
sub-RID0490,RB09-RB10,temporal_neocortex,W,8,0.5524363303437967,0.4213639310539552,0.1479597515034058,0.06233039570899607,0.0815666129662492,0.05999564461567393
sub-RID0490,RB10-RB11,temporal_neocortex,W,8,0.5681162726681017,0.3946751807526286,0.15143779972852395,0.059176241164305525,0.06733676335617819,0.051252874025042784
sub-RID0490,RB11-RB12,temporal_neocortex,W,8,0.5627999071486933,0.3651053225228118,0.14708993835370623,0.07207238183449031,0.08632447625241134,0.06916211740225008
sub-RID0490,LA09-LA10,temporal_neocortex,N2,8,0.9139907335909401,0.2975528626479377,0.06971141860840777,0.0017846383215407704,0.0009375852951302615,0.0004365225297157868
sub-RID0490,LA10-LA11,temporal_neocortex,N2,8,0.8915082925352082,0.34981488744423095,0.08368177697989412,0.003160830182885338,0.001491324566704812,0.0009751179130228619
sub-RID0490,LA11-LA12,temporal_neocortex,N2,8,0.986090844333398,0.2787309253898885,0.010439975203347074,0.00022596497629135545,0.00024234211055685096,0.000633598818079745
sub-RID0490,LB07-LB08,temporal_neocortex,N2,8,0.9398948481408553,0.3315166665261562,0.045983448643096184,0.0017429223908627834,0.0011162024579480085,0.00046347694261175557
sub-RID0490,LB08-LB09,temporal_neocortex,N2,8,0.9524291949650134,0.3826671872294737,0.03288299769603749,0.001988885913107771,0.001110237210794165,0.0004093804991273631
sub-RID0490,LB09-LB10,temporal_neocortex,N2,8,0.8969876169988591,0.4319672918416249,0.07114013875936735,0.005196547884923877,0.0034796108301318298,0.0012731394796471076
sub-RID0490,LB10-LB11,temporal_neocortex,N2,8,0.9301372496338722,0.336865603854218,0.05292914670512255,0.0019319167951826924,0.0008195791791482188,0.00027724224744958776
sub-RID0490,LB11-LB12,temporal_neocortex,N2,8,0.7135092590047385,0.4613616277278677,0.17521830921372727,0.025741216683361882,0.014083318210289615,0.005353328455531441
sub-RID0490,LC06-LC07,temporal_neocortex,N2,8,0.9506821226757637,0.3232602614177494,0.037575317256137136,0.0012581586461024646,0.0006893483933622576,0.00026434968005371526
sub-RID0490,LC07-LC08,temporal_neocortex,N2,8,0.9606122458359548,0.3696589015256242,0.029038814474048488,0.0012505029284162242,0.000769663320896571,0.00030212524559667726
sub-RID0490,LC08-LC09,temporal_neocortex,N2,8,0.9250310812528935,0.34451321026711795,0.05975176228775582,0.0014051051107426534,0.0006568148506338116,0.00022066769054363382
sub-RID0490,LC09-LC10,temporal_neocortex,N2,8,0.7947347530329875,0.3604136083220927,0.12029612312633754,0.019987607546731026,0.012364329283884899,0.005952822069862588
sub-RID0490,LH09-LH10,temporal_neocortex,N2,8,0.8796758900241282,0.520752823116105,0.0731540278664693,0.00810168861771153,0.0068307473897006605,0.0035634694269624234
sub-RID0490,LH10-LH11,temporal_neocortex,N2,8,0.9303281495742868,0.3778144407233856,0.04654076048563688,0.0038749155874084483,0.0030369728362739327,0.0014601579447615812
sub-RID0490,RA01-RA02,amygdala,N2,8,0.7044513096804164,0.5408294224230213,0.17494236604480137,0.0317428390214453,0.016195238018094617,0.006892870532676154
sub-RID0490,RA02-RA03,hippocampal,N2,8,0.6730200156739479,0.4892399578331835,0.14967539260902402,0.06916257340731025,0.030294554919225856,0.013341963255910565
sub-RID0490,RA03-RA04,hippocampal,N2,8,0.7013356095996862,0.4750909159151063,0.1368609480942538,0.04842685513546337,0.03566268757669766,0.023487582572493705
sub-RID0490,RA04-RA05,hippocampal,N2,8,0.7968344776248552,0.46833144762714984,0.10088476968024943,0.040176635555119286,0.015283740917438497,0.005189876460474923
sub-RID0490,RB01-RB02,hippocampal,N2,8,0.8409891607062452,0.5236302790484011,0.07907252848104995,0.030217188926716473,0.013081893160855151,0.00903381151060469
sub-RID0490,RB02-RB03,hippocampal,N2,8,0.7928525490330309,0.5332008273538851,0.09732294867265337,0.029664330394586144,0.025330535432884146,0.01617656097082506
sub-RID0490,RB03-RB04,hippocampal,N2,8,0.7809227972307023,0.4922535253031288,0.09331434375875645,0.058878811888773516,0.01872927704828749,0.003456970706066551
sub-RID0490,RB04-RB05,hippocampal,N2,8,0.7231878817558784,0.4500195197368103,0.13703258074822888,0.046931130430096155,0.027856880114624998,0.015774972667319316
sub-RID0490,RB09-RB10,temporal_neocortex,N2,8,0.8386246239080724,0.4306116861198294,0.10254558979013409,0.007808882273624353,0.003681556529923997,0.0011099442322256854
sub-RID0490,RB10-RB11,temporal_neocortex,N2,8,0.9045122628608189,0.3522029734483206,0.06588531351141685,0.003213104115463647,0.001409037775441587,0.00048027372225398397
sub-RID0490,RB11-RB12,temporal_neocortex,N2,8,0.9149478660992769,0.36270739126603674,0.05001361545685726,0.008276268731527201,0.004752228216148983,0.0018503534842701631
sub-RID0490,LA09-LA10,temporal_neocortex,N3,8,0.9545665301432891,0.2314319563152074,0.03975431102383212,0.0005794395712025026,0.00028817381768409857,0.00015579546881299778
sub-RID0490,LA10-LA11,temporal_neocortex,N3,8,0.9523338771702794,0.31046989391599733,0.04022010352136479,0.0008602474013091193,0.0004261540743763901,0.00019184214553500203
sub-RID0490,LA11-LA12,temporal_neocortex,N3,8,0.9950539956825349,0.21234951528242485,0.0037004977348054644,6.796365335614256e-05,8.928626307184243e-05,0.00021707262321962975
sub-RID0490,LB07-LB08,temporal_neocortex,N3,8,0.973200731642568,0.28344951955347014,0.022386456576072376,0.00036930152034942234,0.0002346413448117445,0.00012740182576785445
sub-RID0490,LB08-LB09,temporal_neocortex,N3,8,0.9800254962657768,0.2907716943587102,0.015913650158536803,0.0003857101414637233,0.00021209165634561975,0.00010149378261551234
sub-RID0490,LB09-LB10,temporal_neocortex,N3,8,0.9522245469552493,0.31059429528103005,0.037235364879129915,0.001449479596031282,0.0008777528760265251,0.0003998983150849097
sub-RID0490,LB10-LB11,temporal_neocortex,N3,8,0.9596266326861105,0.2588122225024651,0.034695359596492385,0.0004848929410039018,0.0002037295821634735,8.772317813422441e-05
sub-RID0490,LB11-LB12,temporal_neocortex,N3,8,0.849554526100079,0.4454609104466437,0.1056941247979154,0.008372723978230887,0.004306221854846641,0.001769070261637693
sub-RID0490,LC06-LC07,temporal_neocortex,N3,8,0.9724201925998699,0.2457439169018645,0.02335266686427207,0.00035689869801705455,0.00017812036018504583,8.785658057457494e-05
sub-RID0490,LC07-LC08,temporal_neocortex,N3,8,0.9770108542415604,0.27197261835202496,0.01866442980608026,0.0003666123923237274,0.00020823273558128784,0.00010016532637055421
sub-RID0490,LC08-LC09,temporal_neocortex,N3,8,0.9620515465160575,0.249439681080233,0.0334387585633716,0.0003065313359624625,0.00014420870610580073,6.189715759850436e-05
sub-RID0490,LC09-LC10,temporal_neocortex,N3,8,0.8877666038345179,0.3019913148219248,0.08013630103647087,0.006382025489960615,0.0036039861772686078,0.0019812428939338404
sub-RID0490,LH09-LH10,temporal_neocortex,N3,8,0.9610934119359638,0.44029255702955084,0.026006568565793916,0.0017752985183001253,0.0013829675274546062,0.0009006118767430021
sub-RID0490,LH10-LH11,temporal_neocortex,N3,8,0.9669684434627309,0.33541796493808973,0.024332982244196853,0.0011611126954863538,0.0008381839478850201,0.0004589497710781579
sub-RID0490,RA01-RA02,amygdala,N3,8,0.8188503621782338,0.5666644172754991,0.1157106557061745,0.016198967854638313,0.006149534830523845,0.003359839155718522
sub-RID0490,RA02-RA03,hippocampal,N3,8,0.7658082741905967,0.5143117340561855,0.11429073571465401,0.0543222237204186,0.014187903101237659,0.005827886495774762
sub-RID0490,RA03-RA04,hippocampal,N3,8,0.7892211169422919,0.4509330005421352,0.09834230390983657,0.03955400371862759,0.017667993254255415,0.009110381096215776
sub-RID0490,RA04-RA05,hippocampal,N3,8,0.8736085661569042,0.4327672735533282,0.06410904204708032,0.02693250378844225,0.0069703926162502155,0.0022877734288094787
sub-RID0490,RB01-RB02,hippocampal,N3,8,0.8547876307380051,0.47348940681177587,0.083602888002028,0.023495334572548057,0.00643319112339512,0.0035034613514510677
sub-RID0490,RB02-RB03,hippocampal,N3,8,0.8295913123971651,0.44024648306348513,0.09265880846592402,0.021142647664912737,0.012755931466468721,0.007062855364584847
sub-RID0490,RB03-RB04,hippocampal,N3,8,0.7542189351719075,0.4602125884239845,0.11352792394461772,0.06707430822543908,0.013569903740499113,0.0020488409312572403
sub-RID0490,RB04-RB05,hippocampal,N3,8,0.7924162854969165,0.4211946256823365,0.09589464325022135,0.046933027179945686,0.01870842585111811,0.008395273068010913
sub-RID0490,RB09-RB10,temporal_neocortex,N3,8,0.9387705595150146,0.33784169127688246,0.04768156532101843,0.0020852756642996432,0.0009758462969078732,0.00037766309444549535
sub-RID0490,RB10-RB11,temporal_neocortex,N3,8,0.9392924945148144,0.2525863448588708,0.051149185145303755,0.0012300472617929371,0.0005742923814460131,0.0002648495381532361
sub-RID0490,RB11-RB12,temporal_neocortex,N3,8,0.9449346912570993,0.24323923706450576,0.03716403349007187,0.0045745973337255755,0.00178139179640939,0.0008732200908854263
sub-RID0490,LA09-LA10,temporal_neocortex,R,8,0.9196695072660467,0.5189531405773844,0.05422928119000142,0.0019490198232438782,0.0016864227328733223,0.0008342306591611985
sub-RID0490,LA10-LA11,temporal_neocortex,R,8,0.9071335632103531,0.5317209249701645,0.06079033179996143,0.0032106541985386853,0.0022220136124989176,0.0007228907601549119
sub-RID0490,LA11-LA12,temporal_neocortex,R,8,0.9834092075474935,0.41648473456491164,0.011823502538227823,0.00031763470149963807,0.0004329304973321791,0.0011563758215327696
sub-RID0490,LB07-LB08,temporal_neocortex,R,8,0.9244273528214735,0.521621771463682,0.04975687280582332,0.002976645237342956,0.0027332370969136615,0.0012090619817112882
sub-RID0490,LB08-LB09,temporal_neocortex,R,8,0.9461309672613428,0.4483028738467305,0.035192470674290016,0.002619114834124879,0.002175640925323111,0.0008306594330132347
sub-RID0490,LB09-LB10,temporal_neocortex,R,8,0.8881080919623581,0.566647749238639,0.06797892508038983,0.006888685919580589,0.005652180763290026,0.002303729266871662
sub-RID0490,LB10-LB11,temporal_neocortex,R,8,0.9382367926242059,0.4990767928849287,0.0403181736387297,0.002082732753101826,0.0014301209401283755,0.00043338835882816005
sub-RID0490,LB11-LB12,temporal_neocortex,R,8,0.7352967933499832,0.5326166513604551,0.15196416055993808,0.022641551124632193,0.01859846186557444,0.00576013743037015
sub-RID0490,LC06-LC07,temporal_neocortex,R,8,0.9083704561140935,0.4994507182115739,0.061856951636207795,0.004112269069087777,0.003025810507148205,0.0011415116790054968
sub-RID0490,LC07-LC08,temporal_neocortex,R,8,0.9472952401263111,0.5106778340173195,0.03464660463935725,0.0024688790390283402,0.001997933686558829,0.0007499372351340853
sub-RID0490,LC08-LC09,temporal_neocortex,R,8,0.9090894572807999,0.5297264346992452,0.05902708533820622,0.002539645211838339,0.0016395814916547065,0.0005148496022739599
sub-RID0490,LC09-LC10,temporal_neocortex,R,8,0.7500071148253995,0.469075335805323,0.13096025074270132,0.024761466995127365,0.02157593793001084,0.008294600661548792
sub-RID0490,LH09-LH10,temporal_neocortex,R,8,0.8400730134297041,0.5422419098826553,0.08596810579423445,0.01505355796813695,0.014052079928321453,0.007107548372728607
sub-RID0490,LH10-LH11,temporal_neocortex,R,8,0.8744841264150728,0.5455545231364776,0.07161152645797296,0.010665907779441725,0.009130055291360625,0.004163533714185208
sub-RID0490,RA01-RA02,amygdala,R,8,0.7107979072743871,0.47875139193706595,0.13420669996850948,0.04691293773590804,0.02490662476816059,0.009963970291203493
sub-RID0490,RA02-RA03,hippocampal,R,8,0.7090783410412321,0.496085076350379,0.1223279540399771,0.05565320275622144,0.03251534610114628,0.018328547317484636
sub-RID0490,RA03-RA04,hippocampal,R,8,0.6939133986975611,0.4505630005488626,0.12637191222120786,0.042374721704612525,0.04971959328751355,0.03454546602894743
sub-RID0490,RA04-RA05,hippocampal,R,8,0.8979519195898045,0.5616303408546985,0.0509637677080566,0.016933583500225884,0.009510129651795774,0.0050892574466430964
sub-RID0490,RB01-RB02,hippocampal,R,8,0.8683570234213802,0.5191408058085634,0.05535652637777692,0.02324710581851877,0.01663810117615996,0.016589828852392418
sub-RID0490,RB02-RB03,hippocampal,R,8,0.7964730625148193,0.5298934378449542,0.08427251304972558,0.03308629451044136,0.029293510957118334,0.02534110385196677
sub-RID0490,RB03-RB04,hippocampal,R,8,0.8589238585186805,0.5306872130753372,0.06669906948058323,0.0292742056933369,0.01312502497909041,0.005194977231343564
sub-RID0490,RB04-RB05,hippocampal,R,8,0.8330948986691691,0.5467579838028789,0.08501387442031746,0.018335130450202287,0.01836515156312506,0.014285585890128957
sub-RID0490,RB09-RB10,temporal_neocortex,R,8,0.8682546643897939,0.5789006361577718,0.07595839471976018,0.008783029508872569,0.0068505145447157,0.0022474991051988627
sub-RID0490,RB10-RB11,temporal_neocortex,R,8,0.8723488122613732,0.5241937053832968,0.07606036499014275,0.008058372803892998,0.0051747382200461375,0.0018690269033571512
sub-RID0490,RB11-RB12,temporal_neocortex,R,8,0.8450990407483032,0.4941246172812829,0.08261426100028627,0.01629546119637546,0.014406332611522153,0.004883765450739758
sub-RID0502,LA05-LA06,temporal_neocortex,W,8,0.7132816136598155,0.512736891349116,0.16500909578258427,0.028333680358075874,0.022644145129634433,0.011831298093826586
sub-RID0502,LA06-LA07,temporal_neocortex,W,8,0.762481835795801,0.5241785619797976,0.15080000701210564,0.015719208346531996,0.014281626394814473,0.004412074630062185
sub-RID0502,LA07-LA08,temporal_neocortex,W,8,0.7540482381205957,0.5187964448361997,0.1591871447180966,0.01739781316915532,0.013236002345433838,0.005343599320737875
sub-RID0502,LA08-LA09,temporal_neocortex,W,8,0.8550724392792819,0.634031149487766,0.0838561326838361,0.012392716387341185,0.009211218853892623,0.00388453470319696
sub-RID0502,LA11-LA12,temporal_neocortex,W,8,0.6872567635059341,0.5293939780754255,0.1921292609269607,0.021746476222222633,0.01752700823951476,0.022109330960930068
sub-RID0502,LB01-LB02,hippocampal,W,8,0.8000169514400266,0.5882332573830065,0.1190027499108863,0.016137001380164665,0.011624501365026367,0.0069868080988949284
sub-RID0502,LC02-LC03,hippocampal,W,8,0.6409047706251232,0.5220608031167249,0.2065019410234264,0.025608280244915058,0.026547243932915368,0.0270481863319712
sub-RID0502,LC03-LC04,hippocampal,W,8,0.7544339074268724,0.5813318419700995,0.1445313066017196,0.020068695769421996,0.018293099632268897,0.018159912739813412
sub-RID0502,LC04-LC05,hippocampal,W,8,0.6577470979787066,0.48553598061209224,0.2112654093213867,0.028366425648914163,0.021898046498932965,0.010563439909926756
sub-RID0502,LC08-LC09,temporal_neocortex,W,8,0.8225640133521313,0.586596855507491,0.11854476578411541,0.009842149094138903,0.0057701704629499195,0.0020304309229697455
sub-RID0502,LC09-LC10,temporal_neocortex,W,8,0.6247057968941794,0.450894354286225,0.2571330633122571,0.02601111615553243,0.017243800796033826,0.007503125447630968
sub-RID0502,LC10-LC11,temporal_neocortex,W,8,0.6419321846156865,0.5170533901397135,0.25152971645255173,0.019949920417318547,0.014807404937676955,0.012895999976293964
sub-RID0502,LC11-LC12,temporal_neocortex,W,8,0.5313819284290884,0.42576387073542155,0.3006608374867484,0.036117979068290125,0.019901109085193183,0.009855902589787129
sub-RID0502,LE05-LE06,temporal_neocortex,W,8,0.8282948450609053,0.5859698555276804,0.10377609573773605,0.013545376666611127,0.009642504089690519,0.003412683022804941
sub-RID0502,LE06-LE07,temporal_neocortex,W,8,0.7988637755043131,0.5400673388645031,0.10976264637731069,0.01865836224606406,0.017283727510983962,0.007480798291690093
sub-RID0502,LG04-LG05,temporal_neocortex,W,8,0.710594640766772,0.5262470470531968,0.150212877720384,0.032132538180823365,0.03536544528167994,0.02231402553061401
sub-RID0502,LG05-LG06,temporal_neocortex,W,8,0.697767787761379,0.4862158156316119,0.1352073330345019,0.03903309468190118,0.03760570647616391,0.017974688644697014
sub-RID0502,LG06-LG07,temporal_neocortex,W,8,0.7198772829303249,0.5548333520710954,0.19063287109677318,0.018726645621646883,0.011338530702098136,0.004963830877264431
sub-RID0502,LG07-LG08,temporal_neocortex,W,8,0.9030016384451871,0.422629528178875,0.058078204861849385,0.004232761762088045,0.007361584638782658,0.020869234017919906
sub-RID0502,LI01-LI02,temporal_neocortex,W,8,0.6420685445606229,0.5295780232611483,0.217788374469079,0.029433477605882406,0.03275413569901986,0.011052737067579428
sub-RID0502,LI02-LI03,temporal_neocortex,W,8,0.7120686637533282,0.6061609023250096,0.15494393561501846,0.029333211999077437,0.03641978561805807,0.012648267013961026
sub-RID0502,LI07-LI08,temporal_neocortex,W,8,0.8247931926320522,0.6795950307919159,0.11544329562400305,0.011382859558731015,0.00920485542341375,0.0032719964349664163
sub-RID0502,LI08-LI09,temporal_neocortex,W,8,0.6598147065816728,0.5126783410725834,0.20178892134787313,0.029649247157637622,0.029861749696211866,0.017273220345245456
sub-RID0502,LI09-LI10,temporal_neocortex,W,8,0.7456033118583375,0.492615847952686,0.12274325269799667,0.03415906547717769,0.027515841987990772,0.015876714848685414
sub-RID0502,LI10-LI11,temporal_neocortex,W,8,0.7473957933872534,0.5307030106986628,0.13141842905168497,0.032300370675832524,0.02572260382889194,0.016442177077737555
sub-RID0502,LI11-LI12,temporal_neocortex,W,8,0.6788834398231143,0.4993592034405041,0.19063102907930624,0.030604061382387745,0.025139468477220716,0.01649435518488704
sub-RID0502,LJ02-LJ03,temporal_neocortex,W,8,0.5834609956800725,0.3855881183173935,0.17480200318557745,0.049057927431333956,0.061596970849431276,0.05932767378129425
sub-RID0502,LJ03-LJ04,temporal_neocortex,W,8,0.5507466789569135,0.3773895250665014,0.1974861786012274,0.052663733604644034,0.0671378957529298,0.06912006311529059
sub-RID0502,LJ04-LJ05,temporal_neocortex,W,8,0.637537270752992,0.4196617679216267,0.19112119180925188,0.033714105878703854,0.03202621204439657,0.022138908361365853
sub-RID0502,LJ06-LJ07,temporal_neocortex,W,8,0.6646591039758247,0.4700490492658176,0.20006465874438278,0.02318685476694411,0.016841656984684483,0.00594477628315037
sub-RID0502,LJ07-LJ08,temporal_neocortex,W,8,0.6069524740497237,0.39874146754062845,0.20368875211072246,0.03671490085121502,0.041372659068096854,0.039423401312293924
sub-RID0502,RB08-RB09,temporal_neocortex,W,8,0.7139614080139025,0.4385079022787089,0.20962064264327185,0.011567103487729439,0.00734391721786609,0.005679550144467104
sub-RID0502,RB09-RB10,temporal_neocortex,W,8,0.8886994973931069,0.4711142382149727,0.08018021502863296,0.004848087953288151,0.0029071519704029812,0.002455845564191517
sub-RID0502,RB10-RB11,temporal_neocortex,W,8,0.7744708610900963,0.5502021574855605,0.17269020919664646,0.006275498731617044,0.002359892576357563,0.001119685953249356
sub-RID0502,RC01-RC02,hippocampal,W,8,0.6173889672753602,0.4241599929808133,0.21757044633914194,0.03111822822981864,0.026052930698511827,0.028000613903939427
sub-RID0502,RC02-RC03,hippocampal,W,8,0.7863516158171474,0.535860622416966,0.10180811949473464,0.023491582833805133,0.02673317523579792,0.02495787136795494
sub-RID0502,RC03-RC04,hippocampal,W,8,0.6946504073289637,0.45523082065310877,0.15732589066917435,0.02934781349640574,0.04131090590948608,0.02358219936615268
sub-RID0502,RC07-RC08,temporal_neocortex,W,8,0.7056139341056363,0.5247190722645909,0.19828285407434587,0.01658348877296252,0.010432398988370511,0.0034434520917110095
sub-RID0502,RC08-RC09,temporal_neocortex,W,8,0.8262018689135923,0.5080665013576143,0.13930690185135938,0.0030409869972406215,0.001066727317622471,0.0002869255599027479
sub-RID0502,RC09-RC10,temporal_neocortex,W,8,0.6670589090892918,0.5120066090145123,0.2058511364335509,0.02293591557793055,0.015896367110135506,0.011353695427613561
sub-RID0502,RD05-RD06,temporal_neocortex,W,8,0.6260748896978576,0.3775264215415543,0.2823273551399508,0.01516445624321611,0.008690392593570146,0.0020677906955168385
sub-RID0502,RD06-RD07,temporal_neocortex,W,8,0.6753427068399074,0.4101102504387298,0.23231893990482283,0.015362464271751988,0.010712506215493028,0.0054635855169710345
sub-RID0502,RD07-RD08,temporal_neocortex,W,8,0.9156589231760914,0.44673937940155173,0.0666637414390974,0.0017024233814920062,0.0006624321729603419,0.0008163104753586485
sub-RID0502,RE03-RE04,temporal_neocortex,W,8,0.4667497667698943,0.29936689221116664,0.2925648338065565,0.053226012316362814,0.03078059894779367,0.010554040556193666
sub-RID0502,RE04-RE05,temporal_neocortex,W,8,0.5927269582480965,0.42533688049867613,0.21849622804026356,0.04254910623808482,0.028079811844450336,0.01079531284360255
sub-RID0502,RE05-RE06,temporal_neocortex,W,8,0.5938106750674419,0.4216084614149426,0.24795156891572295,0.033338268444181425,0.021652738556989008,0.007457919535342143
sub-RID0502,RE06-RE07,temporal_neocortex,W,8,0.6274470531719234,0.4401886635370711,0.27161785787733084,0.012954044159384052,0.006834536313193218,0.0022956997872983506
sub-RID0502,RE07-RE08,temporal_neocortex,W,8,0.5035082754307133,0.3667634656685025,0.2768166331528442,0.04906314939925588,0.04062692549814402,0.03011539100235294
sub-RID0502,RF05-RF06,temporal_neocortex,W,8,0.4206832950542919,0.29269387478094405,0.19362188132174327,0.11899551564988631,0.08021553004085763,0.03884141644229332
sub-RID0502,RF06-RF07,temporal_neocortex,W,8,0.4910946794256461,0.3400044171997292,0.27652142790098105,0.05668753062926135,0.04491547077684814,0.018803166684921782
sub-RID0502,RF07-RF08,temporal_neocortex,W,8,0.32369531054599643,0.2578137868371909,0.3237202863245099,0.09015745102623125,0.07858992793168312,0.06441570342657876
sub-RID0502,LA05-LA06,temporal_neocortex,N3,8,0.8767809861573101,0.6413948149928071,0.08373250751489153,0.004612136800926788,0.004550518109157787,0.0018589553764642107
sub-RID0502,LA06-LA07,temporal_neocortex,N3,8,0.948210614627188,0.7869473067606386,0.035222276225199474,0.0009082022286736795,0.0007314777240807365,0.0002181316997424086
sub-RID0502,LA07-LA08,temporal_neocortex,N3,8,0.9417788166034973,0.775804922975478,0.04061845492368328,0.0021108071367857808,0.0014945988529700574,0.000561967254324703
sub-RID0502,LA08-LA09,temporal_neocortex,N3,8,0.9395360555127514,0.748798231573417,0.042090744264733124,0.002114278306382821,0.00145633179981264,0.00042216365820147046
sub-RID0502,LA11-LA12,temporal_neocortex,N3,8,0.8972687966850303,0.6600636500916421,0.07186096965726417,0.00396259064289734,0.0033688051547022344,0.0029145611168594435
sub-RID0502,LB01-LB02,hippocampal,N3,8,0.7968443636033905,0.5999090101995281,0.12900843810935061,0.014289284400031577,0.007266145027796493,0.0021464810847281676
sub-RID0502,LC02-LC03,hippocampal,N3,8,0.7736811371604027,0.6211552681402848,0.12938439400506807,0.017703042205424537,0.015597828241296859,0.009611663572831513
sub-RID0502,LC03-LC04,hippocampal,N3,8,0.8225252837646688,0.5593822047884431,0.09208036684412772,0.024148159559751782,0.010614735296339118,0.004532155416137726
sub-RID0502,LC04-LC05,hippocampal,N3,8,0.8039184423608583,0.6022256395869311,0.12960486260358706,0.011550173313062021,0.007639551123359336,0.0023353028319765897
sub-RID0502,LC08-LC09,temporal_neocortex,N3,8,0.9410200823502386,0.6743673047514913,0.04359736176638261,0.001555414329326705,0.0010317439183062205,0.00025680695915803137
sub-RID0502,LC09-LC10,temporal_neocortex,N3,8,0.9019659548957601,0.7572761710617748,0.06856731425325485,0.005279146516502475,0.002960973499079986,0.0009024044831835875
sub-RID0502,LC10-LC11,temporal_neocortex,N3,8,0.8798230435014442,0.6124635947162342,0.08560430439342905,0.004718353465800373,0.003608701057242199,0.0010551488503022267
sub-RID0502,LC11-LC12,temporal_neocortex,N3,8,0.782444108466235,0.6549630775039416,0.1516699359728718,0.010958594043253774,0.006340902969324337,0.001472194708746554
sub-RID0502,LE05-LE06,temporal_neocortex,N3,8,0.9108512655989263,0.5069740087788254,0.06402411732574677,0.002814606303240197,0.0015667640776836668,0.0004927752597013958
sub-RID0502,LE06-LE07,temporal_neocortex,N3,8,0.8714549845661504,0.5292304914548027,0.09048712024899945,0.005426115280748091,0.0034473747369553956,0.0011349776498181174
sub-RID0502,LG04-LG05,temporal_neocortex,N3,8,0.8458956226332254,0.5122274564941649,0.10267752952446241,0.007795232972797531,0.006550817438705938,0.0029377927028202576
sub-RID0502,LG05-LG06,temporal_neocortex,N3,8,0.7492273979840487,0.4707444491196321,0.18354884470990757,0.010330435882896217,0.006622717135229564,0.0022097192939432974
sub-RID0502,LG06-LG07,temporal_neocortex,N3,8,0.834936209442106,0.5348903997466481,0.12087054696477613,0.005142796535496049,0.0019756374954628753,0.0004775135571110299
sub-RID0502,LG07-LG08,temporal_neocortex,N3,8,0.9305078360540409,0.4668211150541176,0.05531233620381181,0.0007604763129159275,0.0003405055483755987,0.0006278364979788402
sub-RID0502,LI01-LI02,temporal_neocortex,N3,8,0.7745464840889582,0.6452830483978547,0.1450725827057704,0.011931062441820309,0.011098239110283629,0.0036080761192749675
sub-RID0502,LI02-LI03,temporal_neocortex,N3,8,0.7745624182894697,0.6683115873579119,0.1401480954736099,0.014062503772536147,0.01071949656694859,0.0026701141314571016
sub-RID0502,LI07-LI08,temporal_neocortex,N3,8,0.9343113180350018,0.7666472794592101,0.04505311739874037,0.0016352206598468225,0.0010475305062612778,0.0004944705524651489
sub-RID0502,LI08-LI09,temporal_neocortex,N3,8,0.8862930672112105,0.6832433039326061,0.07409152368759392,0.004844445255577537,0.004081924202160459,0.0023384438679527266
sub-RID0502,LI09-LI10,temporal_neocortex,N3,8,0.908736292866882,0.7076428600716311,0.05747657867229886,0.004985216246128281,0.004569199883898569,0.002521911682684139
sub-RID0502,LI10-LI11,temporal_neocortex,N3,8,0.9138859188341606,0.688094687965685,0.05305539459037005,0.006022751762515941,0.005711590642951071,0.003289678895252837
sub-RID0502,LI11-LI12,temporal_neocortex,N3,8,0.8726455378090976,0.6471250976662071,0.08303506652403929,0.007098055950013166,0.0073488396225470706,0.0039497893776052765
sub-RID0502,LJ02-LJ03,temporal_neocortex,N3,8,0.8195434144523075,0.5486368274879844,0.11006829013415187,0.012130668297407528,0.012356042765551177,0.007519763033086188
sub-RID0502,LJ03-LJ04,temporal_neocortex,N3,8,0.8173483133404158,0.5842217666461473,0.11769881652477673,0.01011027510967024,0.01290084313392238,0.008837373705112398
sub-RID0502,LJ04-LJ05,temporal_neocortex,N3,8,0.9112518521410584,0.6474921942801593,0.06363015853391724,0.0030187783874470776,0.0023374350994857006,0.0010762929978719161
sub-RID0502,LJ06-LJ07,temporal_neocortex,N3,8,0.930414854097461,0.6165966550054417,0.052506787875957486,0.0010722671238834979,0.0006116979937662557,0.0002005635978876856
sub-RID0502,LJ07-LJ08,temporal_neocortex,N3,8,0.8681651758539392,0.636238961514748,0.08924731042753625,0.006015697778432633,0.004099061349624665,0.0012273547326542293
sub-RID0502,RB08-RB09,temporal_neocortex,N3,7,0.8767387134850634,0.43627027796844925,0.08553165720578033,0.006769763533863685,0.006218511391449609,0.0031167298654784454
sub-RID0502,RB09-RB10,temporal_neocortex,N3,7,0.8991928208405003,0.378806672809448,0.06188579184275688,0.008045458544459793,0.007718178449821968,0.004172480393822996
sub-RID0502,RB10-RB11,temporal_neocortex,N3,8,0.892218988154131,0.6348632827930405,0.08819921034183636,0.001587052787621731,0.0008363140725622551,0.0002381418453078459
sub-RID0502,RC01-RC02,hippocampal,N3,8,0.6401812823315366,0.4808329582887154,0.20109961530437367,0.03885074563433792,0.0322417427552951,0.009763950621137139
sub-RID0502,RC02-RC03,hippocampal,N3,8,0.8162143925228564,0.5709156711851654,0.09264653780236097,0.02694304049363881,0.014877071312806904,0.005153998020068707
sub-RID0502,RC03-RC04,hippocampal,N3,8,0.7738135515832546,0.5404371789726643,0.12717208957587675,0.02104234170704916,0.023996426799213086,0.008873827564754556
sub-RID0502,RC07-RC08,temporal_neocortex,N3,8,0.848100544110678,0.5505056588586285,0.12672788553657366,0.002981690503987342,0.0016364983231629028,0.000509478897390794
sub-RID0502,RC08-RC09,temporal_neocortex,N3,8,0.9219679511798641,0.6942084599521271,0.06325619934675776,0.0010419270687782075,0.0004135781762350726,4.0085814275717335e-05
sub-RID0502,RC09-RC10,temporal_neocortex,N3,8,0.7785836577310665,0.6799046445247414,0.1661890577210262,0.008996577543019607,0.00614563622615693,0.0015027336372483429
sub-RID0502,RD05-RD06,temporal_neocortex,N3,8,0.8824906385304088,0.5311405932384461,0.0935252555702436,0.0030412903336273374,0.0012903099273968643,0.00025602069511149905
sub-RID0502,RD06-RD07,temporal_neocortex,N3,7,0.8270638743055165,0.4739159335642174,0.1376520334471143,0.0047176981139352165,0.004216287925847744,0.0018854241839875037
sub-RID0502,RD07-RD08,temporal_neocortex,N3,7,0.9323803903272239,0.5215986609140183,0.039669718358442976,0.005063910778115408,0.00518962302981481,0.002646408463719282
sub-RID0502,RE03-RE04,temporal_neocortex,N3,8,0.8295545682502776,0.45063966677588807,0.13946890482981983,0.003996310311817221,0.0018630804645146843,0.0004259397339369762
sub-RID0502,RE04-RE05,temporal_neocortex,N3,8,0.8409262384026059,0.4782183925557377,0.1272368783665964,0.003803108453169218,0.0017281166608767492,0.00045710344758111994
sub-RID0502,RE05-RE06,temporal_neocortex,N3,8,0.8191517812419737,0.565758334297262,0.13473628272788418,0.007055107618703696,0.0042083109387914645,0.001258973908296256
sub-RID0502,RE06-RE07,temporal_neocortex,N3,8,0.8429809385424646,0.5645763037571272,0.13051556997232067,0.0020420675085357103,0.0007223341909549405,0.0001550041106321377
sub-RID0502,RE07-RE08,temporal_neocortex,N3,8,0.7737962908848958,0.5868567785767898,0.14631037657503915,0.016647183244907465,0.013676234064050285,0.006508486790580718
sub-RID0502,RF05-RF06,temporal_neocortex,N3,8,0.8357945357207681,0.4260283839715174,0.12034550906901348,0.007002209070105235,0.004253500999888006,0.0020346471836839228
sub-RID0502,RF06-RF07,temporal_neocortex,N3,2,0.8139283558674397,0.5480968927942578,0.15161927567763706,0.002989154028228415,0.002172487930885029,0.0007224828687548896
sub-RID0502,RF07-RF08,temporal_neocortex,N3,2,0.6826154895684018,0.5351100690674839,0.2233303865645396,0.015591439492716916,0.009890483645240339,0.003520934277824274
sub-RID0508,LA07-LA08,temporal_neocortex,W,8,0.6284723997104104,0.4541741668467016,0.2025188403739661,0.028382115613965208,0.021836640393664133,0.01254041547041611
sub-RID0508,LA09-LA10,temporal_neocortex,W,8,0.7319156955816328,0.41763425182288794,0.10065451913268812,0.0372325406171144,0.03156932734976407,0.014783672267047914
sub-RID0508,LB05-LB06,temporal_neocortex,W,8,0.803009738222356,0.42727881533714596,0.08802921602144678,0.01820127181229797,0.015294516029461028,0.005269318910089806
sub-RID0508,LB06-LB07,temporal_neocortex,W,8,0.5528796221097458,0.40316167421938,0.14618532670493614,0.03065975206893743,0.015765710101568478,0.0034924670505004944
sub-RID0508,LB07-LB08,temporal_neocortex,W,8,0.7534717036072811,0.5590962013044307,0.08107221967204659,0.025804108073844194,0.014364451023362645,0.003316855054245777
sub-RID0508,LB08-LB09,temporal_neocortex,W,8,0.8626224206705981,0.5883250684257845,0.0642044404984149,0.010026924352237065,0.006095389464284684,0.0017792190745141035
sub-RID0508,LB09-LB10,temporal_neocortex,W,8,0.9368165426209926,0.66897846074089,0.03274242813921163,0.0037694332881652963,0.0018590662151836584,0.0005673044378538506
sub-RID0508,LB10-LB11,temporal_neocortex,W,8,0.7052327688782256,0.4174409132285122,0.07780909320929513,0.028935932129767212,0.04677885786405908,0.14013262535345425
sub-RID0508,LC01-LC02,hippocampal,W,8,0.6055822602664364,0.4407364171433094,0.1415376062587131,0.06211336763974229,0.06230813549488377,0.03806878475443463
sub-RID0508,LC07-LC08,temporal_neocortex,W,8,0.902323027601735,0.6409817421411886,0.05226244185085571,0.0051419676264010845,0.002117223330492598,0.0011062820875184444
sub-RID0508,LC08-LC09,temporal_neocortex,W,8,0.5497567468092037,0.4064557770289011,0.11610316711202824,0.051856736880771304,0.06477447536300436,0.15733888603099122
sub-RID0508,LD02-LD03,temporal_neocortex,W,8,0.9117024106753191,0.6049775999882643,0.046525268075553586,0.0072163348940533344,0.004123460799377363,0.001615371491957067
sub-RID0508,LD03-LD04,temporal_neocortex,W,8,0.946222206119445,0.680450023996048,0.028552101336088702,0.004045874969319378,0.0025886138755651126,0.0026169024992044035
sub-RID0508,LG07-LG08,temporal_neocortex,W,8,0.6992563985309275,0.44364717991710284,0.11870253327877715,0.0388971126860477,0.04016692112625889,0.03404084497847537
sub-RID0508,LG08-LG09,temporal_neocortex,W,8,0.7488498159163968,0.5068263550288729,0.10598073889965809,0.030306529238021483,0.0319213690976575,0.028611716444065245
sub-RID0508,LA07-LA08,temporal_neocortex,N2,8,0.8224160492155241,0.4021019740547205,0.09094450654836639,0.01889976143569666,0.013744076355900518,0.006226528301915578
sub-RID0508,LA09-LA10,temporal_neocortex,N2,8,0.7876127523935378,0.39183891175091345,0.06893631613361406,0.0365446636375573,0.03201400125797446,0.014700697189661298
sub-RID0508,LB05-LB06,temporal_neocortex,N2,8,0.9100436652310324,0.320399301587425,0.047919510063092724,0.009237364849441298,0.00756783369042168,0.0031260250779990817
sub-RID0508,LB06-LB07,temporal_neocortex,N2,8,0.7711415453490614,0.2981463646730754,0.11360752119272172,0.022675620408367504,0.007177812742832659,0.0017089987654951098
sub-RID0508,LB07-LB08,temporal_neocortex,N2,8,0.7733041871946533,0.41181496680059354,0.10261688247355637,0.028853431606149862,0.010706188682360892,0.002656383629884542
sub-RID0508,LB08-LB09,temporal_neocortex,N2,8,0.9025017045223351,0.31494535006736857,0.05557631238649675,0.007830837423985977,0.003176209678554282,0.0011080563523767858
sub-RID0508,LB09-LB10,temporal_neocortex,N2,8,0.9255255204034817,0.3155083792768526,0.04844233940185232,0.004151326882930278,0.001480001556527914,0.00047968415092869594
sub-RID0508,LB10-LB11,temporal_neocortex,N2,8,0.8085750513072669,0.279606085018649,0.08708713907583182,0.029029034491645997,0.015437316021158708,0.00937054562479886
sub-RID0508,LC01-LC02,hippocampal,N2,8,0.663196192324724,0.42866840286517344,0.12251283305325757,0.08821430310718897,0.03471892971375564,0.0145876679740826
sub-RID0508,LC07-LC08,temporal_neocortex,N2,8,0.8649982493152018,0.24524877505591583,0.08219565562195173,0.007483439071717857,0.0014121558979683462,0.0003814400810545753
sub-RID0508,LC08-LC09,temporal_neocortex,N2,8,0.6537505679050875,0.24863267970411224,0.14852594045568884,0.06671616143979078,0.021121363470815564,0.009960691724908993
sub-RID0508,LD02-LD03,temporal_neocortex,N2,8,0.9385174546918382,0.4118740226644926,0.03560487544996827,0.00488376988854879,0.0025387396035109417,0.0012730969427033815
sub-RID0508,LD03-LD04,temporal_neocortex,N2,8,0.9530944682283272,0.5211328066969046,0.027169341206389367,0.003915456433534602,0.0019142398293606217,0.0010697654253241803
sub-RID0508,LG07-LG08,temporal_neocortex,N2,8,0.8234400083587146,0.3243677395927793,0.09056150648864525,0.01943812330025945,0.01264763136952619,0.00487503606902263
sub-RID0508,LG08-LG09,temporal_neocortex,N2,8,0.8613808223453514,0.44232311383129663,0.08335672448727291,0.00938918344509022,0.006549917756323253,0.0031151241826776685
sub-RID0508,LA07-LA08,temporal_neocortex,N3,8,0.9815801841831342,0.3061525765417025,0.011643534005777556,0.0007471295679491858,0.0006138339906518911,0.00036004026896631434
sub-RID0508,LA09-LA10,temporal_neocortex,N3,8,0.9697931004554445,0.27918347473311067,0.017368791191152005,0.002240114756374395,0.0016993050907210044,0.0015117888123236975
sub-RID0508,LB05-LB06,temporal_neocortex,N3,8,0.9811959265351531,0.24545486985825152,0.011120108904859018,0.001870132976201576,0.0010131164830591754,0.0005407010457497048
sub-RID0508,LB06-LB07,temporal_neocortex,N3,8,0.9647035149023168,0.2572747379504974,0.022615175333671737,0.0025134321218301613,0.0006452943881316174,0.0002522985983150225
sub-RID0508,LB07-LB08,temporal_neocortex,N3,8,0.9421298594269438,0.4034427503830409,0.03382204439006629,0.005160603710277458,0.00159640729856401,0.000698044110734654
sub-RID0508,LB08-LB09,temporal_neocortex,N3,8,0.9816459434729499,0.2557887543138392,0.012360225848917605,0.001009382926177983,0.00033611538246840125,0.0001600746423958482
sub-RID0508,LB09-LB10,temporal_neocortex,N3,8,0.9849648320429071,0.26539828395665144,0.010878630055115553,0.0005872239808679795,0.0001587684196324153,6.945018813633684e-05
sub-RID0508,LB10-LB11,temporal_neocortex,N3,8,0.9643536853577483,0.27459482725392714,0.02050556708909529,0.003648320948394617,0.0015702647995501956,0.0013400677390563117
sub-RID0508,LC01-LC02,hippocampal,N3,8,0.8390008463852863,0.38428005080129646,0.0706167359693702,0.031431748749979886,0.011713380226598725,0.0037694328998508445
sub-RID0508,LC07-LC08,temporal_neocortex,N3,8,0.9822316413637103,0.25605607943125025,0.012690728496443534,0.0009088252960546834,0.0001493146716520648,6.58066708275925e-05
sub-RID0508,LC08-LC09,temporal_neocortex,N3,8,0.924160394821076,0.3495868470869261,0.041602937387800014,0.011809163057332595,0.0026067177924686638,0.0016527712329100453
sub-RID0508,LD02-LD03,temporal_neocortex,N3,8,0.9806786296540705,0.3373768059747149,0.013171077465565263,0.0008778257352525898,0.0003717759120072344,0.00026054339953151065
sub-RID0508,LD03-LD04,temporal_neocortex,N3,8,0.9807815467708374,0.3816476029482817,0.012851512222155137,0.0010289010482374171,0.00036638966052164146,0.0002938208026458983
sub-RID0508,LG07-LG08,temporal_neocortex,N3,8,0.9668724829283366,0.3540154297594447,0.020553574375584464,0.00238696931824963,0.0015266393447192837,0.000998142987888669
sub-RID0508,LG08-LG09,temporal_neocortex,N3,8,0.9695128343992787,0.38024920513476346,0.01865636480611601,0.0019934077872220375,0.001243443693596351,0.0008872238255703446
sub-RID0508,LA07-LA08,temporal_neocortex,R,8,0.7884349589724796,0.5037835014550396,0.10712278587456875,0.01956620201591759,0.022107339076138367,0.01845204690412982
sub-RID0508,LA09-LA10,temporal_neocortex,R,8,0.6862569224079176,0.3985311315272243,0.11276519033626012,0.03826927461697753,0.054317614977869765,0.0405327656287372
sub-RID0508,LB05-LB06,temporal_neocortex,R,8,0.8849735299950467,0.47744200882460996,0.06465447506216368,0.010171737876783268,0.011767230259639865,0.005499937635098854
sub-RID0508,LB06-LB07,temporal_neocortex,R,8,0.6972830931821665,0.4478994777651115,0.18703245833544946,0.02483946396226632,0.01816894322553221,0.004386648153653881
sub-RID0508,LB07-LB08,temporal_neocortex,R,8,0.8201510824168236,0.545737327780621,0.09471362240804793,0.019367873810860154,0.013406123630719238,0.0041065791875682
sub-RID0508,LB08-LB09,temporal_neocortex,R,8,0.8916940088316577,0.5077347327098765,0.07151254304159074,0.006860497925068878,0.005433162623506654,0.0023959405369396855
sub-RID0508,LB09-LB10,temporal_neocortex,R,8,0.9287355153291865,0.5445978691250029,0.05331451899713735,0.00283189853865689,0.00209348111912127,0.0008946104010450003
sub-RID0508,LB10-LB11,temporal_neocortex,R,8,0.7740255886949443,0.47300084471091647,0.10805429857875451,0.02094230287770006,0.027480269056717237,0.027568383070399563
sub-RID0508,LC01-LC02,hippocampal,R,8,0.7379578999845839,0.5505342516233067,0.11032968628264003,0.029248996091126793,0.04140309469464762,0.043435853600624
sub-RID0508,LC07-LC08,temporal_neocortex,R,8,0.8474369691717245,0.4993091162166994,0.11521114615870537,0.005940485588140241,0.0030082821777297868,0.000939969547293061
sub-RID0508,LC08-LC09,temporal_neocortex,R,8,0.638856941014986,0.44245002368498293,0.1473449632646701,0.04492389313566747,0.04152393361069491,0.036071522110967806
sub-RID0508,LD02-LD03,temporal_neocortex,R,8,0.9047913517897589,0.5972450044474414,0.060361428743639964,0.005397653443545788,0.0037815700445831425,0.0026406005748907343
sub-RID0508,LD03-LD04,temporal_neocortex,R,8,0.9409852170025474,0.7010854846515489,0.03861256706866723,0.0030668817749186232,0.002214383653545958,0.0017070449126767697
sub-RID0508,LG07-LG08,temporal_neocortex,R,8,0.7221823182098186,0.4415007687998703,0.15413646765818975,0.022754332937827297,0.024988824560086546,0.012603755780666519
sub-RID0508,LG08-LG09,temporal_neocortex,R,8,0.8229299369531479,0.5531112249836705,0.11674851943372244,0.008508964548736227,0.008511068746568866,0.005942941795496858
sub-RID0520,LA02-LA03,amygdala,W,8,0.8691465894186752,0.5203796550086492,0.0775795413992047,0.010432076537660978,0.00938744618266934,0.006670445729518145
sub-RID0520,LA03-LA04,amygdala,W,8,0.8998777053088547,0.5635528625447888,0.05982560594698781,0.008178488195072397,0.00576033216056226,0.0028464290296190795
sub-RID0520,LA04-LA05,amygdala,W,8,0.9631987933683546,0.5752312431258023,0.022848870297521896,0.002214463331780389,0.0013974398638143901,0.00034400462685148334
sub-RID0520,LB02-LB03,hippocampal,W,8,0.7887644454353422,0.559369197640973,0.12994934907963104,0.014309756342184413,0.012399052752410437,0.007107595107300334
sub-RID0520,LB03-LB04,hippocampal,W,8,0.7861921116885348,0.5372374410978373,0.12437096772223204,0.017341115491714146,0.022004601688600658,0.01179441633904477
sub-RID0520,LB04-LB05,hippocampal,W,8,0.830131075954357,0.5278902908366767,0.09143892573467477,0.02333884019714329,0.01740984649466569,0.006125335859900696
sub-RID0520,LC01-LC02,temporal_neocortex,W,8,0.9671435122332614,0.5737493508625697,0.022307982586316416,0.0015315224340252992,0.0007934931751133088,0.00036646378704126227
sub-RID0520,LC02-LC03,temporal_neocortex,W,8,0.9749387225286577,0.5087473181884964,0.01650239478686236,0.0011523277166371124,0.0005833281615910177,0.00017805199998788973
sub-RID0520,LC03-LC04,temporal_neocortex,W,8,0.9797048516832834,0.5039412689694169,0.013862443492216964,0.000614696947540713,0.00038945230392655296,8.722098432223096e-05
sub-RID0520,LC04-LC05,temporal_neocortex,W,8,0.9751019266722613,0.4703746556657911,0.018195514837754407,0.0005174410818418895,0.00028318813322004846,5.957944298747209e-05
sub-RID0520,LC05-LC06,temporal_neocortex,W,8,0.9542218113141197,0.4979637444374842,0.03208752759779181,0.0017126865150359153,0.0009722159611985164,0.00026315537647811273
sub-RID0520,LC06-LC07,temporal_neocortex,W,8,0.9520085340467371,0.44656195095372386,0.029766111746985905,0.002913283550539611,0.002670703699547711,0.0007580533962752603
sub-RID0520,LE03-LE04,temporal_neocortex,W,8,0.8868937288841634,0.6183665080769843,0.07328716454639835,0.007884143584596527,0.0034985890022110567,0.0008246493690327773
sub-RID0520,LGr33-LGr34,temporal_neocortex,W,8,0.9717815786582435,0.5310583633567258,0.018218590083846083,0.0020227397650429482,0.0010645246803800462,0.0003039526170812984
sub-RID0520,LGr34-LGr35,temporal_neocortex,W,8,0.9029525229530352,0.45799491643734563,0.049380536549577185,0.013959424140866254,0.007418145331981546,0.0010588841260402646
sub-RID0520,LGr42-LGr43,temporal_neocortex,W,8,0.8550295406770775,0.48945316850325044,0.08279391725612156,0.016001644769770874,0.008440746851817988,0.004983343218256426
sub-RID0520,LGr43-LGr44,temporal_neocortex,W,8,0.8548402292118813,0.5887411735853181,0.07439337137312077,0.018388831682846617,0.009680398042064503,0.0023680953572988144
sub-RID0520,LGr44-LGr45,temporal_neocortex,W,8,0.8905419736006651,0.5415620712078436,0.060144559648708906,0.013143507849127878,0.00785152239193234,0.0007315962952112316
sub-RID0520,LGr49-LGr50,temporal_neocortex,W,8,0.9582844125661792,0.6434520791212024,0.028165919159834782,0.0019674006141474007,0.001155190861437986,0.0003260391022951204
sub-RID0520,LGr50-LGr51,temporal_neocortex,W,8,0.9598547596929055,0.5891929084119683,0.02608586683595102,0.0023694938602256553,0.0013005306690825821,0.000218831632778608
sub-RID0520,LGr57-LGr58,temporal_neocortex,W,8,0.9588639732485877,0.5467165182953123,0.027109800142870195,0.0024162806979226943,0.0015286565086489482,0.00033157297559278904
sub-RID0520,LGr58-LGr59,temporal_neocortex,W,8,0.9627997745913571,0.5180438695940706,0.024201449483356213,0.0023465215029458276,0.000997736764116208,0.00019513855303229864
sub-RID0520,LGr41-LGr42,temporal_neocortex,W,3,0.6231587362398315,0.553719729151735,0.1818620488503626,0.04893534749989598,0.040044874545236205,0.02303543674895733
sub-RID0566,LA01-LA02,amygdala,W,8,0.7429988555204696,0.4218614996907858,0.10756448946640838,0.038194644663448934,0.04341786037355937,0.020442629458888438
sub-RID0566,LA02-LA03,amygdala,W,8,0.673146135139272,0.44904054077623967,0.14856266509674287,0.0447663469219855,0.045515528888688594,0.022165256608509983
sub-RID0566,LA06-LA07,temporal_neocortex,W,8,0.9077663472937729,0.30501577911031413,0.03739969230509811,0.01609396647042531,0.009455959573515579,0.004573736990558969
sub-RID0566,LA07-LA08,temporal_neocortex,W,8,0.8393150404354904,0.3342660458554807,0.06151764637518333,0.03435802916844166,0.01983447969341313,0.008924009253097472
sub-RID0566,LA08-LA09,temporal_neocortex,W,8,0.5198380572445489,0.3545120714274923,0.13650774813941047,0.10633478694261468,0.10355610807672058,0.13322674696164882
sub-RID0566,LB02-LB03,parahippocampal,W,8,0.5891088408549634,0.4014544414086279,0.14270637766150007,0.09680933868037972,0.06979148045713607,0.029486824164381975
sub-RID0566,LB03-LB04,parahippocampal,W,8,0.624326451268919,0.34759955705223966,0.1587816876536159,0.066281219280474,0.04276324984037093,0.010516987796046925
sub-RID0566,LB06-LB07,temporal_neocortex,W,8,0.663201001870236,0.43712819606354425,0.1149954441504962,0.07069702138589018,0.050637568734150026,0.02233952476309657
sub-RID0566,LB08-LB09,temporal_neocortex,W,8,0.6814198353122541,0.29192833327015755,0.12758594100986767,0.063257714132756,0.030189421288881173,0.017207008822236948
sub-RID0566,LB09-LB10,temporal_neocortex,W,8,0.9056973598464169,0.286777354822642,0.0338682751955587,0.021805922748347598,0.009562763901704826,0.004026456727020544
sub-RID0566,LB10-LB11,temporal_neocortex,W,8,0.4956493389190948,0.3670811252976057,0.1623230436444057,0.12112835858614873,0.08095452254144408,0.03097377416424214
sub-RID0566,LE01-LE02,parahippocampal,W,8,0.6951379289923536,0.4561977215650589,0.12980966353058143,0.04297987165835586,0.050096774655520926,0.020953111805883003
sub-RID0566,LE02-LE03,parahippocampal,W,8,0.8384084809913203,0.36942105277653553,0.06144845963467471,0.029140519064762078,0.025847139138318986,0.006941160112494182
sub-RID0566,LE04-LE05,temporal_neocortex,W,8,0.6474803423180966,0.43497527080308795,0.1550823309374027,0.06120477494043911,0.03777440857806165,0.017082100483256087
sub-RID0566,LE05-LE06,temporal_neocortex,W,8,0.7001862126705075,0.31898041705007396,0.1147381282469886,0.06341862228074718,0.03432774373095106,0.013178825633705295
sub-RID0566,LE07-LE08,temporal_neocortex,W,8,0.49023626567483153,0.24086842301275485,0.2201214306323308,0.1130789169796139,0.02675966920570851,0.009944372076277675
sub-RID0566,LE08-LE09,temporal_neocortex,W,8,0.4664285892947426,0.34226232479337465,0.25766092474870395,0.08785267968481049,0.022736133730530607,0.004759289951432053
sub-RID0566,LE09-LE10,temporal_neocortex,W,8,0.7296248476640181,0.46574338611216637,0.16754089103720238,0.020102995668743844,0.0027886302516959547,0.0016399231257209733
sub-RID0566,LF01-LF02,temporal_neocortex,W,8,0.7602811387731101,0.4175435745790451,0.09787267803625779,0.04341935131420016,0.027670628412819243,0.012062961781362094
sub-RID0566,LF02-LF03,temporal_neocortex,W,8,0.6685548368365923,0.41841316393426337,0.13912680963428803,0.06012354854005293,0.03905935420691757,0.018621252001677323
sub-RID0566,LF03-LF04,temporal_neocortex,W,8,0.7286397739822166,0.3867535300443552,0.12011903109916698,0.043034804395019464,0.03145235644505948,0.014284856107187313
sub-RID0566,LF04-LF05,temporal_neocortex,W,8,0.43333382194817893,0.3128933427253318,0.2108613056877579,0.1307376643716451,0.06218522692739882,0.02392732764459788
sub-RID0566,LF05-LF06,temporal_neocortex,W,8,0.6277008353533652,0.43730407353662903,0.1850830485461396,0.057229941251339386,0.013736882345263192,0.002442284056962755
sub-RID0566,LG01-LG02,temporal_neocortex,W,8,0.7670634187985459,0.36224383623002143,0.09735093123089575,0.03201220660306312,0.03322530431960374,0.017343321070661367
sub-RID0566,LG02-LG03,temporal_neocortex,W,8,0.9032043870989224,0.38806353619858364,0.03784857902356166,0.013305872261114383,0.008372578520382435,0.0027651955317134296
sub-RID0566,LG03-LG04,temporal_neocortex,W,8,0.8924392248832275,0.3841634403729583,0.037255001372094705,0.019356950697258478,0.01989627561262474,0.007208893435029654
sub-RID0566,LG04-LG05,temporal_neocortex,W,8,0.9003720385758366,0.36316833942087745,0.038722450027953645,0.014585469130223076,0.006637326190051914,0.0013058778900686926
sub-RID0566,LG05-LG06,temporal_neocortex,W,8,0.9215877304040327,0.418244449447257,0.026908822321909158,0.013560104515328669,0.015206941858143646,0.005035216190325929
sub-RID0566,LH04-LH05,temporal_neocortex,W,8,0.27461467692164016,0.18809547474735078,0.29905756111525406,0.16471219870765613,0.039789280621487975,0.007561546566805382
sub-RID0566,LH05-LH06,temporal_neocortex,W,8,0.3737574231172192,0.28407725366816805,0.36381735682638133,0.08311017969278522,0.013624458810357494,0.0011774734509298812
sub-RID0566,LI01-LI02,temporal_neocortex,W,8,0.7618210968367889,0.5424311874020891,0.1523043087871087,0.018163805691484642,0.009201076103983415,0.002593590678101238
sub-RID0566,LI06-LI07,parahippocampal,W,8,0.7145671541237846,0.3811042973922092,0.12261105216491706,0.051225235884556894,0.029509729386315527,0.01013563984437945
sub-RID0566,LI07-LI08,parahippocampal,W,8,0.704903141505797,0.44598764253936446,0.1348707697002618,0.04540055202221395,0.0334472408859122,0.011223206558832568
sub-RID0566,LI11-LI12,temporal_neocortex,W,8,0.5420840613117528,0.3324206318474091,0.18083567633399447,0.09184909920350327,0.06343664831593865,0.018263820489514387
sub-RID0582,LA04-LA05,temporal_neocortex,W,8,0.6327548371983929,0.4614261976605879,0.11592010209020731,0.0488560511231789,0.06396325695991249,0.008849960393660818
sub-RID0582,LA05-LA06,temporal_neocortex,W,8,0.6368311257837398,0.5112978460148261,0.09843539543396682,0.040093766951839,0.11263869031589227,0.006855351466228889
sub-RID0582,LA06-LA07,temporal_neocortex,W,8,0.7673686420956156,0.6109691069281346,0.07561334883195493,0.02677112860879287,0.04485573590443215,0.009376097920688335
sub-RID0582,LA07-LA08,temporal_neocortex,W,8,0.8476176607917832,0.6429093176715659,0.0437896275558798,0.014854679193998925,0.058274174499220864,0.0030709649292715146
sub-RID0582,LA08-LA09,temporal_neocortex,W,8,0.5728114590442598,0.5078439503523275,0.09963104666202144,0.05316764548982866,0.15769130864398306,0.009830772114754863
sub-RID0582,LB01-LB02,hippocampal,W,8,0.4738499803211076,0.3473617383969524,0.2024311433874998,0.07640418801415741,0.07782798521863757,0.03475740239290583
sub-RID0582,LB06-LB07,temporal_neocortex,W,8,0.8363817691803608,0.6126436156877957,0.06199533175377224,0.020200332028877388,0.036143492436685645,0.00486625296707594
sub-RID0582,LB07-LB08,temporal_neocortex,W,8,0.873359566658382,0.6847793585939381,0.051841419631209355,0.011652360984745872,0.023219761965111697,0.0015863964868205937
sub-RID0582,LB08-LB09,temporal_neocortex,W,8,0.7217927582049656,0.4747034339976397,0.10985978632563004,0.03812130813880212,0.04244108057851713,0.0036069967622467036
sub-RID0582,LC01-LC02,hippocampal,W,8,0.5444470626527161,0.3657001407437306,0.20230409387152531,0.05798410285899975,0.058294962325738095,0.027411477768570305
sub-RID0582,LC04-LC05,temporal_neocortex,W,8,0.6314515720113487,0.47230330610424676,0.1062732279796612,0.06751912152466713,0.06985399810405757,0.006857028686066527
sub-RID0582,LC05-LC06,temporal_neocortex,W,8,0.5492024421002483,0.4074109332257496,0.1167652275040284,0.0870652470336507,0.10798005999227114,0.01335657115769475
sub-RID0582,LC07-LC08,temporal_neocortex,W,8,0.7107641798273874,0.5291687568575254,0.09365825490618204,0.04852634664396614,0.0536645473693352,0.003631205829422909
sub-RID0582,LC08-LC09,temporal_neocortex,W,8,0.5932358815982475,0.40726564438666324,0.09461441779801825,0.09732363011308783,0.08832620647399618,0.022011860382992427
sub-RID0582,LD01-LD02,temporal_neocortex,W,8,0.6781951952761083,0.4827490000202842,0.08636549566596254,0.07025962968867636,0.0802648215212061,0.01309155592078421
sub-RID0582,LD02-LD03,temporal_neocortex,W,8,0.796787426924869,0.6200375462569965,0.07335137389122451,0.04202438727615668,0.031719577846856015,0.008910194125814853
sub-RID0582,LD03-LD04,temporal_neocortex,W,8,0.6891584079818979,0.43016388210247203,0.11341289175564227,0.060662092702578906,0.05913627410097566,0.01925089277231149
sub-RID0582,LE01-LE02,temporal_neocortex,W,8,0.7013179548455072,0.5800228142500718,0.10007113142147453,0.02808427190229281,0.08349871619299296,0.003543574112486223
sub-RID0582,LE02-LE03,temporal_neocortex,W,8,0.8761225699702908,0.6606355612474275,0.052704923771350075,0.010131779675725764,0.029572528675956902,0.0024992809955855194
sub-RID0582,LE03-LE04,temporal_neocortex,W,8,0.7963806653265405,0.6085858529599983,0.07785391917105765,0.023995510440486534,0.04553497314404935,0.005983696481698492
sub-RID0582,LE04-LE05,temporal_neocortex,W,8,0.8811972657824398,0.6629708136268156,0.04926332191631468,0.011062622103473729,0.02401580456138362,0.0016043890889043584
sub-RID0582,LE05-LE06,temporal_neocortex,W,8,0.7957891263861245,0.641372223244733,0.06259476627536137,0.022161435013008803,0.046441290871505336,0.0027809009991680124
sub-RID0582,LE06-LE07,temporal_neocortex,W,8,0.8983303485133958,0.6530408318076437,0.037961779867860417,0.01100033147326746,0.018122641877762746,0.002136549900724643
sub-RID0582,LF01-LF02,temporal_neocortex,W,8,0.7471340653295856,0.5476742244737992,0.07855912840171866,0.029037512534581637,0.09263198865345804,0.0062900823477273085
sub-RID0582,LF02-LF03,temporal_neocortex,W,8,0.556491620963343,0.4102004067171531,0.155688271260313,0.05708236539085039,0.08249843277311983,0.0075137702956304345
sub-RID0582,LF03-LF04,temporal_neocortex,W,8,0.7160265210721883,0.5887096516279058,0.09267452864901682,0.03747765305956869,0.07251483045902982,0.004274289542348292
sub-RID0582,LF04-LF05,temporal_neocortex,W,8,0.8296694274664186,0.5532701018318327,0.06060398021688376,0.024884567739927622,0.03171616296554497,0.005643072566478561
sub-RID0582,LF05-LF06,temporal_neocortex,W,8,0.5262057220531664,0.4191021196513558,0.13296130976168785,0.10706587853871051,0.09148961216701434,0.019526683117774356
sub-RID0582,LF06-LF07,temporal_neocortex,W,8,0.6286821057267821,0.5048547736776713,0.13979388740132312,0.07569985225966291,0.03897497843374401,0.0039710692601826695
sub-RID0582,LG02-LG03,temporal_neocortex,W,8,0.7609522381018372,0.6343641149395101,0.09324391713651795,0.02341268015475057,0.022871829746345402,0.0027505550889335264
sub-RID0582,LG03-LG04,temporal_neocortex,W,8,0.8251331422482302,0.6671079519115231,0.06421049030192766,0.01913223282464932,0.024950981867773534,0.004340356034022689
sub-RID0582,RB01-RB02,hippocampal,W,8,0.467839772436951,0.3334017237394713,0.15940217343391094,0.10779913390708949,0.11815176817685144,0.04186075854091137
sub-RID0582,RB06-RB07,temporal_neocortex,W,8,0.5614332725462385,0.370043974585163,0.08836185212703124,0.062070470361884136,0.12551019665858443,0.02448325045114972
sub-RID0582,RB07-RB08,temporal_neocortex,W,8,0.5347298879616047,0.36250696204379007,0.09566406046077926,0.08233771570655024,0.12203549476475918,0.028272917677696102
sub-RID0582,RB08-RB09,temporal_neocortex,W,8,0.5420765095365515,0.35746466321765935,0.09482125137903112,0.0777007978152796,0.11849639582027068,0.021737622958027898
sub-RID0582,RB09-RB10,temporal_neocortex,W,8,0.5189714515589332,0.38407622928053986,0.08721215742824269,0.0645065424473319,0.14255909007112336,0.017086337873098427
sub-RID0582,RC01-RC02,parahippocampal,W,8,0.40166491442186975,0.29554395767047376,0.1294421089376732,0.10725068117811534,0.12571590366345536,0.03516897721325172
sub-RID0582,RC02-RC03,parahippocampal,W,8,0.4152637749643935,0.3028968228685549,0.13546136591724825,0.1313607969823932,0.11289251706214282,0.023211385404220134
sub-RID0582,RC03-RC04,parahippocampal,W,8,0.4251276965851435,0.2991819520592198,0.12137644101652517,0.1332509324495829,0.12933500812633017,0.02953402229500849
sub-RID0582,RC06-RC07,temporal_neocortex,W,8,0.40064734612371256,0.2538680507264164,0.11647482526446082,0.14644693432432493,0.10232801893983479,0.013311502980756347
sub-RID0582,RC07-RC08,temporal_neocortex,W,8,0.5857015234080318,0.43034315713266436,0.10995097012387886,0.0784600578972182,0.07176944695132331,0.010271484969190722
sub-RID0582,RC08-RC09,temporal_neocortex,W,8,0.441164685187879,0.32154940126154885,0.1336115553463761,0.11375163936225613,0.10756935896568268,0.007747532036844222
sub-RID0582,RC09-RC10,temporal_neocortex,W,8,0.2937796981287748,0.17062114757187563,0.10806224918781931,0.1452686380767449,0.1744788206381849,0.03899785480620601
sub-RID0582,LA04-LA05,temporal_neocortex,N2,8,0.8546133609050272,0.4459462833894696,0.07365062186100009,0.016431673364187743,0.015759837898851374,0.007615816547362675
sub-RID0582,LA05-LA06,temporal_neocortex,N2,8,0.551655465026337,0.3851840414150883,0.16833231211956654,0.07057139870077286,0.05720664282757744,0.007548239035294809
sub-RID0582,LA06-LA07,temporal_neocortex,N2,8,0.7338293190098878,0.4374292164121091,0.09196713110392642,0.04567696468010267,0.040131265408080416,0.01076641461525436
sub-RID0582,LA07-LA08,temporal_neocortex,N2,8,0.8148330787302691,0.4770846255924309,0.07859218399146961,0.03111644728422904,0.024999167928330086,0.003519317942466703
sub-RID0582,LA08-LA09,temporal_neocortex,N2,8,0.4171585730078761,0.3186767573814414,0.13903018461700262,0.12458700402151619,0.14625899847430546,0.009928363202481683
sub-RID0582,LB01-LB02,hippocampal,N2,8,0.6764521216721111,0.5044554851676939,0.13857545700329973,0.04512707874446728,0.04716112838988665,0.013257707247307434
sub-RID0582,LB06-LB07,temporal_neocortex,N2,8,0.8098745014892362,0.5530717738861883,0.06488065649151384,0.036823933168895026,0.029362777391386857,0.0059520038982566505
sub-RID0582,LB07-LB08,temporal_neocortex,N2,8,0.8181493696006726,0.4154926904905991,0.08526057392656472,0.026850933601946618,0.015650556184759305,0.0016140205540873414
sub-RID0582,LB08-LB09,temporal_neocortex,N2,8,0.7839685230129376,0.5861693800545744,0.09691061326652874,0.03594639043979915,0.019046642216999057,0.0017670987455218883
sub-RID0582,LC01-LC02,hippocampal,N2,8,0.6715235327391238,0.48729397839827543,0.13039596026565714,0.05864410827676583,0.036936945263763746,0.014071972446335654
sub-RID0582,LC04-LC05,temporal_neocortex,N2,8,0.49437359677451886,0.27270530600647636,0.13310801948302176,0.1213862028836111,0.08091852006458744,0.011459029249018378
sub-RID0582,LC05-LC06,temporal_neocortex,N2,8,0.45645435992421335,0.3168418397136524,0.1313518034719207,0.1338261948944524,0.10942295757873824,0.02014778482984255
sub-RID0582,LC07-LC08,temporal_neocortex,N2,8,0.6875865824158328,0.3446577614321187,0.11298835390820483,0.06127207894468671,0.030038471776523825,0.0031942890760705738
sub-RID0582,LC08-LC09,temporal_neocortex,N2,8,0.617175028040076,0.2725812687842565,0.08547144332848632,0.08948658004576673,0.08142298358237461,0.015521916889490443
sub-RID0582,LD01-LD02,temporal_neocortex,N2,8,0.4174916350052645,0.2758230351874212,0.10063617941753461,0.12787872670141903,0.23676627928185917,0.02478435158504806
sub-RID0582,LD02-LD03,temporal_neocortex,N2,8,0.7348886620015113,0.4695395182593891,0.09348974594267835,0.05351981446621908,0.0517457723978636,0.012399458365820982
sub-RID0582,LD03-LD04,temporal_neocortex,N2,8,0.6515741306166696,0.4209854597441703,0.14903133660821544,0.054359834126349614,0.05801292309230444,0.018239365064489886
sub-RID0582,LE01-LE02,temporal_neocortex,N2,8,0.6088540375629408,0.3660939296838942,0.15810682011933558,0.06650292023589777,0.04526857181811497,0.004477176796878823
sub-RID0582,LE02-LE03,temporal_neocortex,N2,8,0.8215612960172571,0.47373103073374734,0.069259950243728,0.026753276121829175,0.03227651863914971,0.0039921926191450715
sub-RID0582,LE03-LE04,temporal_neocortex,N2,8,0.7482927090431861,0.4586722520627724,0.08674384377826633,0.047789162672703944,0.04096986156114614,0.008469195513576036
sub-RID0582,LE04-LE05,temporal_neocortex,N2,8,0.820627485046139,0.4042041229996651,0.07652122207430476,0.02640701977314713,0.02080342408211165,0.0025413370872678104
sub-RID0582,LE05-LE06,temporal_neocortex,N2,8,0.6925762266188733,0.3736749904366287,0.1195151020522142,0.053238846217530285,0.03137704962833632,0.0037960737920730366
sub-RID0582,LE06-LE07,temporal_neocortex,N2,8,0.8339465663969592,0.4191517388236976,0.06402754137298383,0.028241231595294812,0.025478222942192263,0.005468848846247535
sub-RID0582,LF01-LF02,temporal_neocortex,N2,8,0.7594584839211358,0.3947340104052275,0.07962864492818846,0.05309592266458152,0.039804628104281425,0.005588070796823443
sub-RID0582,LF02-LF03,temporal_neocortex,N2,8,0.576182739923562,0.3797621692465085,0.1491836862746823,0.07697227531989052,0.045607741089103385,0.008331413869928233
sub-RID0582,LF03-LF04,temporal_neocortex,N2,8,0.7064512833240123,0.4154378017697643,0.1125156898819575,0.05907017683742915,0.03282259867319565,0.003556265268352268
sub-RID0582,LF04-LF05,temporal_neocortex,N2,8,0.8426411853259919,0.41548610993216506,0.062115155478816166,0.029327388966541523,0.017373691110620322,0.003919714158042559
sub-RID0582,LF05-LF06,temporal_neocortex,N2,8,0.5043966098788722,0.3025691667459882,0.11858971202718968,0.12017687256459084,0.10266321422737838,0.017209040642724223
sub-RID0582,LF06-LF07,temporal_neocortex,N2,8,0.46479497917991625,0.36909790513334284,0.1711333870721142,0.11027745603664688,0.07899840070428772,0.00965605421092492
sub-RID0582,LG02-LG03,temporal_neocortex,N2,8,0.7118426061907741,0.5347360713934695,0.13725998892897565,0.03377187548510237,0.02182997218154302,0.003029644249627525
sub-RID0582,LG03-LG04,temporal_neocortex,N2,8,0.7426976551099155,0.5005869377282615,0.10153103102479481,0.03704131605868951,0.0336382828848035,0.006146740466980424
sub-RID0582,RB01-RB02,hippocampal,N2,8,0.7744968961770602,0.5668335388696368,0.09663424090955514,0.032307508458768876,0.039079065552781546,0.016147154513888012
sub-RID0582,RB06-RB07,temporal_neocortex,N2,8,0.8023650895550871,0.3794023403018045,0.04152028815479286,0.045801545020504576,0.04429313669823816,0.016249754330178105
sub-RID0582,RB07-RB08,temporal_neocortex,N2,8,0.7001992201570018,0.39935396675036944,0.07526288847479726,0.060259045850222244,0.059049500100718105,0.022396646172703844
sub-RID0582,RB08-RB09,temporal_neocortex,N2,8,0.7421797838668484,0.3768616332110596,0.06270633493871182,0.06008771496020964,0.04787981837053997,0.013133017812880846
sub-RID0582,RB09-RB10,temporal_neocortex,N2,8,0.7215626290696397,0.37093836950100656,0.06104608707913757,0.06627585309298895,0.05998839349441347,0.013257004466357969
sub-RID0582,RC01-RC02,parahippocampal,N2,8,0.7120320212275443,0.48835199366413484,0.09971051346063543,0.054556949697575616,0.049910496102508375,0.015621390419429285
sub-RID0582,RC02-RC03,parahippocampal,N2,8,0.6475255334709636,0.47166026144486906,0.1029294909480499,0.07993722058572868,0.055222071963146366,0.011021629728077426
sub-RID0582,RC03-RC04,parahippocampal,N2,8,0.7363063011887303,0.5225319718512849,0.08909290689352342,0.05431674097851232,0.04330925677969619,0.00956453063141172
sub-RID0582,RC06-RC07,temporal_neocortex,N2,8,0.5446041826076189,0.3137733325766114,0.10679320677501544,0.08982215720554085,0.07912949615194173,0.016214601151110185
sub-RID0582,RC07-RC08,temporal_neocortex,N2,8,0.6816642233542716,0.41882861481578937,0.10074994495551894,0.06255952627207394,0.04930094865266493,0.010368912750047565
sub-RID0582,RC08-RC09,temporal_neocortex,N2,8,0.6575517784417086,0.37627787413242886,0.08033979978433853,0.06569456093625228,0.04925396604108063,0.006231955790684474
sub-RID0582,RC09-RC10,temporal_neocortex,N2,8,0.37084995403477583,0.2743456725242745,0.11638449614355123,0.1405242690042553,0.1508657305302519,0.03548136660029719
sub-RID0582,LA04-LA05,temporal_neocortex,N3,8,0.8914227438341793,0.4002011732332437,0.060242774984027296,0.010276731097303895,0.009645408896714978,0.00422673673049965
sub-RID0582,LA05-LA06,temporal_neocortex,N3,8,0.9177406387148492,0.36598574277757456,0.04781216260655079,0.007239020927612399,0.00606924888570985,0.0018322934246110375
sub-RID0582,LA06-LA07,temporal_neocortex,N3,8,0.9500436807519095,0.2935023393105261,0.027901295923586165,0.004588394829494817,0.004855806386583181,0.0021853747985950784
sub-RID0582,LA07-LA08,temporal_neocortex,N3,8,0.9620864528204116,0.27861283074087273,0.024340684505963446,0.002843987373320181,0.002467863174013466,0.0007204464457928896
sub-RID0582,LA08-LA09,temporal_neocortex,N3,8,0.770544237166167,0.3932413369810262,0.11121988544530917,0.032977707610387014,0.026417701377704463,0.005263843020022222
sub-RID0582,LB01-LB02,hippocampal,N3,8,0.7634691222976029,0.5162959864042989,0.08374288026981963,0.04048832137329715,0.04002095879584461,0.008342420376945507
sub-RID0582,LB06-LB07,temporal_neocortex,N3,8,0.9459988160188599,0.4673837098261032,0.030802471648844996,0.004983443164599507,0.004056506800018823,0.0014893159100588809
sub-RID0582,LB07-LB08,temporal_neocortex,N3,8,0.9684683859693759,0.24608939460099832,0.020574098922200586,0.0026998403309449154,0.0010123533811173754,0.00022713053125384338
sub-RID0582,LB08-LB09,temporal_neocortex,N3,8,0.8999781415340402,0.6358351180859628,0.061824461674801746,0.009740925924581458,0.004407237021233435,0.0008927485837112899
sub-RID0582,LC01-LC02,hippocampal,N3,8,0.747832763735355,0.44452799428623635,0.09884078576504872,0.04267423005795194,0.030111540568574114,0.008992529146236833
sub-RID0582,LC04-LC05,temporal_neocortex,N3,8,0.9265828469970743,0.31186142610638723,0.03940837686749044,0.009735973893405424,0.005171691729958869,0.0016596559608030759
sub-RID0582,LC05-LC06,temporal_neocortex,N3,8,0.8930361253444419,0.420201819033372,0.0515866708527037,0.01600293667706297,0.010671415200582793,0.004097211431800463
sub-RID0582,LC07-LC08,temporal_neocortex,N3,8,0.9547794769387659,0.23605392395462652,0.028063246082508972,0.005102691883669141,0.0016023494116260053,0.0004111024345567312
sub-RID0582,LC08-LC09,temporal_neocortex,N3,8,0.9426857211906444,0.24982701749235875,0.025557507601531127,0.011390144742395053,0.0054144141223361345,0.0019876662369692545
sub-RID0582,LD01-LD02,temporal_neocortex,N3,8,0.8010639302284183,0.4493183953125368,0.08112453645967212,0.02437486920980051,0.04259096263914754,0.01212750123239827
sub-RID0582,LD02-LD03,temporal_neocortex,N3,8,0.8796209045999692,0.4525914673365249,0.06548155525343077,0.010307527477504297,0.016116571551877006,0.004265083514353219
sub-RID0582,LD03-LD04,temporal_neocortex,N3,8,0.7475179293793379,0.4683930859326184,0.14799535231291128,0.021457758018770284,0.022355098542250998,0.008337716130402937
sub-RID0582,LE01-LE02,temporal_neocortex,N3,8,0.9403945669049534,0.28047386777330063,0.037382899890844784,0.004769277302728257,0.0031150770165527075,0.0007983240232108265
sub-RID0582,LE02-LE03,temporal_neocortex,N3,8,0.9641058902658783,0.2995147486454788,0.022031378041968325,0.0026671881068001677,0.002697135563608073,0.0009394681184982359
sub-RID0582,LE03-LE04,temporal_neocortex,N3,8,0.9442666596560796,0.3554503586092277,0.032983095917710946,0.004714813458063549,0.0038423895033975015,0.0015570403977674045
sub-RID0582,LE04-LE05,temporal_neocortex,N3,8,0.9702446092037237,0.2478222237575168,0.01846976626950432,0.0023769571427512985,0.001708713629559282,0.0004996700822454785
sub-RID0582,LE05-LE06,temporal_neocortex,N3,8,0.9495252147276045,0.2473387009714672,0.029984233626209333,0.005297679159367543,0.0026554955362355715,0.0007443794107889728
sub-RID0582,LE06-LE07,temporal_neocortex,N3,8,0.9766448175161367,0.2635958334130486,0.014675920626900043,0.001955645238684949,0.0015257048462491195,0.0006396872816962411
sub-RID0582,LF01-LF02,temporal_neocortex,N3,8,0.9687912253838422,0.33048120649864476,0.01825252390238781,0.0028252587382206745,0.0021741509862491844,0.0006216214937571477
sub-RID0582,LF02-LF03,temporal_neocortex,N3,8,0.9219986418514168,0.4179171937817481,0.04662540033398026,0.007277440393736988,0.0038092544817828746,0.0013491577154146337
sub-RID0582,LF03-LF04,temporal_neocortex,N3,8,0.9514156419993327,0.3087716932936587,0.0300873108033363,0.004343137937721096,0.002316108728853835,0.0005614983163575246
sub-RID0582,LF04-LF05,temporal_neocortex,N3,8,0.9776633615069931,0.30179473651630784,0.013596906837106524,0.0019493202323294409,0.0012152423804312224,0.0004916422766370325
sub-RID0582,LF05-LF06,temporal_neocortex,N3,8,0.8742700163032506,0.39866957686940224,0.05858988453396379,0.02190392992429204,0.012155309239257315,0.0038319419913070644
sub-RID0582,LF06-LF07,temporal_neocortex,N3,8,0.8417873753293863,0.47150501075366735,0.07843635872878203,0.024852002357784037,0.011615718288726788,0.002541452020680627
sub-RID0582,LG02-LG03,temporal_neocortex,N3,8,0.9596437848125998,0.29759929154398235,0.025173163211563737,0.0031920961082565094,0.0017952595088045727,0.0005285541691198168
sub-RID0582,LG03-LG04,temporal_neocortex,N3,8,0.9662662044376376,0.2430993257306955,0.016951919793583948,0.005163420905904168,0.002207650502942097,0.0007166651287254006
sub-RID0582,RB01-RB02,hippocampal,N3,8,0.8663082252609038,0.5833285897640169,0.058522101912896377,0.016385258467632686,0.02106152985181092,0.009670157419044006
sub-RID0582,RB06-RB07,temporal_neocortex,N3,8,0.941071726227132,0.3372459330920385,0.02279082317794249,0.010643445547717926,0.007856363032783014,0.004091413777272885
sub-RID0582,RB07-RB08,temporal_neocortex,N3,8,0.9162062994823699,0.4356614449120293,0.034365735889126676,0.013647528797628499,0.010895558546627462,0.005295290662998513
sub-RID0582,RB08-RB09,temporal_neocortex,N3,8,0.8971600903960357,0.36809700255348743,0.041691274772128334,0.01780763256436766,0.01026720441070058,0.0042752867539167655
sub-RID0582,RB09-RB10,temporal_neocortex,N3,8,0.9220256715696125,0.30020191689596987,0.0267284750996356,0.018366255557529985,0.008308995669659059,0.0025778972350719654
sub-RID0582,RC01-RC02,parahippocampal,N3,8,0.7925016888180662,0.5255458507896724,0.10737120473413037,0.02116816531567765,0.021177492114994013,0.009208155412407912
sub-RID0582,RC02-RC03,parahippocampal,N3,8,0.8252920381390294,0.5112159413341878,0.07927163107158132,0.0275957224897094,0.018836004391856384,0.005688450972571665
sub-RID0582,RC03-RC04,parahippocampal,N3,8,0.8444244393638201,0.5480054389833858,0.07123702368804274,0.02776688968039989,0.013854251277228297,0.0037711953518345994
sub-RID0582,RC06-RC07,temporal_neocortex,N3,8,0.9090656370529162,0.3483252623408125,0.04025966199163779,0.014809966237336842,0.00972151917412032,0.0033035528944157
sub-RID0582,RC07-RC08,temporal_neocortex,N3,8,0.9346928340674014,0.3768567791499162,0.028551120630011577,0.010417999451236538,0.007127256532664297,0.002417745604637459
sub-RID0582,RC08-RC09,temporal_neocortex,N3,8,0.8735309269621059,0.36095026544271036,0.05013419536779137,0.030131161731341137,0.01071680794588293,0.002364504780472037
sub-RID0582,RC09-RC10,temporal_neocortex,N3,8,0.6653980630500818,0.4264082856668575,0.11662055089721003,0.08160970782579388,0.0424905554204186,0.01634861786604219
sub-RID0582,LA04-LA05,temporal_neocortex,R,8,0.8555032829251764,0.5186900761164059,0.07057241937340267,0.0174728505616399,0.016780238784716114,0.008465997171026769
sub-RID0582,LA05-LA06,temporal_neocortex,R,8,0.63683924841753,0.474834285403424,0.10213644868654273,0.06645246422206946,0.09550141375159832,0.01046181586087872
sub-RID0582,LA06-LA07,temporal_neocortex,R,8,0.6703840107350061,0.47175585425126243,0.10176255952149661,0.049927850648153305,0.08922831905512636,0.019634126282353385
sub-RID0582,LA07-LA08,temporal_neocortex,R,8,0.8017198772247168,0.5065245867643934,0.053090595264064795,0.028762386001405103,0.0732350057311181,0.005804716412249477
sub-RID0582,LA08-LA09,temporal_neocortex,R,8,0.39504392347672196,0.3350446237897613,0.1070765022956317,0.1131377973227734,0.2623067901228678,0.016148954088778783
sub-RID0582,LB01-LB02,hippocampal,R,8,0.6014092417250518,0.3941945587082913,0.15980369794466692,0.056499085530175304,0.06332743952380938,0.022678747193763997
sub-RID0582,LB06-LB07,temporal_neocortex,R,8,0.8187310929735809,0.5400036961183717,0.05585383181069435,0.03040545425831569,0.0436213314996098,0.006674986965459154
sub-RID0582,LB07-LB08,temporal_neocortex,R,8,0.8951345779504245,0.5971241792551785,0.04086820425640346,0.013291427949921865,0.02037340640915026,0.0011508033598003555
sub-RID0582,LB08-LB09,temporal_neocortex,R,8,0.8195187165708434,0.5802612601118466,0.07968656154584267,0.029040734233644644,0.02099034984325411,0.0019515247507869277
sub-RID0582,LC01-LC02,hippocampal,R,8,0.6346058519432705,0.35847162042953806,0.1329937216036273,0.0634552238102718,0.0502654288569637,0.022372871579014145
sub-RID0582,LC04-LC05,temporal_neocortex,R,8,0.45765734799378577,0.3069226219854808,0.1176696275125416,0.13471148061096644,0.11215962853098391,0.014904911851704382
sub-RID0582,LC05-LC06,temporal_neocortex,R,8,0.3995336600324254,0.2733798467031122,0.12893426947433007,0.14351183359198405,0.14158068749214228,0.021943544096313484
sub-RID0582,LC07-LC08,temporal_neocortex,R,8,0.7124784489624456,0.5041260688316751,0.09224890505123445,0.05873244825636789,0.04813603449047129,0.004016224128449817
sub-RID0582,LC08-LC09,temporal_neocortex,R,8,0.6544961510873196,0.4001897527055115,0.06440400012716245,0.08874589848083597,0.10138990779120813,0.02029790154965562
sub-RID0582,LD01-LD02,temporal_neocortex,R,8,0.5677122598263501,0.35744556357908897,0.07042397617635641,0.098053213705705,0.17928091249464612,0.020080805870418807
sub-RID0582,LD02-LD03,temporal_neocortex,R,8,0.760017859480959,0.496301151817854,0.07134376435245952,0.05478874918841621,0.056617630152895865,0.013312114345287802
sub-RID0582,LD03-LD04,temporal_neocortex,R,8,0.6958399415317771,0.41631318609110757,0.10765170208024608,0.050747044929100024,0.06691162104788058,0.021806984991000325
sub-RID0582,LE01-LE02,temporal_neocortex,R,8,0.5595641273400194,0.4026220887089863,0.11999244081361957,0.06850559279452813,0.12413949637774152,0.00597455790022831
sub-RID0582,LE02-LE03,temporal_neocortex,R,8,0.7638002434253491,0.5215853734484267,0.07641783373493047,0.03371405167787206,0.07212808629023337,0.006801861235021251
sub-RID0582,LE03-LE04,temporal_neocortex,R,8,0.6892985583650251,0.4551169496762018,0.0963449008579098,0.051031651744472856,0.08375508626656558,0.013706815016843035
sub-RID0582,LE04-LE05,temporal_neocortex,R,8,0.7924469421477176,0.5035499416134142,0.06304675791128422,0.03152728855737699,0.06491565092756058,0.004728985860506702
sub-RID0582,LE05-LE06,temporal_neocortex,R,8,0.662203153805654,0.46603618950850334,0.0914134016981046,0.06629562852702098,0.08648246094351877,0.006430845705704695
sub-RID0582,LE06-LE07,temporal_neocortex,R,8,0.824330104624555,0.5107393723398101,0.06045493048186502,0.028492091393770857,0.04424919805190206,0.007243702944936882
sub-RID0582,LF01-LF02,temporal_neocortex,R,8,0.7547811576803477,0.49156297720072534,0.06723146131938038,0.039854446804513846,0.08239626724015006,0.0065862708797479195
sub-RID0582,LF02-LF03,temporal_neocortex,R,8,0.6281612513281315,0.4256593094302951,0.12126849009488651,0.06251409574014485,0.07476060296017936,0.00951307322768851
sub-RID0582,LF03-LF04,temporal_neocortex,R,8,0.7565892593255836,0.5332732283444388,0.08491660876048036,0.04026721828173821,0.05299711524925198,0.0034409071096924465
sub-RID0582,LF04-LF05,temporal_neocortex,R,8,0.8582917865501516,0.5445887301503372,0.05422281004099018,0.022163774108224336,0.021767354944289594,0.004290564000513801
sub-RID0582,LF05-LF06,temporal_neocortex,R,8,0.4670288876605081,0.36189331300448235,0.11478921979071806,0.1350388771593881,0.1488487104865983,0.024250106642681905
sub-RID0582,LF06-LF07,temporal_neocortex,R,8,0.4360805557841394,0.34728388575088853,0.1639362892319218,0.14712920413892966,0.11094124425380036,0.01271162464507803
sub-RID0582,LG02-LG03,temporal_neocortex,R,8,0.7536317025705408,0.5780129781259533,0.0923128307424977,0.03277535348653844,0.03783090008160343,0.00461677287604122
sub-RID0582,LG03-LG04,temporal_neocortex,R,8,0.7636774627968737,0.5615714800878744,0.08119005224489617,0.0324489306445956,0.047819710341628935,0.01101478692920731
sub-RID0582,RB01-RB02,hippocampal,R,8,0.5806935393445818,0.41455298029035265,0.14230876313603666,0.07258355026542238,0.08905580379528122,0.03697412697287243
sub-RID0582,RB06-RB07,temporal_neocortex,R,8,0.7331026851823246,0.4221892269165165,0.06427931448514533,0.05809070751751832,0.0736578278968596,0.02730001725537149
sub-RID0582,RB07-RB08,temporal_neocortex,R,8,0.702593852915711,0.4435506869951552,0.08671668092375925,0.05838201605204657,0.07382326673568468,0.027291748857690555
sub-RID0582,RB08-RB09,temporal_neocortex,R,8,0.7388073450220062,0.43466185031444604,0.06463421607052572,0.0646797875389013,0.060231473415229095,0.017957681060060945
sub-RID0582,RB09-RB10,temporal_neocortex,R,8,0.6763192958400954,0.45624557238218316,0.08168158697864283,0.0690618694975327,0.0928932672984896,0.022654752580754924
sub-RID0582,RC01-RC02,parahippocampal,R,8,0.5830085112737167,0.42964997458587884,0.11384507094101237,0.08410684209230604,0.10493203417959433,0.04171117085243776
sub-RID0582,RC02-RC03,parahippocampal,R,8,0.49073773364668627,0.36265368053905045,0.11894028633581044,0.1187571916459232,0.13353725648622472,0.03552405845184404
sub-RID0582,RC03-RC04,parahippocampal,R,8,0.5855443627906968,0.41394912168614717,0.12373945689544089,0.09123759246493969,0.09348342329117665,0.02975082843388396
sub-RID0582,RC06-RC07,temporal_neocortex,R,8,0.6083312516829584,0.36928220016450874,0.10107790994477528,0.09682864801678563,0.0948532588720028,0.019226610136253826
sub-RID0582,RC07-RC08,temporal_neocortex,R,8,0.7451794911156183,0.4703172869171006,0.08179108798853617,0.05162020572927018,0.055904744143236915,0.011411421669208834
sub-RID0582,RC08-RC09,temporal_neocortex,R,8,0.7068275421386319,0.4897706576463169,0.09050999985710442,0.05923752822694092,0.07677049442004748,0.009858739826711399
sub-RID0582,RC09-RC10,temporal_neocortex,R,8,0.4238297125195817,0.3147026929004157,0.11859376605154845,0.12909209952241563,0.17889638131724853,0.05494873771423336
sub-RID0583,LA01-LA02,amygdala,W,8,0.6761224090767551,0.5232982120832059,0.18299309844459405,0.024762305702879427,0.029052060912448077,0.022000980559895297
sub-RID0583,LA02-LA03,amygdala,W,8,0.7580287553904356,0.524649136398671,0.10165670609031027,0.026086379820767093,0.03129484882598832,0.025662825210727585
sub-RID0583,LA05-LA06,temporal_neocortex,W,8,0.50070776765526,0.3054532384368405,0.14343126899164466,0.08222316374078531,0.06931766090267812,0.033394617553021845
sub-RID0583,LA06-LA07,temporal_neocortex,W,8,0.4782476301852615,0.32949931067947025,0.14423169889100199,0.08370423277508426,0.07485269472807962,0.021605974825584226
sub-RID0583,LA08-LA09,temporal_neocortex,W,8,0.3960780713168812,0.27217506443977413,0.1548550556210803,0.05847306707598975,0.05316300184820784,0.01974796978270251
sub-RID0583,LA09-LA10,temporal_neocortex,W,8,0.5995954999495445,0.38391296876150927,0.12405346163640149,0.04582090722239823,0.05051276682189966,0.013881949177514317
sub-RID0583,LB07-LB08,temporal_neocortex,W,8,0.5853614661749919,0.3554232412157462,0.12114692582204936,0.03110479674585554,0.0402690845106831,0.01047243472635086
sub-RID0583,LB08-LB09,temporal_neocortex,W,8,0.5584118411285971,0.30213645056080296,0.1382082459856768,0.032770744200504145,0.03133770967686761,0.00571390800251049
sub-RID0583,LB09-LB10,temporal_neocortex,W,8,0.5155145111217473,0.28187884731679147,0.13045747333763918,0.04082000675389112,0.03761029246464039,0.004921606819918437
sub-RID0583,LB10-LB11,temporal_neocortex,W,8,0.40370398469668967,0.1906816556609407,0.13032571611095686,0.08781664057703999,0.12373982105511015,0.05289161352143999
sub-RID0583,LC06-LC07,temporal_neocortex,W,8,0.5333643084034776,0.3054726993192523,0.10967908031959817,0.06923231357960423,0.08322932557263657,0.03577934861016251
sub-RID0583,LC07-LC08,temporal_neocortex,W,8,0.31621820672910245,0.1937506882828076,0.15430918843560215,0.09041537737331469,0.12002807808908028,0.03783684117988691
sub-RID0583,LC08-LC09,temporal_neocortex,W,8,0.37330646185843136,0.21049045822788434,0.13679779278985044,0.05575218846682481,0.051089812383838334,0.006795418136061238
sub-RID0583,LD06-LD07,temporal_neocortex,W,8,0.6228240603004429,0.3607342480033456,0.122181454437327,0.03664674640429453,0.04088735639772618,0.010208368661855028
sub-RID0583,LD07-LD08,temporal_neocortex,W,8,0.5088167834766735,0.3058878438407432,0.13486291551605523,0.039147655720648294,0.027427205336329016,0.007277410765226672
sub-RID0583,LD08-LD09,temporal_neocortex,W,8,0.5341526300299214,0.3318659728793708,0.13900461995316085,0.038901195896402195,0.04305788197914054,0.0152159251188791
sub-RID0583,LD09-LD10,temporal_neocortex,W,8,0.5354743642225337,0.3398745416592862,0.16074042296367674,0.060418484908810126,0.05554820652757614,0.011495374469925011
sub-RID0583,LE03-LE04,temporal_neocortex,W,8,0.5927300603738135,0.41567272572913455,0.11844683245567576,0.1057146603959552,0.03347683889733366,0.005353984818232686
sub-RID0583,LE04-LE05,temporal_neocortex,W,8,0.508470168070071,0.3157626716590321,0.12848321831515883,0.08385253896209771,0.04083745409924573,0.004696307321972201
sub-RID0583,LE05-LE06,temporal_neocortex,W,8,0.4516005250352295,0.2816853325030798,0.12649105851433595,0.10712496221817536,0.1143369521515129,0.05170463870867033
sub-RID0583,LF03-LF04,temporal_neocortex,W,8,0.737774818760633,0.4785219474771183,0.09312277016790088,0.027436230121032613,0.05893828704096288,0.053032959382409636
sub-RID0583,LF04-LF05,temporal_neocortex,W,8,0.6888244992274121,0.5169129297541033,0.110636899059642,0.032731600019740334,0.07614494711407474,0.053033492053813816
sub-RID0583,LF05-LF06,temporal_neocortex,W,8,0.6084064577821318,0.4505012661140265,0.13897165119958643,0.04252125063773214,0.05902522106296325,0.042385942407949545
sub-RID0583,LF06-LF07,temporal_neocortex,W,8,0.45008783482801706,0.3424693105203047,0.1606136218067909,0.07427105058845376,0.1220988051490359,0.08186582190972351
sub-RID0583,LF07-LF08,temporal_neocortex,W,8,0.4832446183414254,0.36204123248180803,0.17446687507110248,0.05452159674766216,0.07573653150849191,0.02908789251930361
sub-RID0583,LF08-LF09,temporal_neocortex,W,8,0.4305401418311122,0.28670345578467704,0.15941593619450034,0.08345214962216418,0.07380241881156749,0.019530077168166786
sub-RID0583,LF09-LF10,temporal_neocortex,W,8,0.3594140973374046,0.25125610132909676,0.20206744953906403,0.08822908790882301,0.11646084785771874,0.024307479299026404
sub-RID0583,LG07-LG08,temporal_neocortex,W,8,0.911025165372147,0.2618576020931799,0.021154009780521604,0.00875615167451906,0.022468404929378377,0.09971021580852826
sub-RID0583,LO01-LO02,temporal_neocortex,W,8,0.614862813319331,0.42716360795692443,0.13363130432237727,0.062295763049047465,0.06743427542113992,0.02573908669692737
sub-RID0583,LO02-LO03,temporal_neocortex,W,8,0.39603483195272565,0.2877887683708856,0.19180580881294182,0.10455525604193075,0.0822632208454066,0.026145849606008846
sub-RID0583,LA01-LA02,amygdala,N2,8,0.6898135170484707,0.5144254317678641,0.1870705221744011,0.026760289407390107,0.016919506298651785,0.01157341116538667
sub-RID0583,LA02-LA03,amygdala,N2,8,0.7979428861072403,0.49349724667603534,0.0994519877749829,0.021278394501805287,0.02173100366747133,0.019296792617636303
sub-RID0583,LA05-LA06,temporal_neocortex,N2,8,0.6673257331377755,0.3983770635858812,0.15302439920273847,0.038139931876577146,0.028881426861927538,0.012572802582225252
sub-RID0583,LA06-LA07,temporal_neocortex,N2,8,0.7730393887600507,0.4847528031176527,0.11480638115788394,0.026789002341293465,0.019657624411993254,0.005739725276271613
sub-RID0583,LA08-LA09,temporal_neocortex,N2,8,0.7062441101124435,0.40494302588099884,0.17417697839915475,0.01814844549574663,0.009120909911370344,0.0015130544059307567
sub-RID0583,LA09-LA10,temporal_neocortex,N2,8,0.8818919658659077,0.4913886117389239,0.06649886375154417,0.010579112275149261,0.009375716947449896,0.002414478106470456
sub-RID0583,LB07-LB08,temporal_neocortex,N2,8,0.8454150550369444,0.466472833641228,0.09310452098930053,0.010962568663669119,0.010267321892837376,0.003213119946151476
sub-RID0583,LB08-LB09,temporal_neocortex,N2,8,0.8093464216862675,0.40411248170410163,0.11977846257945794,0.014678787022293539,0.010006688028458941,0.0027539026757589964
sub-RID0583,LB09-LB10,temporal_neocortex,N2,8,0.7899546939902339,0.3905616728641419,0.12875112813318676,0.017176267073887086,0.007981923750099078,0.0016593388043331836
sub-RID0583,LB10-LB11,temporal_neocortex,N2,8,0.48052676109654113,0.36786142093836205,0.20656958244887785,0.08064566106232754,0.06916548116265571,0.023391426325249588
sub-RID0583,LC06-LC07,temporal_neocortex,N2,8,0.7583539579375108,0.457020896362904,0.11305970689412598,0.03342936154073043,0.02337848112492452,0.008338345346021493
sub-RID0583,LC07-LC08,temporal_neocortex,N2,8,0.603068100310077,0.39509260924621337,0.20520518190881543,0.045662509327111196,0.034376773389655044,0.011274449048781755
sub-RID0583,LC08-LC09,temporal_neocortex,N2,8,0.6706716537176183,0.3650993195060218,0.2063391068435239,0.021901467690939445,0.010446741946547537,0.0015709912970320364
sub-RID0583,LD06-LD07,temporal_neocortex,N2,8,0.7969270778909217,0.4477652457651793,0.12351025757299815,0.014522822800717596,0.009655122900166638,0.002480896478907959
sub-RID0583,LD07-LD08,temporal_neocortex,N2,8,0.7268372054648162,0.4200752109950604,0.16511326155203293,0.019066541898647944,0.008270858560576428,0.002150192196980546
sub-RID0583,LD08-LD09,temporal_neocortex,N2,8,0.8305833160329984,0.38820675788174247,0.09701595639721429,0.016883523951700445,0.010641695040878498,0.0031192159896331383
sub-RID0583,LD09-LD10,temporal_neocortex,N2,8,0.7820969589558002,0.3716227873536576,0.11144314390345829,0.030510441611436432,0.01733754912647936,0.003997898477257903
sub-RID0583,LE03-LE04,temporal_neocortex,N2,8,0.7161773666718919,0.4395768304129146,0.11993482194312682,0.03411153762525759,0.014495456212307205,0.003577146742659106
sub-RID0583,LE04-LE05,temporal_neocortex,N2,8,0.7994090225441068,0.44206434903441905,0.10911156862190835,0.016054152500556414,0.006955475366613062,0.0008755439506027099
sub-RID0583,LE05-LE06,temporal_neocortex,N2,8,0.7683087897606709,0.47339154500461944,0.1024778616695511,0.03419358744936174,0.02435671192228525,0.009509787556981562
sub-RID0583,LF03-LF04,temporal_neocortex,N2,8,0.8577716409052897,0.5771579623504794,0.07683551441487417,0.01057431595435395,0.016251900240710104,0.01298896565034039
sub-RID0583,LF04-LF05,temporal_neocortex,N2,8,0.9073028046547972,0.598165807283241,0.050011049694601614,0.008261639476346968,0.009389396667386442,0.005804592420573027
sub-RID0583,LF05-LF06,temporal_neocortex,N2,8,0.8463285756178425,0.5909685888676042,0.08379679962013624,0.012722187051305133,0.012489151034348653,0.00617356110840539
sub-RID0583,LF06-LF07,temporal_neocortex,N2,8,0.773225033338788,0.5524284917183461,0.11499555820743641,0.025472664493754488,0.02150300641828816,0.007125003369786127
sub-RID0583,LF07-LF08,temporal_neocortex,N2,8,0.8549361997000324,0.5977356860936578,0.08488099137581186,0.010850815940212947,0.006855808394854007,0.0013387322337678324
sub-RID0583,LF08-LF09,temporal_neocortex,N2,8,0.7653499670399105,0.5057989790304441,0.12458719637930736,0.018173216920314598,0.013881977808889091,0.003006765126103574
sub-RID0583,LF09-LF10,temporal_neocortex,N2,8,0.44521200067554156,0.34663165257281997,0.254143700751703,0.07417357997454815,0.04516695066256927,0.009016896616229838
sub-RID0583,LG07-LG08,temporal_neocortex,N2,8,0.945153068957034,0.5771077112947192,0.03673162063680327,0.0020880027787389894,0.0019493990563536762,0.004705450662202081
sub-RID0583,LO01-LO02,temporal_neocortex,N2,8,0.8901277420229754,0.5512560735454202,0.04964184465120558,0.01455290613344621,0.011349027772875345,0.0032118349199568457
sub-RID0583,LO02-LO03,temporal_neocortex,N2,8,0.6792196042417025,0.46030159844827123,0.1284799302391365,0.043254505778734416,0.030819669016460976,0.007994294868923234
sub-RID0583,LA01-LA02,amygdala,N3,8,0.6891839879265322,0.47471772068293994,0.1800870692447082,0.02363349663014626,0.030132613163655505,0.02001094667063617
sub-RID0583,LA02-LA03,amygdala,N3,8,0.8404679281416092,0.5104735704693837,0.09100413305956837,0.012190043522347236,0.01162086023302926,0.008720838313671101
sub-RID0583,LA05-LA06,temporal_neocortex,N3,8,0.9546471543269062,0.38855248299972145,0.028824881694264892,0.002992395662933683,0.0032323063407176285,0.0015874273766779267
sub-RID0583,LA06-LA07,temporal_neocortex,N3,8,0.9701865984410523,0.33410042445704125,0.018242743979810978,0.0020286286328605237,0.002049083702056308,0.0009353855509045812
sub-RID0583,LA08-LA09,temporal_neocortex,N3,8,0.9755973974556322,0.2964675031263405,0.017333894157667774,0.0009629894098852517,0.0007809796019087249,0.00029433611502964447
sub-RID0583,LA09-LA10,temporal_neocortex,N3,8,0.9858878963076187,0.30061153537987956,0.008838203493104737,0.0010171481465996854,0.0008084530121347717,0.00036837546571147567
sub-RID0583,LB07-LB08,temporal_neocortex,N3,8,0.983071159555455,0.26817896910349687,0.011347993255226556,0.0008879589180756689,0.000960003336890078,0.00041933633669870144
sub-RID0583,LB08-LB09,temporal_neocortex,N3,8,0.973960951605366,0.242867839206948,0.019829345052014058,0.0008437101640611936,0.0006324637997937558,0.00030384756830106484
sub-RID0583,LB09-LB10,temporal_neocortex,N3,8,0.9688323792688442,0.2435089031680351,0.02422148060730802,0.0009132396764560795,0.0005560348144439323,0.0002257074611685016
sub-RID0583,LB10-LB11,temporal_neocortex,N3,8,0.8349910464666557,0.480199273402376,0.09350368109783501,0.016027080328404667,0.014251976704044338,0.00831135582615582
sub-RID0583,LC06-LC07,temporal_neocortex,N3,8,0.94690411027028,0.3709876860600152,0.03417078049099991,0.003101756770769999,0.0027650763957934163,0.0016718392770118098
sub-RID0583,LC07-LC08,temporal_neocortex,N3,8,0.9016468440888247,0.4615110741025307,0.06439306049289073,0.00610257150824943,0.005393340134376241,0.003084695719197394
sub-RID0583,LC08-LC09,temporal_neocortex,N3,8,0.9478377492600875,0.26738160980196346,0.04019561465236235,0.0016740601684167972,0.0008980077598271642,0.0003315099234704049
sub-RID0583,LD06-LD07,temporal_neocortex,N3,8,0.9736851756656025,0.2948809265825386,0.01856066425306617,0.0008599918260648139,0.0008576017128562456,0.0003527316026531283
sub-RID0583,LD07-LD08,temporal_neocortex,N3,8,0.9533053877911113,0.300105820653627,0.036598704655780225,0.0010882925224395554,0.0009846867141177177,0.0004464079729907406
sub-RID0583,LD08-LD09,temporal_neocortex,N3,8,0.9683275642472021,0.23282759459311636,0.02237057210951198,0.0014314221671610844,0.0012453604412386663,0.00047573734499985654
sub-RID0583,LD09-LD10,temporal_neocortex,N3,8,0.9172936888268877,0.44901736339394416,0.05120304338364873,0.006973131909355178,0.00416000775305773,0.0013825331099928608
sub-RID0583,LE03-LE04,temporal_neocortex,N3,8,0.9745509653228037,0.36406593102256435,0.016591467630595432,0.001454967161345732,0.001043809336464455,0.0004299626429679815
sub-RID0583,LE04-LE05,temporal_neocortex,N3,8,0.9844463563098913,0.27902679821441456,0.01086972443987409,0.0006220180283959769,0.0004890910264086609,0.00013352323453401013
sub-RID0583,LE05-LE06,temporal_neocortex,N3,8,0.9696307208013353,0.35210188698971345,0.01732899939773557,0.0029027235606627986,0.0025106908554497097,0.0011868656095527057
sub-RID0583,LF03-LF04,temporal_neocortex,N3,8,0.9488359542989304,0.44444971045794845,0.030684284844921812,0.0027836482677114057,0.00403936812580635,0.00431753262027599
sub-RID0583,LF04-LF05,temporal_neocortex,N3,8,0.965190736838035,0.4248920160777358,0.021895916892956217,0.0018186930531799523,0.0024883587302567773,0.0020738299828464736
sub-RID0583,LF05-LF06,temporal_neocortex,N3,8,0.9763130466622052,0.41804342132247185,0.015119064423971876,0.000988720103435016,0.001166756372192489,0.0010168782035786356
sub-RID0583,LF06-LF07,temporal_neocortex,N3,8,0.9612245640117691,0.5033880192452609,0.024664295293273873,0.0022712511040618062,0.0023679327845616167,0.0014109074400813187
sub-RID0583,LF07-LF08,temporal_neocortex,N3,8,0.9789576524715957,0.3963906207231195,0.01428506673219878,0.0008061059083086033,0.0006503924719779613,0.0002754413320821407
sub-RID0583,LF08-LF09,temporal_neocortex,N3,8,0.9666019715504452,0.3960291262300627,0.021451647167204473,0.0021323364153557336,0.0015031537708126035,0.000823860039153312
sub-RID0583,LF09-LF10,temporal_neocortex,N3,8,0.8528673180167716,0.4753361518782663,0.08994742537485387,0.016344199274123644,0.007031737213524783,0.003123883356439842
sub-RID0583,LG07-LG08,temporal_neocortex,N3,8,0.9837158237776933,0.34817481978639137,0.011291527543970201,0.0003957103469756718,0.0004181461847868517,0.0011060924300970434
sub-RID0583,LO01-LO02,temporal_neocortex,N3,8,0.9831840058848078,0.35156226481161745,0.010264704372280171,0.0011170197206657592,0.0009543215588310129,0.00046229248890832837
sub-RID0583,LO02-LO03,temporal_neocortex,N3,8,0.9668364059852674,0.37004528016957294,0.020373976917881807,0.0026335294945338166,0.002338146593484385,0.0011521035561483876
sub-RID0583,LA01-LA02,amygdala,R,8,0.7378077511411896,0.5247393632867043,0.13016639731227936,0.027287173628380103,0.028333839102950526,0.02446508875382518
sub-RID0583,LA02-LA03,amygdala,R,8,0.8076978937473985,0.49175403564082387,0.07282952594646153,0.027006206959180053,0.0331170810283294,0.030149750246499213
sub-RID0583,LA05-LA06,temporal_neocortex,R,8,0.6925243490005026,0.46592301510438877,0.125954575763101,0.04861282263935027,0.04075242469798289,0.017380238067545982
sub-RID0583,LA06-LA07,temporal_neocortex,R,8,0.7811056484340819,0.5005470306909447,0.0986858053959873,0.029801443303410353,0.030061873184595043,0.008658085008428455
sub-RID0583,LA08-LA09,temporal_neocortex,R,8,0.7879895662884414,0.5466671672808195,0.11158284310323294,0.019611224724121953,0.013742567349680634,0.0023522961955608486
sub-RID0583,LA09-LA10,temporal_neocortex,R,8,0.9198343446078582,0.6283798300540452,0.04014407406560082,0.007114116807351443,0.011216855347620553,0.0024689559681596506
sub-RID0583,LB07-LB08,temporal_neocortex,R,8,0.8734407381584615,0.5829156702475485,0.05366367369784569,0.015751633033884126,0.01852033354874256,0.005493759413708683
sub-RID0583,LB08-LB09,temporal_neocortex,R,8,0.7978460287733404,0.5033984596360539,0.07664757857352275,0.026018118598974238,0.04056107638263464,0.008009245625096174
sub-RID0583,LB09-LB10,temporal_neocortex,R,8,0.7800116466957775,0.48539647670740677,0.07971553360030892,0.031883112121164396,0.04693169442079896,0.004628316208523409
sub-RID0583,LB10-LB11,temporal_neocortex,R,8,0.3810233081043819,0.30578313023714987,0.1713417988346676,0.1018138959643829,0.15928841087945037,0.04146498517317534
sub-RID0583,LC06-LC07,temporal_neocortex,R,8,0.7328824974507689,0.49935304375240674,0.09737674455131416,0.03708906675193806,0.06006948678791747,0.01560386963827976
sub-RID0583,LC07-LC08,temporal_neocortex,R,8,0.5934841862732047,0.4328620520088097,0.1572287158206329,0.05935828870854917,0.07677744299606898,0.019178438188214828
sub-RID0583,LC08-LC09,temporal_neocortex,R,8,0.6893695258533876,0.4578033235330796,0.12636120644463608,0.03690537544359395,0.04484851970687197,0.0040302357530004225
sub-RID0583,LD06-LD07,temporal_neocortex,R,8,0.8819672870975952,0.6212197711785984,0.06335036335099098,0.01257945169688902,0.011959254146997039,0.0029667190752766604
sub-RID0583,LD07-LD08,temporal_neocortex,R,8,0.8534300503053367,0.6243080319404111,0.07263775799671263,0.017884244785596304,0.014506729579831599,0.002802061337875126
sub-RID0583,LD08-LD09,temporal_neocortex,R,8,0.8820030095507787,0.6459159673831467,0.05429592962053585,0.015830665349795783,0.016914739402267297,0.0038107768970035544
sub-RID0583,LD09-LD10,temporal_neocortex,R,8,0.7718828376819544,0.6393794482263779,0.10854680199582961,0.03006216575168682,0.029275236872279918,0.006202618154901386
sub-RID0583,LE03-LE04,temporal_neocortex,R,8,0.7423338248464341,0.5448534835392808,0.12061250271376085,0.034277017507668775,0.01652862431605964,0.004429147907582979
sub-RID0583,LE04-LE05,temporal_neocortex,R,8,0.8160128210113115,0.5163942253805555,0.09580947792099773,0.018105245053531872,0.009623201606355143,0.0013119032505936276
sub-RID0583,LE05-LE06,temporal_neocortex,R,8,0.8031541161571958,0.5749298767140001,0.07754327786297645,0.030914350521232575,0.030546946621540835,0.010426795421608211
sub-RID0583,LF03-LF04,temporal_neocortex,R,8,0.8196434609838441,0.5686527062790063,0.10612089076353462,0.012229525054137616,0.018687994401757443,0.014468848536826843
sub-RID0583,LF04-LF05,temporal_neocortex,R,8,0.9295018198643951,0.6538527846023838,0.042832927179645174,0.004569317019059113,0.005739877252251752,0.0035701594578803567
sub-RID0583,LF05-LF06,temporal_neocortex,R,8,0.7876687756643612,0.560697599064425,0.11956532522549573,0.01760895726662271,0.02046603346598462,0.010843536867412247
sub-RID0583,LF06-LF07,temporal_neocortex,R,8,0.7162425679170544,0.5411110475282419,0.12909683200852304,0.03445906030975539,0.042070247904391796,0.01439172295408924
sub-RID0583,LF07-LF08,temporal_neocortex,R,8,0.8441994325151325,0.646726065696137,0.08702607651284477,0.013354431135928782,0.012903365576608764,0.0029429532568335717
sub-RID0583,LF08-LF09,temporal_neocortex,R,8,0.7196371178262746,0.5343040167600159,0.13431182814256876,0.02496629771718059,0.03240093105869297,0.007515295986346038
sub-RID0583,LF09-LF10,temporal_neocortex,R,8,0.41153088238454855,0.3368210681557527,0.22768060003913704,0.07993687058921972,0.13089339159813454,0.02170359591351109
sub-RID0583,LG07-LG08,temporal_neocortex,R,8,0.9634776852492591,0.6888462074651297,0.023061113490911486,0.0012094567469700037,0.0016216261982854707,0.0038680365057097293
sub-RID0583,LO01-LO02,temporal_neocortex,R,8,0.8787395461085037,0.5860866375125382,0.061011975908166836,0.014972509345592007,0.0111975310727636,0.0035945020598521383
sub-RID0583,LO02-LO03,temporal_neocortex,R,8,0.6580898032910537,0.4926301369547914,0.14350775701311397,0.048616976363455015,0.03654268326868204,0.009920899478003615
